1,8944,3221,2,975.84,487.92
2,873,8409,4,13041.76,3260.44
3,648,4924,3,13468.14,4489.38
4,4396,927,1,1310.19,1310.19
5,4031,2858,3,5108.58,1702.86
6,7427,9597,1,1286.16,1286.16
7,543,5042,4,3143.68,785.92
8,7201,9546,4,11447.44,2861.86
9,6207,52,2,658.96,329.48
10,1487,9041,5,7146.95,1429.39
11,5153,8755,3,8586.9,2862.3
12,9453,9329,2,9537.98,4768.99
13,9507,8218,1,4657.27,4657.27
14,2692,73,2,505.28,252.64
15,8381,8513,2,1232.1,616.05
16,1668,3051,3,5352.12,1784.04
17,5889,5510,4,13013.96,3253.49
18,5052,8659,1,4571.54,4571.54
19,7114,7742,3,2540.85,846.95
20,3499,8308,2,2102.16,1051.08
21,7123,2836,2,5019.0,2509.5
22,8648,7069,4,9480.28,2370.07
23,8793,3482,2,354.46,177.23
24,3148,9321,3,7795.86,2598.62
25,8076,3624,4,16078.68,4019.67
26,6282,3846,4,8402.36,2100.59
27,4961,7014,3,817.53,272.51
28,9354,8990,3,4060.47,1353.49
29,2597,8286,4,18931.32,4732.83
30,7465,6225,5,8299.95,1659.99
31,5006,6599,1,659.9,659.9
32,7484,294,3,4634.13,1544.71
33,2370,4111,2,8725.92,4362.96
34,5153,2097,1,4996.61,4996.61
35,6167,3121,3,12808.17,4269.39
36,7728,1869,2,5172.5,2586.25
37,3908,7443,2,5613.1,2806.55
38,9953,512,3,6312.33,2104.11
39,6172,6538,1,2696.07,2696.07
40,5980,4920,1,3759.95,3759.95
41,3309,9814,3,5060.7,1686.9
42,4631,7524,2,9829.02,4914.51
43,1183,4104,3,10047.6,3349.2
44,9531,8582,1,3177.15,3177.15
45,3087,8585,2,8772.08,4386.04
46,6772,1381,4,9879.88,2469.97
47,3214,5114,5,17271.7,3454.34
48,9967,98,1,3506.9,3506.9
49,2949,8035,3,6435.48,2145.16
50,1504,115,5,24681.0,4936.2
51,5047,7576,5,11679.85,2335.97
52,7832,3997,4,4252.16,1063.04
53,6233,2133,2,7780.94,3890.47
54,9312,6591,2,1168.58,584.29
55,6861,9158,5,2818.75,563.75
56,2252,5059,3,5381.01,1793.67
57,9468,7853,3,12841.2,4280.4
58,5253,212,1,4664.39,4664.39
59,6240,5275,3,13625.4,4541.8
60,8160,3285,1,4234.4,4234.4
61,9911,2429,5,5643.75,1128.75
62,3310,5244,1,4856.76,4856.76
63,7634,1011,1,908.89,908.89
64,5769,5563,3,2432.97,810.99
65,4717,2041,3,54.72,18.24
66,1593,1692,3,11312.34,3770.78
67,1027,3351,3,768.93,256.31
68,8349,8970,1,3959.77,3959.77
69,376,7651,5,7253.8,1450.76
70,4013,4861,3,8786.79,2928.93
71,5407,8719,3,1355.01,451.67
72,2986,7795,3,12333.39,4111.13
73,2115,2810,4,3351.92,837.98
74,7458,156,5,22465.15,4493.03
75,7162,669,2,4543.04,2271.52
76,8496,3039,2,7787.8,3893.9
77,43,984,4,9905.72,2476.43
78,2031,4550,5,6679.35,1335.87
79,5156,2515,4,18500.36,4625.09
80,5890,5277,4,2178.76,544.69
81,8090,5047,4,4968.68,1242.17
82,9204,4470,2,86.6,43.3
83,6493,9380,4,5185.08,1296.27
84,1756,4857,2,851.92,425.96
85,1771,6795,3,9427.56,3142.52
86,2133,2911,2,5010.82,2505.41
87,5862,5838,4,12095.88,3023.97
88,2379,9160,3,13291.2,4430.4
89,9755,5541,1,32.62,32.62
90,7996,510,2,4088.24,2044.12
91,7072,3938,5,4363.35,872.67
92,8890,3643,1,325.55,325.55
93,3244,2946,1,811.76,811.76
94,5384,5247,3,3402.84,1134.28
95,6941,2831,3,5122.11,1707.37
96,1917,2840,2,9755.84,4877.92
97,3359,7118,3,4862.4,1620.8
98,7854,4271,4,16225.24,4056.31
99,1727,5859,4,13217.84,3304.46
100,9876,4795,5,16364.65,3272.93
101,3685,760,4,12850.16,3212.54
102,8364,2089,1,4260.8,4260.8
103,7548,1384,2,9928.58,4964.29
104,9584,6191,4,8916.64,2229.16
105,7942,3728,3,12105.12,4035.04
106,6241,565,4,9789.36,2447.34
107,3324,1510,2,5413.26,2706.63
108,6894,7771,1,4329.49,4329.49
109,8067,2907,2,1196.7,598.35
110,485,7730,2,3602.58,1801.29
111,8678,487,5,23330.2,4666.04
112,6624,5137,1,355.62,355.62
113,1839,1694,2,5056.96,2528.48
114,1314,1518,5,13491.9,2698.38
115,7799,7563,1,4497.62,4497.62
116,4991,4460,5,6480.9,1296.18
117,9878,6825,2,633.66,316.83
118,7883,2647,1,1575.29,1575.29
119,8730,3305,5,17906.9,3581.38
120,1007,3569,1,930.44,930.44
121,4178,2777,2,7621.42,3810.71
122,2133,1920,4,19884.0,4971.0
123,8188,8842,2,3715.54,1857.77
124,6991,3528,3,11307.63,3769.21
125,394,5063,2,8061.22,4030.61
126,4599,4787,1,2037.08,2037.08
127,7179,2226,2,6988.9,3494.45
128,3606,4623,1,904.03,904.03
129,7893,3635,1,3397.02,3397.02
130,6186,8002,3,11103.69,3701.23
131,3422,5462,1,4658.75,4658.75
132,2264,481,3,5658.6,1886.2
133,6819,1563,4,1908.16,477.04
134,5106,3840,3,14966.01,4988.67
135,3891,10000,1,670.32,670.32
136,6254,6441,1,788.69,788.69
137,1848,7115,1,4817.73,4817.73
138,996,3702,5,1064.0,212.8
139,2544,3703,3,1031.94,343.98
140,2939,9956,5,18218.5,3643.7
141,2490,9794,1,3940.68,3940.68
142,9955,2764,1,2136.42,2136.42
143,1908,8250,1,4096.34,4096.34
144,279,8923,3,9088.89,3029.63
145,7840,5887,4,913.04,228.26
146,7717,5401,5,17296.2,3459.24
147,7432,3393,4,14497.68,3624.42
148,3328,5119,4,6236.16,1559.04
149,5754,9456,5,19379.45,3875.89
150,5541,7044,5,17718.35,3543.67
151,8862,3166,3,6535.23,2178.41
152,4911,9214,3,8485.11,2828.37
153,9174,4072,4,14175.76,3543.94
154,711,2898,2,3761.78,1880.89
155,1642,5955,2,4030.74,2015.37
156,1942,546,4,17826.0,4456.5
157,6135,5118,1,3837.65,3837.65
158,596,5076,1,1021.94,1021.94
159,34,4172,2,5250.46,2625.23
160,1620,6614,4,4379.12,1094.78
161,9518,2304,2,8093.2,4046.6
162,6521,2122,2,1221.54,610.77
163,1010,2754,3,5435.46,1811.82
164,3213,2745,2,8149.22,4074.61
165,1875,1893,3,14398.98,4799.66
166,774,1095,1,1319.37,1319.37
167,769,121,2,4342.98,2171.49
168,7723,6524,4,15105.04,3776.26
169,1271,6677,1,3499.58,3499.58
170,7378,561,1,3854.03,3854.03
171,7918,1921,4,7436.08,1859.02
172,2083,6454,2,504.76,252.38
173,166,1588,2,4955.68,2477.84
174,4737,6070,5,7841.2,1568.24
175,2058,4566,4,3511.0,877.75
176,4793,6987,3,1631.22,543.74
177,5303,776,3,13839.21,4613.07
178,1012,5314,4,8982.2,2245.55
179,1054,1203,5,16891.95,3378.39
180,7412,4464,3,10974.51,3658.17
181,4331,8302,2,8230.94,4115.47
182,2784,9721,2,3573.64,1786.82
183,2576,2386,3,4875.06,1625.02
184,7603,5612,5,5226.55,1045.31
185,6008,3334,5,17006.1,3401.22
186,2964,2912,4,11479.0,2869.75
187,3731,4035,4,10338.68,2584.67
188,9381,7741,5,14946.3,2989.26
189,8367,4054,3,6439.95,2146.65
190,9583,9738,2,9517.0,4758.5
191,3176,7865,5,7501.4,1500.28
192,3271,2095,2,4667.78,2333.89
193,15,8697,3,12267.72,4089.24
194,2586,4052,1,2881.42,2881.42
195,320,1982,3,4280.1,1426.7
196,2157,1253,4,18237.6,4559.4
197,1703,8821,1,1802.33,1802.33
198,3521,2925,3,6427.44,2142.48
199,4935,9369,5,17734.7,3546.94
200,2566,5474,2,5354.76,2677.38
201,9586,9514,1,1262.53,1262.53
202,1710,8988,3,2768.82,922.94
203,6094,1911,4,11003.32,2750.83
204,9057,1761,5,16693.55,3338.71
205,3563,9735,1,2050.02,2050.02
206,4651,8324,4,6840.8,1710.2
207,105,9283,2,6969.94,3484.97
208,3589,1888,2,5379.48,2689.74
209,429,95,5,10038.75,2007.75
210,8253,5283,3,72.93,24.31
211,6508,2580,2,1941.3,970.65
212,6806,8868,2,4184.9,2092.45
213,9287,7317,4,18728.76,4682.19
214,355,4621,3,14253.33,4751.11
215,1679,583,2,8847.38,4423.69
216,8346,1073,3,1211.16,403.72
217,6448,1480,2,1766.32,883.16
218,7845,7368,4,7450.0,1862.5
219,4399,2932,5,18005.8,3601.16
220,7740,314,2,5680.22,2840.11
221,2308,8892,2,737.68,368.84
222,7927,8970,1,850.12,850.12
223,2264,872,2,5677.52,2838.76
224,9710,5849,1,3230.74,3230.74
225,5719,3286,3,1416.6,472.2
226,131,536,4,18748.72,4687.18
227,7583,6850,2,8791.58,4395.79
228,6197,2426,2,1689.58,844.79
229,471,6362,5,11266.7,2253.34
230,9428,655,4,11570.04,2892.51
231,6036,9597,5,16120.6,3224.12
232,4605,4330,3,6507.6,2169.2
233,813,1719,2,6357.18,3178.59
234,8365,2714,3,12497.64,4165.88
235,9810,2988,1,2807.69,2807.69
236,9037,9839,1,2172.8,2172.8
237,2964,2987,1,4238.36,4238.36
238,3278,5075,3,8378.94,2792.98
239,7343,5197,4,17736.36,4434.09
240,5530,5328,1,1651.62,1651.62
241,6137,9908,1,2323.95,2323.95
242,1991,1220,4,14678.96,3669.74
243,4387,1610,3,9879.63,3293.21
244,3792,6709,5,24276.1,4855.22
245,6090,8952,3,13902.66,4634.22
246,9456,2924,4,4435.48,1108.87
247,5785,8169,5,24674.55,4934.91
248,4429,9543,4,4820.48,1205.12
249,7178,3676,5,23891.8,4778.36
250,3403,184,1,2372.43,2372.43
251,1851,7310,2,1923.5,961.75
252,739,6370,5,14777.2,2955.44
253,1543,6617,3,3864.51,1288.17
254,6987,8676,1,778.12,778.12
255,9216,4555,3,10236.06,3412.02
256,9682,2857,1,3224.21,3224.21
257,7841,9472,1,2283.35,2283.35
258,4508,4955,4,18174.56,4543.64
259,1713,7665,4,8441.2,2110.3
260,9645,1037,2,6160.08,3080.04
261,5126,3183,4,431.36,107.84
262,3988,961,3,14310.81,4770.27
263,1721,5758,5,7473.4,1494.68
264,130,5699,5,1320.85,264.17
265,5396,6354,2,7462.56,3731.28
266,9491,8092,2,4140.5,2070.25
267,7137,3544,3,976.23,325.41
268,5258,4270,3,5505.84,1835.28
269,2415,3230,3,10528.98,3509.66
270,5627,5814,4,1729.08,432.27
271,4005,8318,5,13136.65,2627.33
272,868,9113,4,18582.2,4645.55
273,3011,8894,5,13562.5,2712.5
274,7739,4497,1,2343.66,2343.66
275,7854,1850,5,22301.25,4460.25
276,5683,4062,4,17378.8,4344.7
277,5081,9825,5,6607.95,1321.59
278,6906,9394,4,17123.72,4280.93
279,5422,733,3,2916.84,972.28
280,7076,1085,5,15588.75,3117.75
281,3597,9709,3,8947.8,2982.6
282,3654,4392,4,9616.76,2404.19
283,4186,4708,2,512.24,256.12
284,4751,3805,1,1248.9,1248.9
285,1460,1274,1,3584.28,3584.28
286,1547,6836,3,9136.35,3045.45
287,3640,3901,1,1215.22,1215.22
288,1637,1053,5,2209.75,441.95
289,9308,412,1,2769.02,2769.02
290,2967,9995,2,5771.1,2885.55
291,3987,3490,5,1826.65,365.33
292,2167,7648,5,3731.15,746.23
293,4321,5625,4,10115.24,2528.81
294,2666,3788,4,11752.92,2938.23
295,4325,592,5,13137.1,2627.42
296,9331,232,1,1036.04,1036.04
297,7115,626,5,19440.7,3888.14
298,3411,2270,3,810.0,270.0
299,6530,3005,2,5856.48,2928.24
300,7101,934,3,6907.59,2302.53
301,3330,7856,2,3901.54,1950.77
302,7239,7440,1,4384.23,4384.23
303,6487,9744,1,4755.09,4755.09
304,8738,663,4,18881.04,4720.26
305,3549,759,2,9170.88,4585.44
306,2260,7468,5,14944.45,2988.89
307,8792,5512,2,6209.52,3104.76
308,6753,6566,3,3524.7,1174.9
309,9081,3671,5,15549.15,3109.83
310,3936,3089,4,13853.2,3463.3
311,868,2746,5,9818.35,1963.67
312,9768,9056,1,3092.32,3092.32
313,2709,9827,2,5656.04,2828.02
314,6709,8124,5,6445.5,1289.1
315,6418,995,4,13316.64,3329.16
316,9295,8435,4,11317.12,2829.28
317,2753,3706,5,2655.5,531.1
318,2666,4803,4,18447.72,4611.93
319,6301,8365,4,5148.84,1287.21
320,4227,6846,5,17341.65,3468.33
321,4330,8685,2,6269.66,3134.83
322,3577,9289,3,681.0,227.0
323,6500,6907,4,9685.48,2421.37
324,8870,65,2,3438.72,1719.36
325,46,1958,1,1025.92,1025.92
326,1875,6960,5,23885.65,4777.13
327,3707,9075,2,5859.84,2929.92
328,9205,3128,4,19951.76,4987.94
329,6048,4694,2,8230.7,4115.35
330,9435,7816,4,854.2,213.55
331,6504,501,1,4698.73,4698.73
332,8759,6809,5,13297.8,2659.56
333,5458,4101,2,6373.98,3186.99
334,8487,1205,1,4262.34,4262.34
335,9185,1377,2,3456.4,1728.2
336,130,1128,2,6754.9,3377.45
337,4271,2919,3,7994.01,2664.67
338,3517,5406,5,13554.8,2710.96
339,1698,2906,3,9354.81,3118.27
340,2543,3545,2,835.16,417.58
341,4514,3594,4,5522.24,1380.56
342,4111,688,4,10173.2,2543.3
343,3292,4560,1,2512.81,2512.81
344,2614,3735,5,18070.0,3614.0
345,883,8778,5,21369.0,4273.8
346,9998,4685,2,8923.22,4461.61
347,9952,4225,1,2796.7,2796.7
348,2352,3172,4,2156.52,539.13
349,7220,8086,4,14844.56,3711.14
350,5064,1851,1,2614.66,2614.66
351,3465,7470,3,8604.21,2868.07
352,591,9965,3,5674.05,1891.35
353,6945,2677,4,2001.32,500.33
354,6841,7592,5,11510.15,2302.03
355,291,5977,4,3578.12,894.53
356,6302,4410,2,8891.12,4445.56
357,8913,4002,2,6258.88,3129.44
358,8598,5508,5,5657.0,1131.4
359,9740,2745,5,2122.7,424.54
360,7625,8250,1,1611.65,1611.65
361,5988,72,5,17810.6,3562.12
362,823,890,3,13470.09,4490.03
363,1390,1697,1,3945.26,3945.26
364,8488,7728,3,8186.37,2728.79
365,5546,7613,4,9021.16,2255.29
366,1054,2449,2,522.16,261.08
367,6922,6716,3,11090.67,3696.89
368,162,1103,2,9185.82,4592.91
369,2733,4764,3,8725.41,2908.47
370,118,9917,5,12057.95,2411.59
371,2790,1171,5,7452.9,1490.58
372,3543,2523,3,14166.27,4722.09
373,2990,1207,5,959.7,191.94
374,2201,647,1,4150.37,4150.37
375,9092,3299,4,19583.96,4895.99
376,8772,5003,2,5500.18,2750.09
377,4047,5223,5,6209.35,1241.87
378,6036,1642,1,2246.37,2246.37
379,626,2647,1,4828.84,4828.84
380,905,8736,5,10846.55,2169.31
381,38,9580,2,1925.42,962.71
382,6788,787,1,618.03,618.03
383,4820,1787,3,6182.52,2060.84
384,1330,1003,2,5658.84,2829.42
385,1382,7061,1,3756.28,3756.28
386,9080,8422,5,22435.75,4487.15
387,4024,5144,4,15225.56,3806.39
388,9491,522,2,7866.44,3933.22
389,1264,2778,2,4556.84,2278.42
390,2321,4700,5,21830.75,4366.15
391,2573,2082,3,958.77,319.59
392,5239,5581,3,14914.2,4971.4
393,1859,3382,1,3835.9,3835.9
394,4770,1223,4,19469.44,4867.36
395,8724,2900,3,10872.03,3624.01
396,1200,4432,4,18352.48,4588.12
397,5008,341,3,7583.58,2527.86
398,9628,8641,2,2503.38,1251.69
399,7080,9687,3,3299.73,1099.91
400,9196,911,4,9279.16,2319.79
401,6442,9522,3,7058.37,2352.79
402,5116,4198,5,10892.95,2178.59
403,8867,6796,5,6953.25,1390.65
404,2360,687,1,1155.68,1155.68
405,5588,1055,1,4679.4,4679.4
406,8320,8071,5,4095.8,819.16
407,5118,5826,4,14387.68,3596.92
408,1459,7631,5,21142.9,4228.58
409,3679,3344,1,889.1,889.1
410,5060,286,2,8449.24,4224.62
411,2241,3592,5,7988.75,1597.75
412,3895,2596,2,9403.96,4701.98
413,4269,634,4,9057.08,2264.27
414,7599,4477,1,1416.17,1416.17
415,7509,2869,1,2425.63,2425.63
416,9754,9947,2,8299.28,4149.64
417,6280,247,2,7562.3,3781.15
418,5323,7419,1,900.48,900.48
419,5654,644,2,4679.08,2339.54
420,2609,9614,3,13199.34,4399.78
421,1164,4174,5,17456.8,3491.36
422,7110,3917,1,667.26,667.26
423,526,6163,3,720.24,240.08
424,1215,7074,4,1389.56,347.39
425,6551,2906,1,4756.07,4756.07
426,4568,6771,5,17592.8,3518.56
427,5328,2307,4,13559.2,3389.8
428,4350,3275,4,12486.44,3121.61
429,3262,2612,5,9815.25,1963.05
430,4081,3102,1,4788.02,4788.02
431,8710,8288,4,942.84,235.71
432,477,1053,3,3752.64,1250.88
433,568,8428,2,7057.16,3528.58
434,3546,6643,1,3386.66,3386.66
435,4608,4677,5,3710.0,742.0
436,5745,8655,1,1185.08,1185.08
437,1176,9763,2,4724.66,2362.33
438,3884,5117,4,1560.76,390.19
439,6357,6247,1,2011.87,2011.87
440,5849,5946,5,15544.4,3108.88
441,6354,6329,2,8210.08,4105.04
442,6476,3589,5,9983.4,1996.68
443,6023,4322,3,714.0,238.0
444,8419,5529,4,11793.56,2948.39
445,1760,5033,4,4349.84,1087.46
446,7308,8937,1,3785.7,3785.7
447,7160,1296,2,9704.24,4852.12
448,2748,3578,2,7901.4,3950.7
449,6029,3232,1,4468.31,4468.31
450,7211,6534,1,2739.23,2739.23
451,5068,1546,3,13933.02,4644.34
452,9790,1537,1,4214.12,4214.12
453,246,5828,4,3381.4,845.35
454,6733,2266,5,12816.7,2563.34
455,6551,3490,4,3283.16,820.79
456,3250,9007,5,24933.1,4986.62
457,7069,1882,1,660.63,660.63
458,1317,9588,4,19807.2,4951.8
459,3583,9962,3,11082.03,3694.01
460,9861,4093,4,14720.72,3680.18
461,9940,8130,1,3539.08,3539.08
462,2532,2206,5,10882.05,2176.41
463,6606,1012,3,2869.29,956.43
464,1707,1050,1,826.63,826.63
465,258,471,2,2034.56,1017.28
466,3507,892,1,231.76,231.76
467,456,5480,4,14991.28,3747.82
468,6286,7933,2,971.14,485.57
469,2289,3643,1,4750.45,4750.45
470,6150,633,4,17729.28,4432.32
471,8956,8218,4,7778.96,1944.74
472,33,7829,4,10540.24,2635.06
473,2486,4418,4,15122.72,3780.68
474,4527,5689,5,22971.05,4594.21
475,7405,8792,1,3117.62,3117.62
476,3354,9115,4,3323.68,830.92
477,4325,2947,2,9932.26,4966.13
478,6151,1556,3,5608.53,1869.51
479,1108,6880,4,3783.6,945.9
480,6558,1092,3,2397.54,799.18
481,4778,837,3,11170.59,3723.53
482,5560,250,3,9592.62,3197.54
483,44,2534,5,9327.55,1865.51
484,4056,3012,4,436.2,109.05
485,9865,2067,2,2137.06,1068.53
486,2343,4317,3,12570.06,4190.02
487,8645,9924,3,1559.67,519.89
488,3614,5342,3,2214.78,738.26
489,2252,5061,3,13919.88,4639.96
490,1842,7219,2,2766.8,1383.4
491,4239,8327,1,1394.2,1394.2
492,7463,3684,2,2191.16,1095.58
493,1230,7647,5,6481.95,1296.39
494,128,7040,3,13169.82,4389.94
495,7655,9141,4,19196.52,4799.13
496,7772,7163,1,3988.95,3988.95
497,9488,3601,1,1438.63,1438.63
498,6582,6877,1,4555.32,4555.32
499,953,1199,1,379.45,379.45
500,3319,8324,5,17502.5,3500.5
501,5296,3481,3,6808.44,2269.48
502,9464,5040,1,3226.08,3226.08
503,5023,3616,2,2981.4,1490.7
504,8796,9959,2,845.18,422.59
505,2517,7402,4,8031.2,2007.8
506,309,4459,2,5330.72,2665.36
507,6728,8795,5,16559.55,3311.91
508,9007,3355,2,3482.38,1741.19
509,3309,9282,1,3944.12,3944.12
510,6329,2831,3,9436.95,3145.65
511,3302,4019,1,1782.34,1782.34
512,43,4216,1,2932.84,2932.84
513,4182,6548,1,3876.34,3876.34
514,9799,2410,3,2400.78,800.26
515,1672,3027,1,656.57,656.57
516,7043,5214,2,2309.04,1154.52
517,8516,2849,5,14885.45,2977.09
518,204,2143,2,5903.86,2951.93
519,5930,2161,2,9130.74,4565.37
520,6866,1336,1,4527.93,4527.93
521,3921,38,3,14908.17,4969.39
522,983,8219,3,7888.44,2629.48
523,2537,688,5,16158.4,3231.68
524,5294,4093,4,15388.76,3847.19
525,3106,2557,4,8203.04,2050.76
526,2890,10000,4,5478.92,1369.73
527,4164,7177,5,17677.95,3535.59
528,6317,6389,3,3793.02,1264.34
529,9746,8256,3,13629.09,4543.03
530,3514,4887,1,724.88,724.88
531,1923,9935,3,5305.17,1768.39
532,6708,27,3,6746.88,2248.96
533,1679,8333,4,13489.88,3372.47
534,6839,7163,2,9019.38,4509.69
535,5803,4593,2,8716.96,4358.48
536,7353,6992,5,15045.45,3009.09
537,9270,1308,4,5245.32,1311.33
538,7879,1478,4,7027.48,1756.87
539,3349,6163,4,11962.52,2990.63
540,1000,7305,4,10169.6,2542.4
541,20,1960,4,3885.88,971.47
542,2526,6232,3,13079.13,4359.71
543,9622,2814,2,273.42,136.71
544,7114,2594,2,5011.56,2505.78
545,583,2684,4,5173.28,1293.32
546,8208,7628,3,3171.33,1057.11
547,2409,7756,2,3638.44,1819.22
548,3561,622,2,5614.68,2807.34
549,4713,4421,4,9023.56,2255.89
550,2253,1489,3,14403.45,4801.15
551,8838,5501,5,8450.75,1690.15
552,2736,1007,3,7953.06,2651.02
553,6652,1948,2,6162.4,3081.2
554,9951,4883,4,12164.64,3041.16
555,1472,8694,3,6002.67,2000.89
556,2939,2308,4,3450.36,862.59
557,7231,5648,2,9588.46,4794.23
558,3517,767,1,211.97,211.97
559,8460,6363,3,1593.21,531.07
560,6024,8127,2,2330.3,1165.15
561,659,4306,3,12408.54,4136.18
562,8648,3504,4,10882.0,2720.5
563,9953,4656,3,2193.0,731.0
564,5964,2813,4,5999.44,1499.86
565,9709,4167,2,495.64,247.82
566,6710,2680,2,1973.66,986.83
567,5075,8820,3,7838.34,2612.78
568,5710,7050,4,8136.88,2034.22
569,3116,1041,1,2900.71,2900.71
570,8426,7284,2,6315.62,3157.81
571,4710,6712,4,9358.0,2339.5
572,4575,292,4,5033.16,1258.29
573,1304,1984,5,18238.1,3647.62
574,7097,3774,5,13717.7,2743.54
575,5742,2495,2,6353.04,3176.52
576,310,3700,4,10437.8,2609.45
577,4890,2337,2,4625.38,2312.69
578,9433,2649,1,1414.43,1414.43
579,2199,9613,4,14178.32,3544.58
580,1693,5986,5,24382.35,4876.47
581,8608,570,5,7977.65,1595.53
582,8417,8550,1,2665.1,2665.1
583,7,8964,3,3864.48,1288.16
584,516,5564,3,14371.77,4790.59
585,6793,237,1,1193.6,1193.6
586,649,4684,2,9430.68,4715.34
587,3031,9541,2,3205.88,1602.94
588,6102,2204,4,19657.96,4914.49
589,6760,3866,3,8586.69,2862.23
590,9546,8835,5,7119.45,1423.89
591,1463,1091,2,4038.84,2019.42
592,6375,3784,2,9654.74,4827.37
593,4570,6109,1,4253.35,4253.35
594,3223,5268,2,7077.94,3538.97
595,7717,7817,5,18069.55,3613.91
596,5839,1580,1,4059.74,4059.74
597,8075,9094,2,406.48,203.24
598,3677,5032,1,3324.72,3324.72
599,2061,3095,2,7367.02,3683.51
600,5500,6144,2,7710.38,3855.19
601,1559,2565,4,19099.2,4774.8
602,2145,820,4,4299.36,1074.84
603,4841,8373,3,12009.51,4003.17
604,3957,2178,1,1147.61,1147.61
605,5241,7005,1,2084.14,2084.14
606,3102,7261,4,248.2,62.05
607,6191,9325,5,4437.45,887.49
608,8709,7098,1,2784.65,2784.65
609,4829,7506,2,5115.38,2557.69
610,2059,3298,2,2953.4,1476.7
611,366,8928,1,2496.74,2496.74
612,4399,424,3,8465.43,2821.81
613,1263,9989,5,2455.6,491.12
614,4446,5511,1,3399.19,3399.19
615,2817,6156,5,9790.15,1958.03
616,201,8911,1,3566.6,3566.6
617,1059,7425,5,16660.4,3332.08
618,3028,701,5,8486.8,1697.36
619,5984,3465,3,9341.85,3113.95
620,4840,8328,3,8672.1,2890.7
621,4118,6955,2,7411.18,3705.59
622,4947,4529,1,3109.3,3109.3
623,1959,5011,2,5420.64,2710.32
624,351,2252,4,5305.32,1326.33
625,6210,5061,3,13499.79,4499.93
626,6425,5113,4,8922.68,2230.67
627,9465,6235,5,20278.75,4055.75
628,507,9576,1,4053.03,4053.03
629,1781,964,2,3347.18,1673.59
630,4908,1170,4,1400.92,350.23
631,4801,4528,1,3672.26,3672.26
632,5497,5399,1,4791.22,4791.22
633,7704,4542,3,14116.56,4705.52
634,896,6185,3,5221.26,1740.42
635,7771,8630,3,485.43,161.81
636,8882,7393,5,19796.3,3959.26
637,5526,7995,2,7987.22,3993.61
638,2434,4178,5,8344.35,1668.87
639,7616,1986,1,25.22,25.22
640,3627,475,4,5141.16,1285.29
641,7962,7821,3,4635.36,1545.12
642,2647,4058,2,1378.02,689.01
643,8667,8627,1,2190.94,2190.94
644,6980,9603,5,13584.6,2716.92
645,2294,7539,3,8257.23,2752.41
646,2884,7637,1,3862.5,3862.5
647,8649,9745,4,286.8,71.7
648,5405,5193,3,14417.01,4805.67
649,5688,4606,1,3571.35,3571.35
650,3622,3706,2,2178.84,1089.42
651,9682,1737,1,1475.95,1475.95
652,7864,5218,4,1343.24,335.81
653,581,4726,3,5675.22,1891.74
654,893,457,3,3755.16,1251.72
655,7359,8665,1,4175.17,4175.17
656,2638,330,2,7160.88,3580.44
657,7817,8202,4,3790.6,947.65
658,4757,6756,3,577.95,192.65
659,5147,8783,5,13246.15,2649.23
660,1820,3107,4,5659.28,1414.82
661,7534,1490,4,6320.28,1580.07
662,7617,5477,1,2480.09,2480.09
663,7575,6710,4,7625.2,1906.3
664,2864,9958,3,5810.25,1936.75
665,1758,8859,4,3028.36,757.09
666,627,5107,4,16049.08,4012.27
667,2087,1053,3,14555.97,4851.99
668,5919,6876,4,18028.52,4507.13
669,3686,4503,1,3148.89,3148.89
670,4817,3490,3,609.15,203.05
671,3227,5785,2,6422.68,3211.34
672,8560,2925,1,1055.39,1055.39
673,2183,7436,1,3528.9,3528.9
674,2686,6616,4,12556.88,3139.22
675,408,3807,2,4864.58,2432.29
676,805,2040,1,2147.35,2147.35
677,7423,1379,4,8468.52,2117.13
678,1635,2343,5,19253.45,3850.69
679,7064,7585,5,18443.55,3688.71
680,6525,9420,4,19750.32,4937.58
681,9273,9762,3,9590.13,3196.71
682,9854,7550,1,4767.47,4767.47
683,1629,4969,5,10194.85,2038.97
684,3780,1490,4,8328.92,2082.23
685,9081,7888,3,10662.24,3554.08
686,4317,7179,4,3348.6,837.15
687,8236,8037,3,11518.47,3839.49
688,524,2310,4,1195.56,298.89
689,9302,2004,2,1933.26,966.63
690,3965,3422,1,1394.71,1394.71
691,8626,2315,2,8800.86,4400.43
692,6240,8193,3,12554.97,4184.99
693,1288,3057,2,7468.54,3734.27
694,2826,6300,5,21466.35,4293.27
695,1563,5555,2,929.72,464.86
696,5062,4811,4,7361.68,1840.42
697,4943,9382,2,2325.02,1162.51
698,2418,5577,5,12411.5,2482.3
699,9584,247,2,2075.66,1037.83
700,8692,3153,3,5003.82,1667.94
701,4752,3677,5,24235.15,4847.03
702,9169,3862,2,4648.44,2324.22
703,494,7267,2,7532.74,3766.37
704,8084,2753,4,12401.96,3100.49
705,7302,5586,5,7712.95,1542.59
706,9160,2900,1,4419.55,4419.55
707,6622,2275,1,4610.69,4610.69
708,1852,6515,3,11226.99,3742.33
709,7878,1167,2,9815.7,4907.85
710,196,8664,3,6017.31,2005.77
711,9751,3610,5,3056.45,611.29
712,1545,5493,3,4812.78,1604.26
713,3227,7304,2,9076.18,4538.09
714,2359,9502,5,17731.5,3546.3
715,6846,700,5,3198.7,639.74
716,859,7465,3,11084.1,3694.7
717,1984,6571,5,913.65,182.73
718,4033,7328,3,7535.1,2511.7
719,7171,191,4,11151.76,2787.94
720,5813,1290,1,2395.26,2395.26
721,3764,7936,1,3125.43,3125.43
722,5788,7946,1,1251.56,1251.56
723,8772,4823,2,8363.64,4181.82
724,4334,4904,5,7702.1,1540.42
725,9775,9095,1,1044.07,1044.07
726,8265,1643,2,9707.04,4853.52
727,9969,9117,5,960.5,192.1
728,3074,5912,5,7323.65,1464.73
729,4453,5735,1,4937.73,4937.73
730,7310,581,5,18159.7,3631.94
731,1013,3073,1,2690.51,2690.51
732,4606,5332,4,16333.92,4083.48
733,8898,7273,5,11374.55,2274.91
734,4067,7840,4,16307.08,4076.77
735,3751,3037,4,11419.08,2854.77
736,8654,1083,2,1455.46,727.73
737,764,8658,1,1026.99,1026.99
738,7940,7663,1,4170.25,4170.25
739,3656,6900,2,7891.76,3945.88
740,4421,6393,5,17717.05,3543.41
741,4403,7675,3,7134.39,2378.13
742,5589,4500,4,3814.88,953.72
743,8890,8106,4,13302.24,3325.56
744,9047,912,4,2880.28,720.07
745,9681,195,5,19184.0,3836.8
746,8885,6637,1,3717.09,3717.09
747,8666,4425,5,14253.4,2850.68
748,5397,6727,2,3603.2,1801.6
749,7944,7493,3,10176.15,3392.05
750,2559,750,1,775.79,775.79
751,3313,1564,1,569.89,569.89
752,3721,6917,4,6933.52,1733.38
753,2600,2098,2,5660.78,2830.39
754,371,4219,1,2494.29,2494.29
755,3560,1992,4,17380.76,4345.19
756,4601,3113,3,1627.05,542.35
757,3257,9567,1,346.49,346.49
758,9550,1954,2,372.8,186.4
759,1583,8772,3,6377.67,2125.89
760,3610,3630,2,4782.1,2391.05
761,4555,2332,1,4027.89,4027.89
762,7747,7837,5,11825.7,2365.14
763,8773,9835,3,1468.59,489.53
764,4393,6161,1,3990.25,3990.25
765,951,327,4,4186.64,1046.66
766,7538,5150,2,1796.36,898.18
767,526,7899,3,3257.73,1085.91
768,9982,9006,1,2424.32,2424.32
769,7763,261,4,18787.12,4696.78
770,6668,4480,1,3644.28,3644.28
771,7581,5005,5,16366.55,3273.31
772,6370,145,5,4174.25,834.85
773,3447,7262,4,1435.84,358.96
774,3487,1560,1,398.42,398.42
775,277,4765,4,11375.16,2843.79
776,3255,7314,5,12669.65,2533.93
777,3057,9034,5,19511.8,3902.36
778,4855,5410,5,17097.0,3419.4
779,7270,7802,2,3803.84,1901.92
780,4124,271,2,7346.96,3673.48
781,7206,6484,3,10860.54,3620.18
782,3012,7910,5,3387.05,677.41
783,4155,7025,4,7156.24,1789.06
784,8284,4335,1,2216.83,2216.83
785,2909,1177,2,261.48,130.74
786,6326,363,4,12765.4,3191.35
787,2011,8385,2,2340.62,1170.31
788,7662,152,4,6728.32,1682.08
789,8685,3282,1,2848.69,2848.69
790,2983,8189,4,18209.96,4552.49
791,37,6581,2,9613.78,4806.89
792,4069,8049,5,17652.7,3530.54
793,8011,6130,3,12832.44,4277.48
794,5991,6066,2,5692.1,2846.05
795,6826,885,5,11528.0,2305.6
796,4184,8537,3,13071.09,4357.03
797,4289,150,2,2238.06,1119.03
798,3157,9316,3,6970.41,2323.47
799,5231,5456,2,3788.5,1894.25
800,3924,3921,3,1268.04,422.68
801,614,9083,5,5971.15,1194.23
802,802,510,2,3419.2,1709.6
803,7439,1822,4,8152.44,2038.11
804,1729,1568,3,9670.38,3223.46
805,7336,4825,3,8000.49,2666.83
806,4294,8674,2,149.92,74.96
807,1107,6728,5,10811.25,2162.25
808,6735,2947,1,1385.06,1385.06
809,5224,504,4,7858.12,1964.53
810,3423,806,2,5505.1,2752.55
811,7641,7928,5,19960.8,3992.16
812,937,4909,4,295.76,73.94
813,9439,3828,4,12427.6,3106.9
814,7101,6350,1,3391.49,3391.49
815,6762,845,4,8644.2,2161.05
816,9225,187,5,19032.6,3806.52
817,8439,3667,1,1624.41,1624.41
818,4504,8329,4,8149.48,2037.37
819,6367,3576,3,8485.14,2828.38
820,6195,3628,1,439.87,439.87
821,8023,3150,1,1923.81,1923.81
822,2222,9598,5,18099.15,3619.83
823,1571,9182,4,6262.36,1565.59
824,5306,1253,2,7930.96,3965.48
825,5265,2654,1,1422.0,1422.0
826,7315,914,2,7434.84,3717.42
827,7860,9153,3,2156.91,718.97
828,8190,91,3,14907.96,4969.32
829,7874,3268,3,8972.7,2990.9
830,183,7034,5,20842.9,4168.58
831,6280,1821,3,1465.26,488.42
832,3134,2449,4,10354.24,2588.56
833,2374,331,2,3340.08,1670.04
834,9629,6137,5,4189.95,837.99
835,7033,6959,1,3233.05,3233.05
836,6608,2316,1,3508.04,3508.04
837,5527,6714,1,3869.68,3869.68
838,3505,9994,5,9105.75,1821.15
839,2242,6454,4,1260.6,315.15
840,9812,856,2,9957.08,4978.54
841,6324,2865,4,12399.24,3099.81
842,1998,156,5,19442.1,3888.42
843,3975,9101,4,1002.4,250.6
844,1464,6889,2,5204.24,2602.12
845,9345,9227,3,8835.72,2945.24
846,235,8633,5,14441.9,2888.38
847,2060,5013,5,9049.9,1809.98
848,2888,9177,5,19992.4,3998.48
849,7067,728,4,16271.76,4067.94
850,6983,3159,5,21712.55,4342.51
851,2333,3984,1,622.58,622.58
852,9330,5391,5,22712.55,4542.51
853,4910,145,1,83.48,83.48
854,2642,602,3,3775.02,1258.34
855,3551,4231,1,4271.15,4271.15
856,5656,1788,3,3853.95,1284.65
857,9783,9404,3,1200.69,400.23
858,8583,7098,2,1006.9,503.45
859,4901,2136,4,5399.24,1349.81
860,9856,7589,4,11852.12,2963.03
861,6910,326,4,16433.2,4108.3
862,2962,9824,4,14372.56,3593.14
863,1529,6544,1,4850.51,4850.51
864,2319,2519,4,246.84,61.71
865,1127,2833,2,4169.68,2084.84
866,1109,3093,4,2415.96,603.99
867,9080,1895,4,5898.56,1474.64
868,4576,962,3,10522.23,3507.41
869,4167,6297,5,10043.4,2008.68
870,7415,5055,5,22310.3,4462.06
871,9946,904,3,4937.91,1645.97
872,9132,1644,1,1697.42,1697.42
873,5844,3944,4,4456.48,1114.12
874,911,1954,2,4839.28,2419.64
875,6844,8653,4,11172.44,2793.11
876,570,723,1,464.06,464.06
877,2417,2377,3,9364.14,3121.38
878,7241,2493,5,24935.9,4987.18
879,8524,8003,4,18700.12,4675.03
880,2105,2983,3,12371.7,4123.9
881,9530,1112,3,9670.83,3223.61
882,6793,9709,2,2991.58,1495.79
883,5276,4796,3,3621.69,1207.23
884,6226,89,3,2550.93,850.31
885,8351,3841,3,13149.87,4383.29
886,1760,36,4,11603.52,2900.88
887,5090,3808,4,9038.76,2259.69
888,4158,1855,5,7498.5,1499.7
889,8469,9849,2,6201.76,3100.88
890,8378,2052,5,8940.55,1788.11
891,554,3396,2,9151.88,4575.94
892,770,123,5,15176.55,3035.31
893,3927,1129,1,1099.28,1099.28
894,4991,2942,2,8436.68,4218.34
895,7464,2522,1,3161.08,3161.08
896,3122,6689,1,3669.56,3669.56
897,2246,3895,1,3097.97,3097.97
898,6750,2581,3,13988.07,4662.69
899,8520,2544,5,10209.85,2041.97
900,7500,5165,4,19790.08,4947.52
901,2618,6803,5,13083.35,2616.67
902,1408,3658,5,23150.35,4630.07
903,2881,9392,1,823.91,823.91
904,8623,1539,1,1245.64,1245.64
905,6552,5066,2,5652.72,2826.36
906,4220,1999,5,16950.5,3390.1
907,6584,7979,1,3296.8,3296.8
908,593,2306,3,5813.52,1937.84
909,8939,3241,3,2036.7,678.9
910,3879,2561,2,9769.24,4884.62
911,7451,7226,3,9300.78,3100.26
912,7119,5504,3,13543.32,4514.44
913,1274,5403,4,14084.64,3521.16
914,228,7858,5,20325.6,4065.12
915,6802,7635,5,19757.4,3951.48
916,1746,4756,1,3425.37,3425.37
917,4936,7027,2,2813.34,1406.67
918,3296,5763,5,7393.4,1478.68
919,4655,7074,5,7382.9,1476.58
920,2970,5735,5,11679.65,2335.93
921,1035,1880,4,18907.04,4726.76
922,236,4011,1,4466.99,4466.99
923,3006,9560,1,3665.27,3665.27
924,7366,8307,2,6626.38,3313.19
925,6371,6498,5,17375.75,3475.15
926,5183,1557,3,934.26,311.42
927,631,6982,5,8574.75,1714.95
928,9375,3276,2,3322.64,1661.32
929,5225,4495,4,3479.24,869.81
930,3227,750,5,20511.9,4102.38
931,2831,4534,1,3781.06,3781.06
932,7984,3343,2,3913.0,1956.5
933,8523,7083,4,17291.36,4322.84
934,9904,4462,5,1578.25,315.65
935,5510,4880,5,3844.35,768.87
936,9984,9058,1,4610.86,4610.86
937,7796,3262,4,10120.36,2530.09
938,1269,6460,5,5721.2,1144.24
939,8348,9411,4,14091.24,3522.81
940,6665,2131,1,3317.6,3317.6
941,4517,1379,1,1918.74,1918.74
942,409,9508,5,2806.7,561.34
943,780,4743,4,2961.6,740.4
944,4755,5857,3,7963.53,2654.51
945,9569,6709,1,3770.34,3770.34
946,6853,7591,2,5404.44,2702.22
947,1986,9025,3,10595.22,3531.74
948,9098,182,3,2871.12,957.04
949,4190,5361,1,2854.32,2854.32
950,8457,8442,1,2203.4,2203.4
951,9943,8036,5,14220.65,2844.13
952,3594,9243,3,13807.29,4602.43
953,7212,9,2,7142.46,3571.23
954,3792,3236,4,10818.72,2704.68
955,9174,9216,4,1431.48,357.87
956,5484,1611,1,3188.64,3188.64
957,4106,3737,1,2057.21,2057.21
958,6493,3772,2,3336.34,1668.17
959,7290,1738,2,4443.58,2221.79
960,4565,1257,3,3432.96,1144.32
961,5763,3677,4,6009.4,1502.35
962,1426,5090,3,3168.54,1056.18
963,7543,8527,4,19209.88,4802.47
964,549,6991,4,14214.56,3553.64
965,6949,2858,1,4269.45,4269.45
966,7022,8116,4,10599.44,2649.86
967,36,6949,3,10694.58,3564.86
968,1539,1070,5,16132.3,3226.46
969,9285,3396,3,5675.91,1891.97
970,4500,7414,4,2784.04,696.01
971,3446,8443,5,13134.55,2626.91
972,4842,8648,5,18106.55,3621.31
973,4758,3818,4,9073.76,2268.44
974,5074,4256,1,4120.36,4120.36
975,4547,1484,4,18902.44,4725.61
976,674,4164,5,9420.45,1884.09
977,3222,1832,5,5561.45,1112.29
978,8343,7231,2,5058.76,2529.38
979,3855,6534,1,2730.95,2730.95
980,9942,8898,3,4437.72,1479.24
981,1961,4784,4,8586.84,2146.71
982,6145,269,4,13131.56,3282.89
983,8146,3320,3,5711.19,1903.73
984,1357,2019,5,17345.25,3469.05
985,7220,3277,4,16326.52,4081.63
986,7688,5260,5,699.1,139.82
987,9897,6823,5,8941.45,1788.29
988,9550,9835,5,5539.4,1107.88
989,553,7466,1,2513.7,2513.7
990,972,4547,4,2109.36,527.34
991,4639,2372,3,12968.22,4322.74
992,2097,1994,1,878.76,878.76
993,8829,8873,4,5330.68,1332.67
994,2959,3567,1,3253.94,3253.94
995,3617,8002,3,11490.12,3830.04
996,7468,8569,3,1378.14,459.38
997,6025,3779,2,4493.32,2246.66
998,5090,8160,3,858.42,286.14
999,3642,4819,2,7118.3,3559.15
1000,8163,3379,4,9481.8,2370.45
1001,4352,6211,2,6704.24,3352.12
1002,3148,8087,3,13779.66,4593.22
1003,7572,7629,1,3114.5,3114.5
1004,8764,8346,1,2286.72,2286.72
1005,1588,8788,3,14095.95,4698.65
1006,2302,4168,2,2313.3,1156.65
1007,5669,8282,5,15984.2,3196.84
1008,5231,937,4,16783.16,4195.79
1009,5594,3379,4,11884.12,2971.03
1010,4949,8033,3,14157.12,4719.04
1011,9171,2295,5,5144.5,1028.9
1012,436,3807,1,1663.59,1663.59
1013,4162,3801,2,7721.8,3860.9
1014,6607,1732,4,8256.6,2064.15
1015,8237,231,5,14255.15,2851.03
1016,71,7567,1,3847.49,3847.49
1017,66,6077,2,2214.02,1107.01
1018,4075,8917,4,3838.32,959.58
1019,1307,3202,4,18888.48,4722.12
1020,3854,9038,2,8793.36,4396.68
1021,9147,6236,3,1829.64,609.88
1022,4125,7516,3,10357.53,3452.51
1023,3635,5180,3,9315.27,3105.09
1024,7323,4894,2,1604.78,802.39
1025,636,7183,1,2111.45,2111.45
1026,2469,2532,3,8069.52,2689.84
1027,9597,9878,4,6362.6,1590.65
1028,5354,6009,1,1768.74,1768.74
1029,637,2066,1,217.12,217.12
1030,7610,3007,2,6604.48,3302.24
1031,9863,5,5,4274.0,854.8
1032,2279,4629,1,4423.82,4423.82
1033,6174,3547,1,4610.99,4610.99
1034,894,8724,1,4419.24,4419.24
1035,51,1584,4,11069.8,2767.45
1036,5069,6714,3,11965.08,3988.36
1037,572,9205,5,20518.85,4103.77
1038,8779,8616,2,3690.76,1845.38
1039,3656,5332,1,536.85,536.85
1040,7802,2089,4,6493.92,1623.48
1041,1563,5286,5,1137.95,227.59
1042,18,6621,2,7501.8,3750.9
1043,5007,31,5,5978.6,1195.72
1044,5866,2513,4,17006.8,4251.7
1045,4045,9966,2,5759.58,2879.79
1046,47,6542,4,9811.72,2452.93
1047,8554,6716,2,2753.02,1376.51
1048,5205,1373,4,15774.84,3943.71
1049,4209,8562,5,7283.25,1456.65
1050,92,5386,2,6472.5,3236.25
1051,7366,45,5,17442.85,3488.57
1052,3956,1088,3,9732.81,3244.27
1053,1834,1442,4,16081.36,4020.34
1054,6661,5158,1,1332.66,1332.66
1055,8269,6714,1,3225.97,3225.97
1056,1221,8716,4,13727.64,3431.91
1057,7357,8521,4,15904.48,3976.12
1058,2413,9320,3,9588.51,3196.17
1059,8011,7433,5,15131.95,3026.39
1060,5348,1783,2,1331.9,665.95
1061,7056,6815,3,2059.89,686.63
1062,7303,9616,3,1233.66,411.22
1063,9215,2963,4,884.44,221.11
1064,5273,767,4,19308.56,4827.14
1065,1582,5156,5,4602.75,920.55
1066,3895,7269,1,1987.49,1987.49
1067,2879,4700,2,9033.18,4516.59
1068,452,8698,1,1490.71,1490.71
1069,816,6190,5,13417.5,2683.5
1070,7189,7749,2,2778.5,1389.25
1071,645,6456,1,3989.34,3989.34
1072,711,8687,2,2854.9,1427.45
1073,279,8013,2,7812.46,3906.23
1074,8056,9475,4,11747.84,2936.96
1075,6437,9474,1,2208.38,2208.38
1076,4414,759,2,7974.46,3987.23
1077,1536,4379,5,21427.15,4285.43
1078,9670,8075,2,9255.24,4627.62
1079,5064,5385,5,22941.6,4588.32
1080,8577,6123,2,7262.7,3631.35
1081,8107,8982,1,2815.46,2815.46
1082,4785,1665,2,4105.24,2052.62
1083,4267,4587,4,10076.84,2519.21
1084,277,2582,4,13377.4,3344.35
1085,6427,7104,2,7273.0,3636.5
1086,2975,1135,4,19369.4,4842.35
1087,6238,2488,5,22196.0,4439.2
1088,8950,7822,3,9692.22,3230.74
1089,6315,4798,4,17215.4,4303.85
1090,3207,4974,4,11108.64,2777.16
1091,824,7019,4,4975.88,1243.97
1092,4331,6321,4,14047.28,3511.82
1093,5831,3382,3,10962.75,3654.25
1094,8567,528,4,10429.44,2607.36
1095,4087,9863,1,3666.68,3666.68
1096,3195,3501,3,7759.56,2586.52
1097,4548,8842,5,16770.85,3354.17
1098,5298,1648,3,11204.61,3734.87
1099,7808,4571,5,20008.3,4001.66
1100,6281,9198,3,8697.96,2899.32
1101,6553,2113,5,14907.35,2981.47
1102,9852,4028,2,2400.32,1200.16
1103,1719,9549,2,3967.4,1983.7
1104,1654,7461,2,3054.62,1527.31
1105,2739,8300,4,8577.52,2144.38
1106,3747,4390,2,8187.34,4093.67
1107,3641,2644,4,3039.44,759.86
1108,2983,4550,2,627.88,313.94
1109,942,7164,3,1321.71,440.57
1110,3110,6551,1,4698.75,4698.75
1111,4569,2543,1,1761.75,1761.75
1112,5478,563,2,6672.94,3336.47
1113,4474,3254,3,9670.92,3223.64
1114,4300,895,2,1650.44,825.22
1115,8093,7027,3,10374.42,3458.14
1116,6515,5350,5,17211.95,3442.39
1117,3516,2678,4,11832.96,2958.24
1118,8274,3343,3,5510.97,1836.99
1119,4938,4372,1,3399.23,3399.23
1120,398,5131,1,2586.41,2586.41
1121,401,8934,5,22591.4,4518.28
1122,9166,2479,4,18689.52,4672.38
1123,2898,7478,1,4677.9,4677.9
1124,4439,118,1,3127.18,3127.18
1125,8734,1990,1,4629.21,4629.21
1126,2368,9202,5,7669.95,1533.99
1127,3534,322,1,3995.91,3995.91
1128,6702,1781,5,5362.65,1072.53
1129,8310,3720,2,4732.66,2366.33
1130,738,7168,2,5634.72,2817.36
1131,5080,3545,2,7499.88,3749.94
1132,3113,2714,4,2281.56,570.39
1133,9663,8687,2,9654.86,4827.43
1134,5506,8592,1,3142.49,3142.49
1135,6173,6107,5,6811.85,1362.37
1136,6734,8382,1,31.71,31.71
1137,7728,7846,5,21021.35,4204.27
1138,7629,1390,2,9622.02,4811.01
1139,6397,5487,1,3148.58,3148.58
1140,6354,5108,4,18177.44,4544.36
1141,3278,9268,2,7720.22,3860.11
1142,4123,9017,3,1754.73,584.91
1143,8623,4919,1,1831.29,1831.29
1144,6249,5739,4,747.72,186.93
1145,6067,9093,3,8002.44,2667.48
1146,5462,609,5,6100.15,1220.03
1147,8476,2641,4,12305.0,3076.25
1148,6058,8555,1,178.67,178.67
1149,2461,8268,4,5764.12,1441.03
1150,6845,3447,5,7598.15,1519.63
1151,8006,6113,4,6769.6,1692.4
1152,860,5904,5,16106.45,3221.29
1153,9902,7488,2,6667.86,3333.93
1154,2956,468,3,13288.8,4429.6
1155,8088,4621,2,3353.98,1676.99
1156,1995,8954,2,4083.06,2041.53
1157,2967,4247,1,1301.57,1301.57
1158,1765,2168,1,3234.01,3234.01
1159,5972,2222,2,4996.02,2498.01
1160,7345,4088,2,2026.68,1013.34
1161,4903,8721,1,4185.54,4185.54
1162,9738,1112,2,4335.6,2167.8
1163,9261,4147,2,6970.64,3485.32
1164,512,4861,2,2215.94,1107.97
1165,46,798,3,10219.02,3406.34
1166,4598,8917,5,16632.45,3326.49
1167,8727,7338,2,6823.84,3411.92
1168,7898,5902,3,6173.7,2057.9
1169,9119,3417,4,9478.0,2369.5
1170,7845,9717,4,12583.56,3145.89
1171,2367,483,4,18383.36,4595.84
1172,7161,5484,3,1518.72,506.24
1173,7674,62,2,6949.0,3474.5
1174,5619,8853,4,16105.08,4026.27
1175,3009,278,5,3284.05,656.81
1176,7382,7715,3,1993.08,664.36
1177,212,4045,4,15018.4,3754.6
1178,1956,7870,2,3631.06,1815.53
1179,1968,8123,5,2597.8,519.56
1180,9883,5573,5,1738.85,347.77
1181,9423,374,1,1778.16,1778.16
1182,8941,3460,2,4687.38,2343.69
1183,1678,6092,4,17954.12,4488.53
1184,4532,5444,2,1716.58,858.29
1185,263,9184,3,44.49,14.83
1186,2350,9920,3,2300.19,766.73
1187,4771,4763,2,9260.76,4630.38
1188,1980,2475,1,343.16,343.16
1189,9804,684,3,5665.47,1888.49
1190,2962,1647,5,19432.7,3886.54
1191,2903,3680,3,1307.79,435.93
1192,4043,4169,4,7425.52,1856.38
1193,7427,8042,3,12099.75,4033.25
1194,9551,5560,2,9161.0,4580.5
1195,9334,640,3,5051.37,1683.79
1196,7661,5278,3,4987.92,1662.64
1197,2166,8440,5,278.8,55.76
1198,3740,5304,4,8126.72,2031.68
1199,2362,1194,2,8509.22,4254.61
1200,8318,8744,5,16621.45,3324.29
1201,2928,696,2,7835.14,3917.57
1202,8333,4010,4,3300.6,825.15
1203,2159,8765,1,969.08,969.08
1204,1457,5855,2,4324.58,2162.29
1205,5712,5746,5,10419.2,2083.84
1206,9082,2153,4,3475.12,868.78
1207,6134,1203,3,6038.1,2012.7
1208,2453,3801,2,1071.72,535.86
1209,9095,4467,1,2908.45,2908.45
1210,2140,4198,4,14292.44,3573.11
1211,8068,3822,2,2759.34,1379.67
1212,5349,9705,4,19498.32,4874.58
1213,10,7159,3,6225.57,2075.19
1214,3647,8808,4,7964.64,1991.16
1215,8720,5678,5,19417.55,3883.51
1216,7429,9922,2,7395.26,3697.63
1217,4995,7109,1,1572.38,1572.38
1218,2381,304,2,9403.9,4701.95
1219,8117,6167,2,8087.62,4043.81
1220,2005,9493,1,3157.02,3157.02
1221,6484,6669,3,13735.23,4578.41
1222,25,8583,2,2920.06,1460.03
1223,845,7969,1,2927.21,2927.21
1224,3254,5224,3,8650.38,2883.46
1225,8310,9554,3,2410.8,803.6
1226,2374,2451,3,9135.54,3045.18
1227,8372,7226,4,12913.64,3228.41
1228,1081,1259,1,4133.85,4133.85
1229,266,9392,4,12898.76,3224.69
1230,771,2491,4,15690.76,3922.69
1231,3032,8242,5,7278.7,1455.74
1232,3431,7254,5,17772.9,3554.58
1233,8427,3895,3,10187.73,3395.91
1234,7259,570,1,3417.59,3417.59
1235,7647,2449,1,1465.16,1465.16
1236,7530,3553,2,9299.66,4649.83
1237,5108,2192,2,9971.86,4985.93
1238,5406,323,5,234.4,46.88
1239,8649,3391,2,4670.08,2335.04
1240,2598,4315,1,4284.48,4284.48
1241,1872,5142,5,17830.45,3566.09
1242,3299,6311,4,6798.8,1699.7
1243,9889,6705,3,11239.95,3746.65
1244,11,2428,2,8416.52,4208.26
1245,2548,2051,1,3806.36,3806.36
1246,1347,9639,3,6759.06,2253.02
1247,7423,6199,4,14915.84,3728.96
1248,2887,6437,4,17412.72,4353.18
1249,8429,8372,1,3509.49,3509.49
1250,5698,921,3,6019.56,2006.52
1251,9249,4045,1,240.69,240.69
1252,3005,4416,3,14248.29,4749.43
1253,8854,4375,5,18809.9,3761.98
1254,3885,5611,2,6149.36,3074.68
1255,3176,9963,3,14087.1,4695.7
1256,7281,3633,3,123.99,41.33
1257,8340,9864,2,6152.14,3076.07
1258,754,2112,3,6019.11,2006.37
1259,3831,4705,3,12719.19,4239.73
1260,2904,599,1,2202.43,2202.43
1261,5559,2138,1,4054.46,4054.46
1262,9949,6672,1,3779.02,3779.02
1263,2466,9352,2,6592.94,3296.47
1264,8304,3258,5,22497.05,4499.41
1265,5994,3788,3,11532.45,3844.15
1266,267,1113,3,5238.42,1746.14
1267,9584,4156,5,15539.75,3107.95
1268,6945,6480,2,6046.84,3023.42
1269,8568,8868,4,1987.08,496.77
1270,7761,4061,3,11153.79,3717.93
1271,3106,3077,2,3950.62,1975.31
1272,5556,852,2,2757.98,1378.99
1273,3780,1410,3,6397.29,2132.43
1274,8211,3093,3,4826.25,1608.75
1275,2985,3110,4,6546.96,1636.74
1276,7775,1459,2,6687.46,3343.73
1277,6414,3282,5,19016.15,3803.23
1278,8868,7975,5,17697.45,3539.49
1279,6706,3457,4,6957.84,1739.46
1280,1082,1951,5,9746.8,1949.36
1281,8463,8666,4,1169.4,292.35
1282,3136,6513,3,1525.65,508.55
1283,1855,5391,3,11383.56,3794.52
1284,4512,1479,3,1393.38,464.46
1285,7347,7151,5,3348.0,669.6
1286,8729,2085,2,8169.86,4084.93
1287,7879,2953,1,2672.05,2672.05
1288,7194,7244,2,1323.88,661.94
1289,6318,4354,5,13204.5,2640.9
1290,4517,3012,4,4832.4,1208.1
1291,2033,1232,5,11643.9,2328.78
1292,1408,578,5,3136.55,627.31
1293,5709,1854,5,1455.6,291.12
1294,726,5739,4,8758.52,2189.63
1295,8413,2730,2,1667.32,833.66
1296,4667,4174,2,253.44,126.72
1297,3948,4789,1,4832.13,4832.13
1298,8438,2906,4,17730.08,4432.52
1299,8725,80,2,149.7,74.85
1300,1622,1933,3,11422.5,3807.5
1301,294,3508,1,4599.19,4599.19
1302,9634,3595,2,106.32,53.16
1303,2840,347,5,11098.55,2219.71
1304,2250,9180,4,16967.52,4241.88
1305,5699,2327,1,2468.77,2468.77
1306,6542,1446,1,3146.68,3146.68
1307,6846,4079,2,2418.4,1209.2
1308,9385,3369,5,11852.45,2370.49
1309,6372,4254,3,14687.34,4895.78
1310,8249,6431,4,8982.88,2245.72
1311,5649,5025,1,3370.56,3370.56
1312,7877,1073,1,3039.39,3039.39
1313,4017,4323,4,19198.56,4799.64
1314,262,301,2,8876.0,4438.0
1315,7440,1468,3,4377.15,1459.05
1316,2676,2138,3,11831.52,3943.84
1317,2684,7446,2,155.84,77.92
1318,4678,5771,3,4800.6,1600.2
1319,4461,4583,1,220.12,220.12
1320,9543,6055,4,15860.72,3965.18
1321,1526,7958,4,8029.6,2007.4
1322,4751,1978,2,5416.66,2708.33
1323,7037,404,1,4832.68,4832.68
1324,8082,6576,2,8164.92,4082.46
1325,8747,7690,1,4837.22,4837.22
1326,6792,9366,2,1675.28,837.64
1327,2368,3259,2,9902.82,4951.41
1328,375,7077,2,4490.84,2245.42
1329,5596,7132,1,4710.21,4710.21
1330,1683,7285,1,776.7,776.7
1331,2140,5868,3,628.71,209.57
1332,2432,6133,5,21744.25,4348.85
1333,8678,6623,4,16436.2,4109.05
1334,5302,9488,2,1908.02,954.01
1335,6387,3323,2,4388.82,2194.41
1336,5162,6160,5,24961.75,4992.35
1337,5372,4949,3,7293.66,2431.22
1338,7291,5982,3,13559.91,4519.97
1339,7617,6146,1,1428.32,1428.32
1340,8137,3400,1,4710.92,4710.92
1341,898,9127,2,8197.26,4098.63
1342,7373,9256,5,2066.35,413.27
1343,2828,7449,3,14644.53,4881.51
1344,1440,9984,4,5136.72,1284.18
1345,8341,7419,3,14907.87,4969.29
1346,1937,5450,1,2614.82,2614.82
1347,2920,2878,5,1848.85,369.77
1348,5821,8127,3,6907.98,2302.66
1349,5779,9008,3,14338.83,4779.61
1350,6597,1813,3,6265.77,2088.59
1351,7307,2082,5,301.9,60.38
1352,6818,5962,1,1849.23,1849.23
1353,1467,8910,2,4594.9,2297.45
1354,4759,9142,3,5405.76,1801.92
1355,9997,4341,4,5118.28,1279.57
1356,2291,3063,5,12678.45,2535.69
1357,6165,9340,3,5828.88,1942.96
1358,7569,7259,1,4569.65,4569.65
1359,5541,4146,2,2256.46,1128.23
1360,692,6230,1,2590.67,2590.67
1361,5241,1958,4,18976.44,4744.11
1362,9501,2856,2,6647.96,3323.98
1363,1045,1353,5,1883.9,376.78
1364,4804,1603,5,2898.1,579.62
1365,5383,2848,3,3754.89,1251.63
1366,3120,8909,4,2316.72,579.18
1367,9868,5529,1,3961.09,3961.09
1368,2300,1758,2,3144.72,1572.36
1369,3666,8155,1,2806.5,2806.5
1370,8746,5947,1,580.1,580.1
1371,6973,1997,3,13986.87,4662.29
1372,5166,2406,5,22474.4,4494.88
1373,5627,1440,4,6611.72,1652.93
1374,1063,315,2,7212.6,3606.3
1375,6069,9608,1,4771.87,4771.87
1376,9688,923,2,4139.2,2069.6
1377,8574,9483,2,5109.52,2554.76
1378,2875,7662,2,3934.24,1967.12
1379,3034,9043,1,1532.77,1532.77
1380,8463,3699,4,14108.92,3527.23
1381,5762,5561,2,5471.9,2735.95
1382,8412,4759,2,3523.6,1761.8
1383,4922,2243,2,3131.84,1565.92
1384,8754,5517,5,20564.1,4112.82
1385,5606,6780,4,7848.36,1962.09
1386,295,2453,2,7270.08,3635.04
1387,9422,9787,1,744.38,744.38
1388,5308,5618,3,7907.19,2635.73
1389,8254,1545,4,13694.4,3423.6
1390,5698,5565,4,5617.12,1404.28
1391,976,233,2,7421.46,3710.73
1392,2120,1645,5,24049.3,4809.86
1393,3751,7505,5,12676.35,2535.27
1394,3674,1312,1,1011.04,1011.04
1395,4524,4316,2,9222.98,4611.49
1396,8850,6288,2,5897.9,2948.95
1397,8670,731,5,3651.55,730.31
1398,5310,5450,4,5111.36,1277.84
1399,9974,4996,5,10882.25,2176.45
1400,604,857,3,5920.56,1973.52
1401,7111,2879,5,3823.2,764.64
1402,5438,4715,1,1612.37,1612.37
1403,4283,8092,5,17521.55,3504.31
1404,7233,5597,4,14911.16,3727.79
1405,3642,8228,1,460.82,460.82
1406,511,3327,1,2929.23,2929.23
1407,1228,1132,2,7378.02,3689.01
1408,3670,9864,1,1764.06,1764.06
1409,4498,7326,4,17555.56,4388.89
1410,7284,5442,3,5899.08,1966.36
1411,6398,3214,5,9674.5,1934.9
1412,669,1475,1,3223.56,3223.56
1413,8024,7631,2,6718.92,3359.46
1414,6710,9957,5,4052.15,810.43
1415,6848,7361,3,12599.31,4199.77
1416,4725,4854,4,9014.44,2253.61
1417,3189,4453,4,6711.76,1677.94
1418,3377,572,4,7773.08,1943.27
1419,5565,2480,1,1535.7,1535.7
1420,93,3844,2,1116.96,558.48
1421,597,2333,1,4444.35,4444.35
1422,5580,1683,5,9215.75,1843.15
1423,9992,2202,1,2626.14,2626.14
1424,6343,1384,2,7486.66,3743.33
1425,3737,2731,2,4366.24,2183.12
1426,6843,8007,5,23751.3,4750.26
1427,1192,3108,4,17106.44,4276.61
1428,7573,2552,3,5603.85,1867.95
1429,8478,226,5,18788.5,3757.7
1430,259,348,5,20514.4,4102.88
1431,5887,9427,2,4998.34,2499.17
1432,6832,7440,4,6304.96,1576.24
1433,1110,1545,3,9279.57,3093.19
1434,1496,8863,1,4356.6,4356.6
1435,8440,2451,4,3452.32,863.08
1436,1589,5486,5,12971.85,2594.37
1437,6263,7261,3,4741.74,1580.58
1438,5117,9701,2,8215.48,4107.74
1439,3802,7338,3,9689.58,3229.86
1440,9917,1123,4,5890.76,1472.69
1441,2552,5732,2,9522.48,4761.24
1442,3510,1800,4,14512.92,3628.23
1443,7790,2839,5,59.25,11.85
1444,2380,2683,3,1175.94,391.98
1445,8771,1444,4,10580.96,2645.24
1446,7860,8472,1,1577.79,1577.79
1447,7050,4766,1,2481.44,2481.44
1448,9569,7399,2,9289.94,4644.97
1449,2023,2102,3,5341.56,1780.52
1450,1222,2629,1,776.19,776.19
1451,5983,5910,3,14716.89,4905.63
1452,4300,3374,5,6556.9,1311.38
1453,3723,7261,2,3816.96,1908.48
1454,5031,9180,5,3390.65,678.13
1455,4409,7765,5,1462.3,292.46
1456,3668,4600,4,18900.12,4725.03
1457,2085,3323,3,12363.69,4121.23
1458,2572,1049,1,2164.88,2164.88
1459,5212,5620,4,17681.6,4420.4
1460,4319,6898,1,227.12,227.12
1461,3533,715,4,7636.8,1909.2
1462,1990,7723,1,3306.85,3306.85
1463,329,1686,3,5524.38,1841.46
1464,4263,3046,2,4640.54,2320.27
1465,7457,4082,2,720.94,360.47
1466,9118,837,4,13091.16,3272.79
1467,2338,8136,3,13199.16,4399.72
1468,7903,9099,3,963.06,321.02
1469,5056,7605,5,5827.4,1165.48
1470,6809,8575,1,4195.86,4195.86
1471,7784,2582,5,9211.2,1842.24
1472,2108,7141,2,9487.48,4743.74
1473,5085,1320,2,4438.74,2219.37
1474,2847,6071,5,9064.75,1812.95
1475,3913,1755,3,10464.33,3488.11
1476,8538,7164,4,5087.24,1271.81
1477,6247,6030,5,15554.75,3110.95
1478,342,2351,2,9614.7,4807.35
1479,63,5023,1,2397.83,2397.83
1480,9570,3763,2,1179.24,589.62
1481,9461,9572,5,18031.35,3606.27
1482,123,8693,1,3303.47,3303.47
1483,8261,9780,5,12260.8,2452.16
1484,4507,2284,3,4504.02,1501.34
1485,4473,6802,4,8056.32,2014.08
1486,2956,9633,1,728.4,728.4
1487,1188,4006,4,6935.88,1733.97
1488,7322,2259,4,12072.88,3018.22
1489,8764,806,2,1168.7,584.35
1490,6159,5522,4,6440.96,1610.24
1491,7989,756,3,9100.2,3033.4
1492,3719,3080,2,3452.02,1726.01
1493,5599,4526,2,6065.38,3032.69
1494,5247,665,3,6762.39,2254.13
1495,903,5578,2,7773.32,3886.66
1496,6529,3555,1,1151.27,1151.27
1497,352,936,4,11502.44,2875.61
1498,9753,3393,1,1717.45,1717.45
1499,4075,392,1,3623.36,3623.36
1500,911,1922,5,99.7,19.94
1501,2886,7938,5,13202.6,2640.52
1502,3145,5475,4,13208.72,3302.18
1503,2974,8519,3,3804.48,1268.16
1504,7327,8720,3,3501.66,1167.22
1505,5251,790,1,4377.08,4377.08
1506,9797,7071,2,3433.34,1716.67
1507,7999,666,3,6000.21,2000.07
1508,8645,8941,3,6908.07,2302.69
1509,9554,7428,2,4385.78,2192.89
1510,2801,3151,5,14382.0,2876.4
1511,8437,1941,2,3158.34,1579.17
1512,8920,7620,1,2033.18,2033.18
1513,656,643,4,5979.04,1494.76
1514,2047,6411,1,1828.96,1828.96
1515,624,2283,4,11538.4,2884.6
1516,4294,4391,5,9064.45,1812.89
1517,797,2492,5,16265.3,3253.06
1518,2450,791,2,5119.54,2559.77
1519,3256,4165,5,4309.35,861.87
1520,4655,9557,2,7635.26,3817.63
1521,3205,1544,1,4433.13,4433.13
1522,1922,8988,4,2519.52,629.88
1523,1188,3265,5,14158.75,2831.75
1524,91,9314,3,8366.88,2788.96
1525,2950,9883,4,14451.68,3612.92
1526,7909,1961,2,9576.3,4788.15
1527,9506,4883,1,654.54,654.54
1528,4790,4058,5,9414.2,1882.84
1529,4541,5407,1,979.62,979.62
1530,5156,7161,5,9367.0,1873.4
1531,1833,6873,1,59.9,59.9
1532,9454,9128,2,7460.5,3730.25
1533,3123,2114,2,1784.2,892.1
1534,6221,7947,3,12849.27,4283.09
1535,5981,2878,5,19248.45,3849.69
1536,1517,9606,2,2440.46,1220.23
1537,5911,9645,2,1289.22,644.61
1538,6008,3312,3,10109.01,3369.67
1539,3742,9724,1,968.43,968.43
1540,6629,5388,3,12491.64,4163.88
1541,2765,5695,2,1253.44,626.72
1542,7890,4587,3,12814.89,4271.63
1543,4215,881,4,19943.24,4985.81
1544,1053,3327,5,23552.5,4710.5
1545,3069,2927,2,7425.18,3712.59
1546,704,6272,2,3139.3,1569.65
1547,1445,8120,3,9990.42,3330.14
1548,3312,6644,5,1767.55,353.51
1549,1604,9566,1,924.84,924.84
1550,540,3025,4,6734.12,1683.53
1551,9312,157,4,5296.8,1324.2
1552,5358,2193,5,21360.2,4272.04
1553,7437,8243,4,4592.2,1148.05
1554,472,1021,2,6537.68,3268.84
1555,4359,9145,3,12407.01,4135.67
1556,8029,3574,4,18462.6,4615.65
1557,6831,688,2,803.88,401.94
1558,7833,9880,3,6693.87,2231.29
1559,8402,292,5,11971.25,2394.25
1560,1824,7728,2,8440.52,4220.26
1561,3541,7429,1,1911.0,1911.0
1562,7749,7243,4,9338.2,2334.55
1563,7625,1394,2,4215.18,2107.59
1564,5521,7858,2,8597.72,4298.86
1565,8728,420,5,12089.85,2417.97
1566,2682,8474,3,13645.44,4548.48
1567,7662,4904,1,1497.76,1497.76
1568,9857,3391,1,3862.96,3862.96
1569,1647,4914,1,2540.55,2540.55
1570,2505,5508,2,2122.38,1061.19
1571,2651,1515,2,3528.58,1764.29
1572,5233,5350,4,589.24,147.31
1573,3689,7173,4,7431.16,1857.79
1574,7292,6159,4,6530.68,1632.67
1575,4112,7217,2,5781.56,2890.78
1576,7629,3550,2,6054.7,3027.35
1577,1434,305,5,24307.95,4861.59
1578,3584,1423,2,4797.64,2398.82
1579,6756,5330,2,1242.58,621.29
1580,7198,5128,3,3600.48,1200.16
1581,7696,7696,1,3503.49,3503.49
1582,7465,9442,5,2329.8,465.96
1583,575,1210,2,5756.32,2878.16
1584,3038,9985,2,5665.2,2832.6
1585,8608,2075,1,1542.05,1542.05
1586,9199,5856,3,6740.79,2246.93
1587,3387,2059,3,2628.12,876.04
1588,6392,2864,1,4760.76,4760.76
1589,9395,6342,2,379.76,189.88
1590,2648,6265,1,3542.04,3542.04
1591,9363,6858,1,226.76,226.76
1592,4010,2486,3,1679.19,559.73
1593,7589,6570,5,24107.0,4821.4
1594,8198,8078,1,3064.62,3064.62
1595,8298,8073,2,534.2,267.1
1596,4480,5164,3,7893.57,2631.19
1597,5866,2372,2,8775.66,4387.83
1598,409,3806,4,14930.04,3732.51
1599,1204,4113,4,3563.16,890.79
1600,1440,8633,4,8546.32,2136.58
1601,5603,4746,4,15216.0,3804.0
1602,4182,6515,1,3569.76,3569.76
1603,5476,9316,1,738.48,738.48
1604,8173,1032,1,3669.41,3669.41
1605,6263,3519,3,4646.52,1548.84
1606,8117,8680,5,9829.4,1965.88
1607,8756,5187,4,16556.0,4139.0
1608,227,7534,5,4018.9,803.78
1609,6338,5973,5,24773.6,4954.72
1610,6968,1369,1,2431.76,2431.76
1611,4598,2258,1,3424.85,3424.85
1612,2859,5343,1,176.09,176.09
1613,5340,642,1,2530.2,2530.2
1614,2638,7543,1,2726.34,2726.34
1615,939,5539,1,367.16,367.16
1616,8932,4808,5,18332.95,3666.59
1617,8364,3671,1,1314.15,1314.15
1618,6781,305,3,7295.67,2431.89
1619,855,3102,2,2233.2,1116.6
1620,3120,8862,1,4012.43,4012.43
1621,1286,624,2,8292.92,4146.46
1622,4081,8555,5,3920.45,784.09
1623,1082,7899,2,3248.16,1624.08
1624,8429,7026,1,1380.63,1380.63
1625,8256,5340,1,1756.22,1756.22
1626,8267,9504,4,13248.08,3312.02
1627,1705,9984,5,23753.6,4750.72
1628,7357,289,5,6293.0,1258.6
1629,8178,4577,5,17571.65,3514.33
1630,6275,940,5,1365.8,273.16
1631,7602,8922,2,7741.14,3870.57
1632,5844,2246,3,12351.66,4117.22
1633,6656,6771,3,5196.93,1732.31
1634,3135,4968,4,9925.64,2481.41
1635,2171,9096,2,4903.66,2451.83
1636,3042,8069,5,24241.2,4848.24
1637,7836,382,4,8748.64,2187.16
1638,1698,4623,5,11864.15,2372.83
1639,5662,781,2,9715.1,4857.55
1640,7058,8826,1,3398.66,3398.66
1641,235,2475,2,7289.88,3644.94
1642,9967,2378,1,1991.06,1991.06
1643,1694,2452,5,1805.15,361.03
1644,2192,4735,3,6208.32,2069.44
1645,3840,1889,3,1302.39,434.13
1646,5000,1169,3,4133.49,1377.83
1647,3579,918,2,4216.0,2108.0
1648,6640,9513,4,5104.4,1276.1
1649,9891,1059,4,15341.52,3835.38
1650,6094,474,3,10772.49,3590.83
1651,5227,3671,1,3938.9,3938.9
1652,7267,9301,5,20262.85,4052.57
1653,8319,5023,5,7440.25,1488.05
1654,8882,4965,3,14235.18,4745.06
1655,3913,8758,3,8363.37,2787.79
1656,72,3988,1,3085.1,3085.1
1657,4687,240,1,4479.92,4479.92
1658,3187,7832,5,19092.45,3818.49
1659,5172,5669,1,4428.09,4428.09
1660,9663,1655,3,11693.64,3897.88
1661,1742,4433,5,3581.95,716.39
1662,3532,3952,3,5004.69,1668.23
1663,7550,2201,5,4648.3,929.66
1664,2790,3797,4,17380.32,4345.08
1665,1437,4518,4,2944.56,736.14
1666,6784,7671,3,1271.82,423.94
1667,8005,9623,4,16764.6,4191.15
1668,2286,8182,4,207.56,51.89
1669,9485,1946,4,5001.92,1250.48
1670,1850,7909,2,2333.36,1166.68
1671,2414,7544,5,7868.05,1573.61
1672,2647,7716,4,14322.08,3580.52
1673,136,5181,3,14532.72,4844.24
1674,557,9018,4,12362.44,3090.61
1675,3650,9838,1,1629.9,1629.9
1676,9508,576,5,2102.15,420.43
1677,3587,4610,1,1185.18,1185.18
1678,7140,6678,4,19894.0,4973.5
1679,8858,2494,5,1812.2,362.44
1680,6228,7325,1,1079.12,1079.12
1681,9010,5188,5,13273.15,2654.63
1682,9655,3287,2,4839.22,2419.61
1683,7614,4207,3,6641.61,2213.87
1684,5992,3076,1,1664.29,1664.29
1685,255,2227,5,17978.65,3595.73
1686,5817,602,1,2909.8,2909.8
1687,779,6044,2,5161.58,2580.79
1688,2073,7499,3,526.05,175.35
1689,8291,4623,4,95.64,23.91
1690,6240,1787,4,489.32,122.33
1691,5234,2733,4,4934.84,1233.71
1692,4594,132,1,481.41,481.41
1693,8877,598,5,24599.85,4919.97
1694,9179,4387,4,17098.08,4274.52
1695,4917,6378,5,12348.05,2469.61
1696,7798,9629,3,3778.26,1259.42
1697,9498,9188,3,12855.03,4285.01
1698,747,6298,3,6602.19,2200.73
1699,1124,585,2,4808.98,2404.49
1700,9056,8683,2,638.4,319.2
1701,660,7145,1,1980.04,1980.04
1702,1607,9583,4,8001.8,2000.45
1703,4492,5900,2,6921.98,3460.99
1704,7166,8832,2,844.44,422.22
1705,9464,9351,1,4557.1,4557.1
1706,6308,7186,5,19367.1,3873.42
1707,7482,8509,5,15084.65,3016.93
1708,1771,7747,1,822.02,822.02
1709,283,5668,5,1002.5,200.5
1710,6536,1784,4,713.24,178.31
1711,6841,3802,5,14331.25,2866.25
1712,4744,8531,3,250.14,83.38
1713,1245,427,1,4511.15,4511.15
1714,7879,1454,3,12765.72,4255.24
1715,1167,6503,2,9018.76,4509.38
1716,9388,5839,5,24962.5,4992.5
1717,2661,6849,4,12076.68,3019.17
1718,7599,9764,5,17196.1,3439.22
1719,7213,462,2,8426.12,4213.06
1720,8749,8578,2,7924.54,3962.27
1721,127,4777,3,11385.21,3795.07
1722,840,542,3,8924.55,2974.85
1723,2364,8147,4,11819.56,2954.89
1724,4369,6434,2,1294.04,647.02
1725,3905,2685,4,12501.52,3125.38
1726,189,6217,4,5613.4,1403.35
1727,4860,5495,5,16528.1,3305.62
1728,9130,9544,4,11699.12,2924.78
1729,6014,6519,4,11947.56,2986.89
1730,8840,8627,4,13008.76,3252.19
1731,6430,4722,3,8826.42,2942.14
1732,3805,95,4,14193.16,3548.29
1733,9062,9196,1,2902.84,2902.84
1734,5753,3640,5,12671.85,2534.37
1735,7643,2971,4,2104.96,526.24
1736,2036,7749,4,2594.72,648.68
1737,4221,6441,1,2370.12,2370.12
1738,8057,6932,3,6599.7,2199.9
1739,5461,287,3,7981.95,2660.65
1740,1243,9751,5,7287.75,1457.55
1741,7222,2214,3,9178.8,3059.6
1742,9268,4477,2,2700.7,1350.35
1743,2861,4184,5,14418.6,2883.72
1744,5993,4911,4,9723.68,2430.92
1745,7479,6307,1,4423.38,4423.38
1746,5169,1153,1,80.39,80.39
1747,6909,4118,2,9810.68,4905.34
1748,3407,723,3,1630.47,543.49
1749,6351,517,1,2780.87,2780.87
1750,7392,8499,2,2420.54,1210.27
1751,6786,4271,5,24139.5,4827.9
1752,7744,534,2,5363.7,2681.85
1753,4428,1950,4,15450.48,3862.62
1754,2984,9286,3,14447.22,4815.74
1755,1019,4582,1,479.9,479.9
1756,4699,2820,4,4993.64,1248.41
1757,9842,9214,5,22644.55,4528.91
1758,7053,9393,3,13059.54,4353.18
1759,3999,5680,1,2402.58,2402.58
1760,3268,991,2,6764.34,3382.17
1761,6648,7490,3,10853.1,3617.7
1762,5096,4790,2,9090.66,4545.33
1763,9900,3757,1,2735.23,2735.23
1764,4800,6512,3,522.93,174.31
1765,7907,1517,5,13046.55,2609.31
1766,1525,5898,1,2450.18,2450.18
1767,2625,9416,4,18853.76,4713.44
1768,4636,9872,5,8187.75,1637.55
1769,1795,5763,4,7172.64,1793.16
1770,7844,7287,4,10617.12,2654.28
1771,3900,9837,4,5004.96,1251.24
1772,4985,3874,1,4395.63,4395.63
1773,5551,5635,5,3144.95,628.99
1774,2292,4061,4,16748.88,4187.22
1775,7951,5460,4,18359.08,4589.77
1776,6069,7960,1,3012.63,3012.63
1777,3439,3004,5,6667.4,1333.48
1778,1043,7319,5,21087.3,4217.46
1779,608,6684,5,4888.2,977.64
1780,5006,5581,4,4428.92,1107.23
1781,4933,488,2,2419.74,1209.87
1782,2123,2177,4,4775.96,1193.99
1783,8864,645,2,3561.06,1780.53
1784,2797,744,1,1574.72,1574.72
1785,1781,4954,1,4793.23,4793.23
1786,1693,8250,4,5081.12,1270.28
1787,8793,5641,4,45.64,11.41
1788,3465,3791,1,2630.64,2630.64
1789,6605,7360,2,9141.26,4570.63
1790,3448,610,4,14727.32,3681.83
1791,2305,511,4,690.96,172.74
1792,3533,4740,2,5467.42,2733.71
1793,1392,4266,4,6567.04,1641.76
1794,1627,1964,5,12154.9,2430.98
1795,9403,7021,4,983.76,245.94
1796,3323,5522,1,2018.2,2018.2
1797,9239,1451,3,817.59,272.53
1798,9658,1281,4,2600.28,650.07
1799,4542,3891,5,12437.65,2487.53
1800,3228,6976,4,3210.6,802.65
1801,6769,7876,1,398.05,398.05
1802,4581,8864,4,10884.48,2721.12
1803,469,3701,5,23705.6,4741.12
1804,4092,2464,3,13405.77,4468.59
1805,2554,2150,2,900.5,450.25
1806,7452,7612,4,1281.68,320.42
1807,9258,2665,2,8020.4,4010.2
1808,1708,6332,1,3698.87,3698.87
1809,7515,2430,3,2570.55,856.85
1810,4809,9568,3,12495.54,4165.18
1811,1815,7526,3,2137.5,712.5
1812,6029,5010,3,9495.75,3165.25
1813,2534,755,4,7001.96,1750.49
1814,111,1069,2,1273.88,636.94
1815,3127,152,2,9317.36,4658.68
1816,1814,2334,1,4863.91,4863.91
1817,2892,9027,2,94.7,47.35
1818,814,6599,3,6001.23,2000.41
1819,527,2389,1,4820.16,4820.16
1820,6092,3914,5,7132.15,1426.43
1821,655,1368,2,1577.74,788.87
1822,9167,9990,5,19455.2,3891.04
1823,9337,7218,4,14476.88,3619.22
1824,2301,2695,5,20103.85,4020.77
1825,8337,9544,4,3207.52,801.88
1826,515,7134,5,15991.6,3198.32
1827,3307,4121,1,4856.77,4856.77
1828,7095,4251,1,138.57,138.57
1829,6629,315,5,3815.65,763.13
1830,2935,3228,5,15120.4,3024.08
1831,6560,6957,3,12100.65,4033.55
1832,4106,817,2,278.74,139.37
1833,1643,4987,1,2478.81,2478.81
1834,1742,8164,4,8113.08,2028.27
1835,2466,4592,5,8761.5,1752.3
1836,866,9515,5,16387.75,3277.55
1837,3992,2467,1,1436.45,1436.45
1838,4279,7559,3,10830.6,3610.2
1839,6124,1733,2,7343.06,3671.53
1840,2276,3080,2,3558.06,1779.03
1841,5681,3694,3,4503.3,1501.1
1842,6005,4048,1,3431.29,3431.29
1843,2297,6762,4,17282.84,4320.71
1844,8784,3460,5,2092.15,418.43
1845,883,1037,5,20561.7,4112.34
1846,6681,2660,3,2000.1,666.7
1847,4248,7747,4,18264.4,4566.1
1848,2594,7458,2,497.04,248.52
1849,8376,2331,2,5617.1,2808.55
1850,7366,193,5,3515.05,703.01
1851,999,2974,1,4261.36,4261.36
1852,6677,5280,4,2034.72,508.68
1853,6256,4707,1,3065.28,3065.28
1854,4482,2534,4,13809.92,3452.48
1855,577,3315,4,16320.4,4080.1
1856,3489,5924,1,2632.04,2632.04
1857,7577,7730,2,1186.48,593.24
1858,9025,5471,4,3315.24,828.81
1859,1074,5341,2,4289.88,2144.94
1860,3318,8722,3,2713.83,904.61
1861,3731,9886,5,21934.85,4386.97
1862,5375,3255,1,2043.47,2043.47
1863,6750,6056,2,9033.72,4516.86
1864,8369,4434,2,2311.74,1155.87
1865,2937,9087,4,5245.4,1311.35
1866,1054,1990,3,4826.07,1608.69
1867,6119,3002,4,13256.24,3314.06
1868,2831,8552,5,24133.95,4826.79
1869,8811,9490,5,23905.65,4781.13
1870,8346,3161,5,8037.2,1607.44
1871,6473,2708,5,15887.25,3177.45
1872,8501,109,4,9141.84,2285.46
1873,6070,6298,1,758.56,758.56
1874,1020,3583,4,1192.88,298.22
1875,6104,310,4,18115.0,4528.75
1876,1503,2259,4,3191.56,797.89
1877,6599,9112,5,4861.25,972.25
1878,5694,8779,4,16790.8,4197.7
1879,3605,8763,4,15096.72,3774.18
1880,6925,5961,1,4526.24,4526.24
1881,8024,5666,5,12497.4,2499.48
1882,8598,3518,5,9954.55,1990.91
1883,447,7205,3,12145.86,4048.62
1884,3197,9456,2,122.74,61.37
1885,6517,9764,4,7831.48,1957.87
1886,8694,7519,1,2092.28,2092.28
1887,1791,8423,2,4726.58,2363.29
1888,7658,1884,5,5597.95,1119.59
1889,9481,2121,3,14947.35,4982.45
1890,3363,7893,3,10932.57,3644.19
1891,6832,5169,2,7350.12,3675.06
1892,7008,3796,4,724.28,181.07
1893,1797,7432,1,4135.76,4135.76
1894,3072,2919,5,4896.55,979.31
1895,5,9607,5,20969.7,4193.94
1896,5270,7489,2,5502.22,2751.11
1897,1232,6167,4,9694.8,2423.7
1898,8771,4302,2,2023.62,1011.81
1899,9924,649,1,947.73,947.73
1900,5765,9165,1,1607.38,1607.38
1901,6223,1869,5,15469.05,3093.81
1902,2931,4904,4,17282.84,4320.71
1903,7553,3398,3,14872.17,4957.39
1904,3882,4145,5,7555.25,1511.05
1905,81,6895,2,5253.58,2626.79
1906,5557,294,3,9024.39,3008.13
1907,7445,1783,2,7007.86,3503.93
1908,2274,1015,2,1736.82,868.41
1909,1386,1660,1,4309.63,4309.63
1910,1614,6319,4,17188.64,4297.16
1911,2209,8974,2,6942.86,3471.43
1912,3769,6127,5,3071.55,614.31
1913,9593,8361,3,8807.64,2935.88
1914,7339,6635,2,6845.4,3422.7
1915,8700,6656,1,4869.05,4869.05
1916,6883,6112,1,214.63,214.63
1917,5575,2556,3,6767.76,2255.92
1918,6906,6732,3,13742.31,4580.77
1919,669,2545,4,13545.44,3386.36
1920,5757,9234,3,1105.89,368.63
1921,93,5337,3,3994.95,1331.65
1922,2873,5721,3,8397.3,2799.1
1923,5695,1596,4,10405.72,2601.43
1924,1290,9515,4,5400.96,1350.24
1925,7240,1217,5,6016.3,1203.26
1926,2913,4787,2,412.08,206.04
1927,2737,5471,5,23988.6,4797.72
1928,9869,4037,5,10460.5,2092.1
1929,4619,5768,4,16979.04,4244.76
1930,3929,8869,1,3051.42,3051.42
1931,3690,7681,2,5170.92,2585.46
1932,5889,6437,2,8249.36,4124.68
1933,309,2735,3,10747.83,3582.61
1934,7405,3200,2,9211.9,4605.95
1935,1191,6371,5,8828.9,1765.78
1936,1457,5065,5,24327.95,4865.59
1937,7684,5797,5,3544.6,708.92
1938,7672,1315,1,3239.7,3239.7
1939,7784,6794,5,10182.4,2036.48
1940,3299,8882,1,409.5,409.5
1941,3688,2947,4,18381.72,4595.43
1942,384,8295,3,7734.36,2578.12
1943,221,9896,4,5230.8,1307.7
1944,3424,2905,1,2095.8,2095.8
1945,1025,75,4,3561.4,890.35
1946,579,3854,1,4862.96,4862.96
1947,4082,9321,3,395.46,131.82
1948,4272,3782,1,4374.91,4374.91
1949,74,7312,1,2457.58,2457.58
1950,5323,4784,3,3869.46,1289.82
1951,6444,1229,5,20268.85,4053.77
1952,5456,1942,5,6744.35,1348.87
1953,792,4656,5,12590.85,2518.17
1954,1288,2568,2,1337.9,668.95
1955,2386,2040,1,4641.93,4641.93
1956,3094,9258,2,3815.74,1907.87
1957,8897,7173,5,20168.5,4033.7
1958,4896,3711,5,14949.75,2989.95
1959,9038,4327,3,9724.2,3241.4
1960,16,6596,5,14643.85,2928.77
1961,6494,5899,3,3912.36,1304.12
1962,47,82,3,4669.53,1556.51
1963,6203,4796,5,18384.65,3676.93
1964,6132,9437,2,3274.58,1637.29
1965,2344,2748,2,5701.4,2850.7
1966,9558,6704,5,11867.75,2373.55
1967,5376,8158,5,180.6,36.12
1968,2814,5252,1,4865.94,4865.94
1969,6939,5740,1,1687.05,1687.05
1970,5911,9778,3,10498.44,3499.48
1971,6604,6742,5,15207.4,3041.48
1972,4376,9424,1,4100.26,4100.26
1973,5384,2280,1,3514.33,3514.33
1974,4754,3577,2,8820.66,4410.33
1975,2619,9837,5,17933.25,3586.65
1976,2622,8059,2,5329.88,2664.94
1977,3873,3134,4,1091.4,272.85
1978,7826,9387,3,10323.9,3441.3
1979,6546,700,3,6606.15,2202.05
1980,1907,8220,2,1313.02,656.51
1981,6185,3704,2,6188.32,3094.16
1982,3074,9353,4,16146.08,4036.52
1983,2492,8759,4,13264.72,3316.18
1984,2035,2614,3,2669.64,889.88
1985,9866,7805,1,2700.71,2700.71
1986,2489,8593,4,567.32,141.83
1987,7299,2475,1,4192.3,4192.3
1988,935,4500,2,1154.64,577.32
1989,9209,2514,2,5902.98,2951.49
1990,7626,2641,2,6095.88,3047.94
1991,8122,387,1,2606.68,2606.68
1992,48,1083,2,4400.24,2200.12
1993,901,7370,5,13465.25,2693.05
1994,9848,1289,2,1031.72,515.86
1995,4164,9439,1,3051.8,3051.8
1996,5808,8909,2,7949.82,3974.91
1997,1578,832,3,8210.28,2736.76
1998,1814,9760,3,3715.17,1238.39
1999,4956,1034,4,9095.6,2273.9
2000,8896,8544,2,3160.1,1580.05
2001,5164,6133,5,14388.75,2877.75
2002,1131,3993,4,14480.56,3620.14
2003,9005,3673,1,3506.17,3506.17
2004,1679,3986,3,267.72,89.24
2005,1092,4785,2,1366.0,683.0
2006,1943,1108,4,12914.2,3228.55
2007,557,4910,4,12853.84,3213.46
2008,6303,1631,5,20885.55,4177.11
2009,4602,3064,5,19921.7,3984.34
2010,9843,3786,2,6775.32,3387.66
2011,8477,4817,5,4224.0,844.8
2012,7817,5463,5,16463.55,3292.71
2013,1712,5801,3,12535.2,4178.4
2014,5431,5751,3,13130.13,4376.71
2015,2198,7848,2,4955.58,2477.79
2016,9168,5171,3,5614.53,1871.51
2017,6222,4089,2,1291.48,645.74
2018,1189,6616,5,12295.05,2459.01
2019,8428,6981,4,10402.68,2600.67
2020,8240,9051,2,9043.14,4521.57
2021,9338,8720,2,6489.6,3244.8
2022,4889,1423,5,24920.9,4984.18
2023,6518,9113,3,7039.32,2346.44
2024,2320,9524,1,4450.25,4450.25
2025,665,3089,4,18602.64,4650.66
2026,6568,5244,3,10700.85,3566.95
2027,4026,9921,2,2175.18,1087.59
2028,5461,3320,1,449.34,449.34
2029,8228,7472,2,7482.6,3741.3
2030,178,7849,4,4197.48,1049.37
2031,3795,316,4,3068.36,767.09
2032,8840,6409,1,122.05,122.05
2033,2528,9077,1,2970.69,2970.69
2034,4395,5042,3,8546.34,2848.78
2035,1385,4705,3,4362.24,1454.08
2036,9339,5709,3,10198.44,3399.48
2037,9479,3202,4,634.2,158.55
2038,4997,1579,4,17239.28,4309.82
2039,9834,9610,1,3165.67,3165.67
2040,2050,9315,4,15102.52,3775.63
2041,3077,2427,2,447.4,223.7
2042,694,3577,3,13820.94,4606.98
2043,3339,9530,1,268.14,268.14
2044,4469,1180,1,2683.95,2683.95
2045,7883,274,2,4167.2,2083.6
2046,9325,4381,2,6993.74,3496.87
2047,3967,9588,3,5410.2,1803.4
2048,948,9517,4,1849.04,462.26
2049,6290,1165,4,11551.56,2887.89
2050,9933,4153,1,2831.52,2831.52
2051,3007,3217,2,6556.14,3278.07
2052,6760,8148,4,3172.6,793.15
2053,9424,7448,3,9591.3,3197.1
2054,56,2059,3,12651.09,4217.03
2055,4251,1556,1,326.01,326.01
2056,132,6691,3,562.62,187.54
2057,2470,6920,5,6779.95,1355.99
2058,6549,1895,3,1139.19,379.73
2059,4916,9286,4,6006.68,1501.67
2060,1444,9124,2,6322.68,3161.34
2061,6909,7091,3,4011.27,1337.09
2062,8617,6606,1,3274.39,3274.39
2063,8565,238,4,11157.2,2789.3
2064,8063,3004,2,7869.28,3934.64
2065,4950,7563,3,13435.14,4478.38
2066,6852,2233,5,17744.5,3548.9
2067,4796,5523,2,7988.52,3994.26
2068,3769,3576,5,11941.2,2388.24
2069,5512,7122,5,17207.85,3441.57
2070,691,485,4,7805.48,1951.37
2071,4554,185,5,12875.1,2575.02
2072,5587,265,2,4828.42,2414.21
2073,4516,7806,1,4182.91,4182.91
2074,7206,7575,3,7806.51,2602.17
2075,8894,4813,5,6403.1,1280.62
2076,3865,709,5,707.0,141.4
2077,8693,1830,3,11880.72,3960.24
2078,3703,4684,5,1339.5,267.9
2079,5903,7398,5,21204.15,4240.83
2080,4200,2664,5,18483.7,3696.74
2081,5836,7140,5,11309.25,2261.85
2082,9034,8563,2,9126.38,4563.19
2083,2847,6802,3,2266.14,755.38
2084,7538,1378,4,11378.2,2844.55
2085,185,8613,3,7184.73,2394.91
2086,233,7972,2,4266.04,2133.02
2087,1573,5716,1,3077.77,3077.77
2088,2419,9476,4,10148.44,2537.11
2089,8437,2833,1,2313.32,2313.32
2090,2138,904,2,5161.8,2580.9
2091,3728,609,1,2904.0,2904.0
2092,8484,6951,2,8382.76,4191.38
2093,376,9214,1,2582.64,2582.64
2094,3624,4635,5,8788.95,1757.79
2095,3416,7333,5,13572.75,2714.55
2096,8644,1411,4,4882.72,1220.68
2097,85,3699,4,10989.56,2747.39
2098,3397,1129,4,4723.92,1180.98
2099,2623,3240,4,3589.68,897.42
2100,7424,4363,4,15319.84,3829.96
2101,8339,8503,4,17614.4,4403.6
2102,9575,180,5,14852.5,2970.5
2103,2172,5850,5,12021.55,2404.31
2104,9341,1169,3,13117.89,4372.63
2105,9125,9594,1,1439.56,1439.56
2106,2884,9217,4,12551.8,3137.95
2107,1389,5037,1,4558.35,4558.35
2108,8223,8036,4,14941.52,3735.38
2109,142,5942,1,4034.68,4034.68
2110,3592,7229,4,13081.4,3270.35
2111,15,6977,1,4192.81,4192.81
2112,3386,1842,4,19601.84,4900.46
2113,1245,5974,2,7077.06,3538.53
2114,4190,8818,5,15369.25,3073.85
2115,335,1563,5,11795.9,2359.18
2116,3628,9258,5,376.0,75.2
2117,8826,3367,1,1963.36,1963.36
2118,8276,346,4,8016.88,2004.22
2119,9941,1550,2,7216.84,3608.42
2120,9325,921,4,10741.2,2685.3
2121,3536,1154,4,6822.52,1705.63
2122,4058,5002,2,7552.02,3776.01
2123,7389,3111,1,2207.75,2207.75
2124,7493,2589,3,6818.19,2272.73
2125,7267,3178,2,4406.12,2203.06
2126,9623,9801,3,11773.68,3924.56
2127,3468,4245,3,9602.88,3200.96
2128,5155,4118,3,7910.76,2636.92
2129,5606,4098,5,17091.15,3418.23
2130,9047,1102,4,5808.48,1452.12
2131,3792,9193,2,889.64,444.82
2132,4477,5528,3,6729.3,2243.1
2133,8846,7530,3,2898.48,966.16
2134,2875,4203,2,6926.54,3463.27
2135,932,4030,2,4449.74,2224.87
2136,426,821,2,7926.16,3963.08
2137,5744,6065,5,6461.8,1292.36
2138,8490,7835,2,3469.68,1734.84
2139,5679,7187,5,14348.85,2869.77
2140,7745,6997,5,15068.25,3013.65
2141,7814,2759,4,14825.52,3706.38
2142,668,1315,2,7488.84,3744.42
2143,4905,3282,1,1525.29,1525.29
2144,4174,1156,3,1813.95,604.65
2145,3528,5733,2,8487.76,4243.88
2146,7298,7799,5,12506.55,2501.31
2147,9721,9660,3,12106.38,4035.46
2148,9939,4730,4,1905.16,476.29
2149,7662,1664,5,23366.2,4673.24
2150,2477,3577,3,10938.21,3646.07
2151,3962,5376,2,4815.82,2407.91
2152,7502,6843,2,2078.74,1039.37
2153,216,3074,4,392.48,98.12
2154,360,6825,3,6444.27,2148.09
2155,6381,3339,3,13695.15,4565.05
2156,5640,4711,2,2813.92,1406.96
2157,7491,8062,1,3836.09,3836.09
2158,8804,1267,5,12918.3,2583.66
2159,3878,3645,2,1810.82,905.41
2160,7592,3019,1,2501.52,2501.52
2161,9682,1306,3,4188.36,1396.12
2162,5963,6364,5,8715.55,1743.11
2163,8986,9196,5,20929.9,4185.98
2164,4022,5970,2,6244.94,3122.47
2165,2353,3333,4,18750.72,4687.68
2166,1882,2372,3,10102.02,3367.34
2167,1005,7303,4,16384.32,4096.08
2168,9372,3507,2,2615.24,1307.62
2169,5169,358,5,24171.35,4834.27
2170,1260,7727,2,5358.46,2679.23
2171,7005,6788,3,6727.02,2242.34
2172,6196,873,4,14378.08,3594.52
2173,1788,6515,1,4992.36,4992.36
2174,990,9830,5,7795.45,1559.09
2175,9532,4738,5,17935.65,3587.13
2176,8744,504,2,3855.98,1927.99
2177,4616,2534,1,1031.49,1031.49
2178,5811,30,5,7920.3,1584.06
2179,3972,8043,2,6005.1,3002.55
2180,6430,7445,1,3908.29,3908.29
2181,3311,2221,2,2101.48,1050.74
2182,1252,5501,1,1348.56,1348.56
2183,5401,5382,5,15381.35,3076.27
2184,732,5606,5,10201.85,2040.37
2185,5780,3474,5,16288.1,3257.62
2186,9389,9806,5,5877.25,1175.45
2187,6213,7575,3,14017.5,4672.5
2188,1135,4747,3,10737.72,3579.24
2189,6355,1271,4,286.12,71.53
2190,185,6880,1,3053.71,3053.71
2191,5255,2133,1,627.57,627.57
2192,6610,5418,5,7935.15,1587.03
2193,7458,3554,4,12516.2,3129.05
2194,2326,4048,4,2237.8,559.45
2195,3510,2488,4,18632.28,4658.07
2196,8143,2436,3,3417.96,1139.32
2197,7018,1402,1,3658.34,3658.34
2198,7531,68,5,18906.2,3781.24
2199,1503,618,1,4406.91,4406.91
2200,3650,4653,1,1001.82,1001.82
2201,363,4170,5,9093.8,1818.76
2202,7291,9189,5,13927.35,2785.47
2203,97,7729,2,4768.68,2384.34
2204,4033,5426,3,9585.03,3195.01
2205,5515,9416,1,1520.47,1520.47
2206,1391,3968,4,11681.72,2920.43
2207,9998,9780,3,12642.45,4214.15
2208,4369,6440,1,782.11,782.11
2209,5188,1254,3,315.75,105.25
2210,9467,7848,3,14440.47,4813.49
2211,9993,6654,1,1934.35,1934.35
2212,8102,3801,4,2115.12,528.78
2213,8965,3383,1,1440.56,1440.56
2214,9784,2386,5,10878.2,2175.64
2215,5189,9316,4,2612.32,653.08
2216,1688,1205,3,5478.27,1826.09
2217,7230,262,2,9033.32,4516.66
2218,6953,9387,3,9307.02,3102.34
2219,6444,2541,4,16050.32,4012.58
2220,9571,1123,2,5202.06,2601.03
2221,8012,25,4,5203.32,1300.83
2222,5187,5937,3,2512.29,837.43
2223,6317,891,2,8008.22,4004.11
2224,4502,2525,1,1393.11,1393.11
2225,7166,1000,3,6237.42,2079.14
2226,2124,1320,4,7413.16,1853.29
2227,173,2462,3,7527.27,2509.09
2228,8679,906,5,14090.85,2818.17
2229,7376,3067,4,10508.56,2627.14
2230,6318,6261,1,706.29,706.29
2231,8243,8264,2,5198.16,2599.08
2232,4880,9072,2,76.3,38.15
2233,4407,4357,4,4290.96,1072.74
2234,3269,4010,5,7264.35,1452.87
2235,7659,8913,4,13149.68,3287.42
2236,7169,7819,5,3100.75,620.15
2237,232,6935,2,1647.86,823.93
2238,931,9635,5,4876.95,975.39
2239,3627,1620,3,1357.65,452.55
2240,7321,5408,3,1806.48,602.16
2241,4707,4797,1,4783.61,4783.61
2242,4228,5297,2,4305.24,2152.62
2243,4901,6744,4,10837.28,2709.32
2244,8185,3524,2,25.6,12.8
2245,219,1921,3,8461.71,2820.57
2246,6853,6936,5,9548.5,1909.7
2247,1962,2181,5,18841.65,3768.33
2248,5511,3419,5,4940.1,988.02
2249,449,4827,5,2626.6,525.32
2250,1301,7849,1,1449.16,1449.16
2251,753,9740,1,608.88,608.88
2252,6162,4076,4,6908.76,1727.19
2253,7646,6799,4,15658.04,3914.51
2254,8000,694,3,8155.65,2718.55
2255,5086,4141,1,4387.42,4387.42
2256,6324,7971,5,3776.55,755.31
2257,6816,5222,2,7265.1,3632.55
2258,7945,1038,1,4248.5,4248.5
2259,7869,8737,2,5027.9,2513.95
2260,1936,1543,3,5310.06,1770.02
2261,9163,7420,3,8238.27,2746.09
2262,6765,8575,3,2661.45,887.15
2263,3692,405,3,3035.82,1011.94
2264,7792,3282,2,9419.74,4709.87
2265,7583,7977,1,4020.24,4020.24
2266,6748,4440,2,4529.14,2264.57
2267,4087,7117,2,5882.4,2941.2
2268,8802,819,4,12293.28,3073.32
2269,8969,1324,2,3777.6,1888.8
2270,151,9703,5,5790.55,1158.11
2271,3614,2266,4,12418.04,3104.51
2272,6331,2709,1,3149.89,3149.89
2273,4336,8745,1,3238.9,3238.9
2274,6831,5266,1,2157.82,2157.82
2275,9609,7878,1,2139.32,2139.32
2276,1751,2573,3,784.95,261.65
2277,7499,9131,2,2173.68,1086.84
2278,8271,4143,4,8074.48,2018.62
2279,9796,2883,1,1586.35,1586.35
2280,7505,8768,4,12923.2,3230.8
2281,799,1744,5,22040.05,4408.01
2282,7447,9922,3,2617.65,872.55
2283,8455,294,3,2292.87,764.29
2284,2781,442,1,518.19,518.19
2285,6401,8473,1,1883.05,1883.05
2286,9611,3414,1,2829.72,2829.72
2287,4479,9305,3,10076.7,3358.9
2288,6606,3822,2,4390.78,2195.39
2289,9283,3969,5,76.6,15.32
2290,9395,3958,2,8751.96,4375.98
2291,6382,3110,1,2406.21,2406.21
2292,7204,6354,2,6240.56,3120.28
2293,8314,3532,1,407.6,407.6
2294,3665,7540,2,8429.48,4214.74
2295,2552,3096,4,12392.84,3098.21
2296,1703,6489,5,8699.1,1739.82
2297,6803,4382,2,3091.3,1545.65
2298,169,1779,3,6677.79,2225.93
2299,9113,4591,1,515.12,515.12
2300,9227,6887,2,4587.22,2293.61
2301,3104,2583,5,7666.15,1533.23
2302,8265,242,3,12791.73,4263.91
2303,1715,2104,2,4830.24,2415.12
2304,4037,2823,3,7505.64,2501.88
2305,5267,8126,1,4727.19,4727.19
2306,2100,6281,4,7897.48,1974.37
2307,6055,3296,4,17759.4,4439.85
2308,2884,1873,2,1538.52,769.26
2309,4089,3242,2,2552.74,1276.37
2310,7774,6420,1,3950.2,3950.2
2311,8489,9533,4,10181.76,2545.44
2312,4981,4841,3,466.98,155.66
2313,8197,6564,2,2876.42,1438.21
2314,6721,1,2,4185.44,2092.72
2315,7251,5286,3,13132.05,4377.35
2316,1364,8036,3,6397.77,2132.59
2317,9977,3926,2,1665.22,832.61
2318,8036,8420,4,11075.84,2768.96
2319,4777,3309,5,9188.85,1837.77
2320,4057,4746,1,3192.73,3192.73
2321,9164,5929,5,3315.2,663.04
2322,9091,5912,3,12113.1,4037.7
2323,253,5365,4,10661.76,2665.44
2324,2891,3690,5,21733.4,4346.68
2325,5470,4623,4,17689.36,4422.34
2326,6221,5072,5,6782.2,1356.44
2327,7900,8397,2,827.24,413.62
2328,3166,9519,1,4706.7,4706.7
2329,8824,2727,2,9345.08,4672.54
2330,7215,2949,4,13019.08,3254.77
2331,6192,4727,5,20773.1,4154.62
2332,7316,8422,3,13998.15,4666.05
2333,2947,8158,2,6672.3,3336.15
2334,6637,9186,3,4752.66,1584.22
2335,2113,8118,3,723.45,241.15
2336,1407,1243,2,2788.8,1394.4
2337,27,2399,2,9548.18,4774.09
2338,7505,8633,2,1715.64,857.82
2339,4644,449,3,6503.88,2167.96
2340,6686,9937,2,1855.82,927.91
2341,4654,8287,4,13832.48,3458.12
2342,1781,5861,3,3195.3,1065.1
2343,1998,1700,3,11015.34,3671.78
2344,5971,2411,2,8567.76,4283.88
2345,5697,215,1,689.57,689.57
2346,423,9791,1,3800.94,3800.94
2347,2866,1680,5,11956.95,2391.39
2348,7911,3844,3,9458.52,3152.84
2349,6467,3021,2,4767.66,2383.83
2350,4298,2897,4,11181.68,2795.42
2351,7363,7326,2,9733.06,4866.53
2352,2406,3877,4,1573.96,393.49
2353,856,6926,1,252.62,252.62
2354,3631,7504,2,4531.96,2265.98
2355,1572,3573,1,4037.96,4037.96
2356,4228,8839,3,1074.75,358.25
2357,2450,91,3,14649.84,4883.28
2358,894,244,4,5537.4,1384.35
2359,502,3006,2,8442.56,4221.28
2360,6853,1449,1,2822.23,2822.23
2361,6746,3231,5,10358.75,2071.75
2362,7960,6175,2,9147.74,4573.87
2363,7201,4896,5,1295.15,259.03
2364,7279,4834,3,9978.69,3326.23
2365,603,3363,2,3720.3,1860.15
2366,239,8661,5,19471.95,3894.39
2367,8222,6140,3,7565.94,2521.98
2368,2870,1735,5,8315.35,1663.07
2369,4804,5763,4,18072.84,4518.21
2370,6069,8531,3,5071.98,1690.66
2371,3945,8144,3,3569.79,1189.93
2372,6203,7347,2,5578.58,2789.29
2373,2354,2322,3,11219.22,3739.74
2374,1771,9608,4,18895.24,4723.81
2375,2991,9951,2,9063.14,4531.57
2376,446,3871,2,6236.72,3118.36
2377,7714,2388,5,14039.2,2807.84
2378,2307,3343,2,8279.4,4139.7
2379,5116,5959,4,5057.16,1264.29
2380,9252,3803,2,51.32,25.66
2381,249,4666,2,8857.82,4428.91
2382,9835,1334,3,5293.5,1764.5
2383,1182,146,1,220.25,220.25
2384,2392,2641,5,24159.25,4831.85
2385,9978,8262,1,164.47,164.47
2386,9559,1028,2,8096.4,4048.2
2387,1520,3081,3,9969.48,3323.16
2388,4601,6590,2,2551.62,1275.81
2389,8793,6924,1,4891.69,4891.69
2390,2057,5357,1,3766.12,3766.12
2391,8943,1814,2,1546.34,773.17
2392,9258,1903,2,8847.4,4423.7
2393,6213,7810,1,993.38,993.38
2394,7062,6961,1,2641.03,2641.03
2395,7232,1513,4,5531.76,1382.94
2396,8001,1535,3,1640.07,546.69
2397,7839,6619,3,10686.42,3562.14
2398,7385,8279,4,11524.56,2881.14
2399,9542,7432,2,5967.96,2983.98
2400,8953,5221,5,3663.25,732.65
2401,8265,2589,3,3277.89,1092.63
2402,8405,9037,4,8060.32,2015.08
2403,8566,5280,2,4873.96,2436.98
2404,1106,9733,5,23349.8,4669.96
2405,2267,5281,2,7056.32,3528.16
2406,9812,4535,4,17599.44,4399.86
2407,1566,4419,3,7819.65,2606.55
2408,5418,6436,5,1833.4,366.68
2409,615,5228,4,13925.36,3481.34
2410,9033,4741,3,6041.43,2013.81
2411,4481,9476,4,2499.56,624.89
2412,7121,1694,3,3783.06,1261.02
2413,1916,3347,4,16195.4,4048.85
2414,9176,2661,4,9433.28,2358.32
2415,5076,4144,3,11552.34,3850.78
2416,4249,6292,1,930.75,930.75
2417,1256,6783,4,17659.96,4414.99
2418,9204,760,5,4180.5,836.1
2419,7204,5511,5,17331.95,3466.39
2420,8069,5540,1,1839.52,1839.52
2421,5775,7741,3,4307.25,1435.75
2422,7596,5798,1,3893.41,3893.41
2423,2879,1675,3,6861.21,2287.07
2424,2103,7423,4,9534.04,2383.51
2425,6333,5519,1,4066.43,4066.43
2426,6144,7997,2,6606.86,3303.43
2427,7441,4235,2,2049.52,1024.76
2428,2889,981,1,1610.3,1610.3
2429,737,3881,1,1125.93,1125.93
2430,739,6734,4,1828.44,457.11
2431,8996,3849,2,5126.36,2563.18
2432,9626,8945,2,8043.16,4021.58
2433,6001,4600,5,18623.25,3724.65
2434,1285,4235,1,1072.23,1072.23
2435,6200,6439,1,1277.52,1277.52
2436,8553,7555,4,19338.52,4834.63
2437,7450,4460,3,13205.49,4401.83
2438,6620,5329,4,1497.68,374.42
2439,8749,9661,3,7253.52,2417.84
2440,1256,740,3,2615.58,871.86
2441,2138,2124,1,1045.34,1045.34
2442,8048,2329,4,6381.56,1595.39
2443,3430,9178,2,6374.84,3187.42
2444,4739,8407,4,16192.08,4048.02
2445,8477,1906,4,6722.64,1680.66
2446,3931,6487,3,14067.45,4689.15
2447,3147,4040,3,14221.26,4740.42
2448,493,2512,5,21374.95,4274.99
2449,2720,2193,5,21325.75,4265.15
2450,2102,7388,2,2215.48,1107.74
2451,3189,8841,5,16951.5,3390.3
2452,6844,7344,3,7105.92,2368.64
2453,2425,1784,3,1835.97,611.99
2454,2480,3579,3,94.77,31.59
2455,6364,5082,3,12026.4,4008.8
2456,1021,9796,2,5704.42,2852.21
2457,107,2330,4,17300.88,4325.22
2458,4915,8490,1,2802.79,2802.79
2459,2502,3873,5,19826.05,3965.21
2460,3386,8992,2,2907.18,1453.59
2461,8100,384,1,4285.6,4285.6
2462,5640,5887,2,5842.1,2921.05
2463,5983,5143,3,7389.51,2463.17
2464,5019,767,5,4956.9,991.38
2465,4328,1133,2,9421.3,4710.65
2466,1580,8655,1,2993.84,2993.84
2467,860,3529,1,1329.92,1329.92
2468,4327,9997,3,9082.8,3027.6
2469,5272,3083,4,9288.4,2322.1
2470,8468,2467,4,5519.8,1379.95
2471,1233,4461,3,3789.84,1263.28
2472,5485,8839,1,860.8,860.8
2473,1975,7252,4,2013.32,503.33
2474,5688,6417,4,14411.24,3602.81
2475,6571,8919,2,397.6,198.8
2476,3297,6747,1,321.43,321.43
2477,6929,1926,5,17944.7,3588.94
2478,9484,845,3,5716.29,1905.43
2479,5152,3225,5,926.25,185.25
2480,2922,1189,2,2733.22,1366.61
2481,6148,9624,3,11242.83,3747.61
2482,6442,7919,4,4491.76,1122.94
2483,4207,7494,2,2656.8,1328.4
2484,9108,6771,1,3208.08,3208.08
2485,2762,3763,1,1305.16,1305.16
2486,5201,8889,5,10524.7,2104.94
2487,5152,7242,4,7048.68,1762.17
2488,3980,3976,3,5781.84,1927.28
2489,3929,3562,2,54.54,27.27
2490,2401,819,2,9910.28,4955.14
2491,3293,4120,1,1189.72,1189.72
2492,4761,5307,2,7605.62,3802.81
2493,4232,8112,3,7853.1,2617.7
2494,3921,3666,3,13966.44,4655.48
2495,3726,6627,2,3176.26,1588.13
2496,8867,653,1,2111.6,2111.6
2497,3718,2917,2,250.98,125.49
2498,7586,9939,1,4274.9,4274.9
2499,1422,9036,2,1701.94,850.97
2500,7748,6414,4,10312.68,2578.17
2501,9923,4203,5,19170.75,3834.15
2502,1219,7629,5,1527.45,305.49
2503,2151,2538,2,9363.48,4681.74
2504,4889,255,4,15904.52,3976.13
2505,804,122,2,934.64,467.32
2506,8431,6418,5,15265.7,3053.14
2507,2433,7546,1,109.52,109.52
2508,2526,518,3,4307.43,1435.81
2509,6389,8531,3,12605.61,4201.87
2510,6338,6153,3,882.57,294.19
2511,9005,5421,3,12728.55,4242.85
2512,2708,8833,4,11222.16,2805.54
2513,6912,7283,5,768.2,153.64
2514,7795,7470,1,2714.53,2714.53
2515,463,6563,3,6889.8,2296.6
2516,9812,2037,2,5660.0,2830.0
2517,7052,3096,2,1141.44,570.72
2518,5044,2934,1,4455.81,4455.81
2519,9211,6968,2,9761.58,4880.79
2520,3050,981,4,1776.92,444.23
2521,1789,980,4,15998.36,3999.59
2522,5504,2395,5,21052.0,4210.4
2523,7957,9305,5,1485.6,297.12
2524,7939,8676,1,2456.59,2456.59
2525,8006,638,3,9800.1,3266.7
2526,107,7690,2,9171.22,4585.61
2527,1441,5907,5,14668.3,2933.66
2528,1,2901,3,13941.78,4647.26
2529,7524,5666,2,5505.82,2752.91
2530,6959,9055,3,2243.46,747.82
2531,7552,9473,1,3157.8,3157.8
2532,2083,3573,5,6369.0,1273.8
2533,1913,238,5,1448.3,289.66
2534,1437,8672,3,5340.3,1780.1
2535,2449,4501,2,1137.38,568.69
2536,4860,9525,1,2291.54,2291.54
2537,6254,3898,5,6254.45,1250.89
2538,9187,4806,2,5110.2,2555.1
2539,4538,4302,5,20530.1,4106.02
2540,5006,8582,1,4850.99,4850.99
2541,706,8675,2,951.6,475.8
2542,8621,8713,1,4256.44,4256.44
2543,3805,5846,5,3243.85,648.77
2544,592,2279,1,1660.5,1660.5
2545,2753,994,3,10450.65,3483.55
2546,6765,5278,3,6197.52,2065.84
2547,3299,1148,2,7787.2,3893.6
2548,4560,952,1,2665.41,2665.41
2549,8189,7188,4,4977.84,1244.46
2550,5586,5058,3,3773.13,1257.71
2551,262,6498,1,1992.83,1992.83
2552,5009,3496,4,19393.96,4848.49
2553,6714,1258,5,18837.4,3767.48
2554,4320,473,4,2202.08,550.52
2555,3218,5822,3,9631.38,3210.46
2556,700,5729,3,13661.1,4553.7
2557,105,1667,4,6624.88,1656.22
2558,4188,4849,2,6955.6,3477.8
2559,1887,2985,5,21591.95,4318.39
2560,2109,5757,4,9423.12,2355.78
2561,1188,8901,3,4709.01,1569.67
2562,6994,8078,3,4282.29,1427.43
2563,4595,9890,1,4106.77,4106.77
2564,6325,3011,2,2857.54,1428.77
2565,7581,1419,4,6270.16,1567.54
2566,6068,1438,4,4358.2,1089.55
2567,4597,974,5,3145.7,629.14
2568,5895,1582,2,5926.58,2963.29
2569,1214,6503,3,14056.77,4685.59
2570,8396,3650,5,11113.7,2222.74
2571,5531,7077,2,8159.46,4079.73
2572,1438,1857,5,21797.4,4359.48
2573,9022,1687,5,23860.6,4772.12
2574,6325,4548,4,10991.28,2747.82
2575,7103,7069,3,6107.97,2035.99
2576,3957,5185,4,5064.2,1266.05
2577,7784,1004,4,16246.84,4061.71
2578,2909,6872,2,5030.06,2515.03
2579,4789,4494,5,12829.6,2565.92
2580,1800,4243,2,46.46,23.23
2581,7661,3184,3,10660.47,3553.49
2582,8823,1421,1,3382.93,3382.93
2583,7901,199,2,5811.06,2905.53
2584,8454,4433,2,1217.76,608.88
2585,1147,2384,3,818.22,272.74
2586,3589,1979,3,9218.67,3072.89
2587,8813,5705,2,2554.08,1277.04
2588,8469,3376,4,4950.0,1237.5
2589,8211,2003,2,7736.92,3868.46
2590,7034,4892,5,19381.7,3876.34
2591,8827,1786,4,17223.64,4305.91
2592,7060,3257,4,10159.92,2539.98
2593,6035,1738,2,1639.66,819.83
2594,8505,5372,2,3655.6,1827.8
2595,5325,45,5,7542.2,1508.44
2596,1075,1494,1,2179.51,2179.51
2597,253,4381,2,2292.48,1146.24
2598,6772,1359,3,5175.75,1725.25
2599,7874,4315,2,4611.3,2305.65
2600,1849,9160,4,8773.76,2193.44
2601,2496,2627,5,13990.55,2798.11
2602,8093,3032,5,23676.55,4735.31
2603,7569,1794,5,9344.85,1868.97
2604,8612,4892,3,8135.19,2711.73
2605,1773,831,5,303.05,60.61
2606,9666,1084,5,14127.15,2825.43
2607,2835,8440,4,4366.4,1091.6
2608,8055,8079,2,31.22,15.61
2609,5987,3777,1,2821.24,2821.24
2610,8617,665,4,13255.84,3313.96
2611,8486,1618,2,3914.44,1957.22
2612,1925,6152,2,9402.52,4701.26
2613,4561,3957,3,2332.62,777.54
2614,5626,158,5,24618.15,4923.63
2615,5841,1147,4,2883.56,720.89
2616,6990,2610,3,1674.27,558.09
2617,2464,3106,4,14873.12,3718.28
2618,8453,6855,3,6309.51,2103.17
2619,7928,9649,3,4589.82,1529.94
2620,757,7767,3,1243.68,414.56
2621,3472,3475,5,4960.7,992.14
2622,4679,8126,1,4821.25,4821.25
2623,7845,8428,2,7769.7,3884.85
2624,7331,5424,5,20642.6,4128.52
2625,7200,1045,1,716.48,716.48
2626,9901,9720,5,20017.35,4003.47
2627,9812,4095,2,6146.72,3073.36
2628,4057,696,1,1449.72,1449.72
2629,3843,3111,4,14776.44,3694.11
2630,326,7566,4,12070.8,3017.7
2631,8647,4509,2,8658.54,4329.27
2632,5110,8197,1,3155.45,3155.45
2633,348,3929,2,2117.08,1058.54
2634,1327,4106,3,6164.43,2054.81
2635,306,8231,4,19939.72,4984.93
2636,510,6122,2,1460.56,730.28
2637,8022,7894,5,17254.2,3450.84
2638,807,1521,2,8055.94,4027.97
2639,7773,9929,3,10973.7,3657.9
2640,8025,2822,4,12909.96,3227.49
2641,1709,7961,5,11509.65,2301.93
2642,256,5514,1,3525.16,3525.16
2643,1428,74,5,6714.0,1342.8
2644,1148,3434,4,10404.64,2601.16
2645,1676,3971,2,5474.34,2737.17
2646,7825,3656,3,14490.36,4830.12
2647,9323,498,3,9939.48,3313.16
2648,21,3883,4,5614.36,1403.59
2649,4518,1952,5,5544.85,1108.97
2650,7083,2817,2,4859.74,2429.87
2651,9522,5393,4,11910.0,2977.5
2652,1247,8691,4,19758.92,4939.73
2653,250,3322,2,132.74,66.37
2654,2398,259,1,4493.47,4493.47
2655,3174,6047,5,2399.95,479.99
2656,6718,3070,4,4727.4,1181.85
2657,4680,5378,5,7307.55,1461.51
2658,8227,7799,2,4729.38,2364.69
2659,8807,1740,5,10082.05,2016.41
2660,8020,8093,3,9399.42,3133.14
2661,4172,6411,4,12177.88,3044.47
2662,4459,9083,1,1158.89,1158.89
2663,987,1391,3,4984.98,1661.66
2664,2703,5750,1,2812.06,2812.06
2665,178,7316,3,13852.8,4617.6
2666,9976,7316,3,8681.52,2893.84
2667,1721,1570,1,2355.22,2355.22
2668,9710,5326,5,111.4,22.28
2669,5129,6025,1,2243.48,2243.48
2670,3737,335,3,3461.22,1153.74
2671,3095,5956,5,8024.9,1604.98
2672,3335,6980,3,6813.06,2271.02
2673,4427,9851,1,4419.25,4419.25
2674,4540,2091,4,10527.56,2631.89
2675,5144,2894,5,20177.9,4035.58
2676,6989,8446,2,5434.44,2717.22
2677,8724,4209,4,18666.24,4666.56
2678,8880,1691,5,3513.0,702.6
2679,5952,1415,5,24991.8,4998.36
2680,9244,837,3,10256.43,3418.81
2681,7895,9383,2,151.98,75.99
2682,8939,6874,5,10264.6,2052.92
2683,3921,2544,2,6512.96,3256.48
2684,5982,5638,1,1766.27,1766.27
2685,3798,593,3,14203.44,4734.48
2686,1431,6338,5,2085.3,417.06
2687,1056,7705,5,16590.0,3318.0
2688,605,9467,5,315.1,63.02
2689,7286,9854,1,4012.15,4012.15
2690,7726,6649,1,1957.41,1957.41
2691,6644,6348,5,7584.6,1516.92
2692,4496,3848,4,14212.88,3553.22
2693,8858,3831,3,14492.22,4830.74
2694,58,7314,3,5740.38,1913.46
2695,9683,8060,5,16500.8,3300.16
2696,2838,3499,2,9188.06,4594.03
2697,4482,3334,4,19333.72,4833.43
2698,1310,8697,2,6284.82,3142.41
2699,2006,8143,1,1382.05,1382.05
2700,2159,8849,3,10955.97,3651.99
2701,801,7553,5,8478.8,1695.76
2702,351,9992,4,14236.72,3559.18
2703,6031,3944,4,15095.8,3773.95
2704,2524,8136,4,11785.2,2946.3
2705,6966,1885,5,6253.05,1250.61
2706,8546,9332,1,3214.85,3214.85
2707,8038,7066,5,20727.8,4145.56
2708,3847,3998,1,701.89,701.89
2709,5793,9013,4,2068.56,517.14
2710,4477,4608,3,401.31,133.77
2711,6970,7305,5,15494.35,3098.87
2712,2016,2799,5,11495.45,2299.09
2713,7568,3161,2,3264.74,1632.37
2714,1398,7722,2,6261.74,3130.87
2715,6712,55,1,2572.84,2572.84
2716,6885,5937,2,7491.5,3745.75
2717,4605,4498,5,23995.25,4799.05
2718,911,1450,4,10938.36,2734.59
2719,4421,7942,5,12035.25,2407.05
2720,6954,6327,3,11313.48,3771.16
2721,3403,2618,1,2924.24,2924.24
2722,1315,2109,3,629.25,209.75
2723,6713,5863,2,8194.58,4097.29
2724,1669,8492,4,1608.32,402.08
2725,8560,3743,3,12352.41,4117.47
2726,7439,3860,1,246.29,246.29
2727,3351,785,2,7885.98,3942.99
2728,1307,3026,3,8230.74,2743.58
2729,1123,1170,4,11053.0,2763.25
2730,3524,4173,2,9938.6,4969.3
2731,8632,6714,1,3283.72,3283.72
2732,9858,4232,3,3525.6,1175.2
2733,7801,9214,1,1185.25,1185.25
2734,8320,8395,3,1043.97,347.99
2735,8040,4191,2,2672.44,1336.22
2736,2706,556,2,6169.12,3084.56
2737,7795,6364,5,24115.15,4823.03
2738,3117,7578,5,15172.4,3034.48
2739,3352,9471,1,3925.38,3925.38
2740,9580,826,4,18815.2,4703.8
2741,7617,6295,1,3566.2,3566.2
2742,6612,4723,4,4474.4,1118.6
2743,5076,2915,5,8140.25,1628.05
2744,1113,9936,3,8494.32,2831.44
2745,3522,2045,2,7711.16,3855.58
2746,7668,5882,2,7959.32,3979.66
2747,9507,3203,4,19626.24,4906.56
2748,8247,8826,1,1138.92,1138.92
2749,9957,5569,5,2876.3,575.26
2750,4106,5998,5,17149.5,3429.9
2751,4437,9341,3,10134.0,3378.0
2752,5939,1477,5,17667.95,3533.59
2753,4316,1173,3,11666.07,3888.69
2754,652,55,1,2087.7,2087.7
2755,7153,443,1,4439.93,4439.93
2756,9865,5714,2,714.24,357.12
2757,6100,9495,3,1305.75,435.25
2758,4740,9680,1,2878.74,2878.74
2759,2374,838,5,16974.55,3394.91
2760,3083,893,2,3626.7,1813.35
2761,3827,5640,2,9750.82,4875.41
2762,3341,2368,5,22555.4,4511.08
2763,2910,3795,3,1871.85,623.95
2764,2767,9462,2,6458.08,3229.04
2765,5678,4423,5,22088.4,4417.68
2766,8599,2677,2,7950.4,3975.2
2767,3489,201,5,2771.2,554.24
2768,9631,6296,3,11515.53,3838.51
2769,5234,3850,1,2103.97,2103.97
2770,1723,7681,4,16140.2,4035.05
2771,7546,6310,1,2402.12,2402.12
2772,2982,8937,4,9411.92,2352.98
2773,52,7919,2,7250.42,3625.21
2774,8146,5296,5,7621.95,1524.39
2775,9729,556,1,2695.61,2695.61
2776,6669,2432,2,9828.82,4914.41
2777,9105,9616,1,1800.79,1800.79
2778,1373,7057,2,199.88,99.94
2779,6251,4900,1,4297.56,4297.56
2780,5029,5625,4,19652.72,4913.18
2781,7190,8203,3,5896.86,1965.62
2782,3303,5987,4,5827.76,1456.94
2783,1987,5084,3,11642.64,3880.88
2784,7180,2119,4,19057.48,4764.37
2785,7110,3414,1,4727.57,4727.57
2786,5750,9910,5,14761.65,2952.33
2787,8305,4659,2,1386.08,693.04
2788,4842,9928,3,9027.24,3009.08
2789,5607,4797,2,3943.38,1971.69
2790,3261,1784,2,3560.68,1780.34
2791,5491,9882,4,5832.16,1458.04
2792,4602,3067,5,3216.85,643.37
2793,6472,6786,4,6376.28,1594.07
2794,3702,7259,5,5308.2,1061.64
2795,2001,2715,3,768.39,256.13
2796,9719,7690,3,6481.23,2160.41
2797,6547,350,1,3418.64,3418.64
2798,1593,7116,2,7684.9,3842.45
2799,2215,5840,1,541.74,541.74
2800,6246,4997,5,1317.25,263.45
2801,1770,5916,2,9709.0,4854.5
2802,2615,6274,2,4100.8,2050.4
2803,8511,7762,1,4375.36,4375.36
2804,1467,3707,2,8476.54,4238.27
2805,4349,8676,2,5786.22,2893.11
2806,233,2117,5,21261.0,4252.2
2807,206,9664,3,7010.1,2336.7
2808,2369,2979,1,1985.2,1985.2
2809,433,3914,4,14386.6,3596.65
2810,8491,3541,5,2349.6,469.92
2811,1389,8801,4,9219.16,2304.79
2812,6573,8049,3,3734.1,1244.7
2813,9833,2868,3,4097.73,1365.91
2814,5463,9513,1,743.33,743.33
2815,898,9006,1,1849.73,1849.73
2816,1696,2816,4,1425.96,356.49
2817,2258,1747,1,39.7,39.7
2818,634,8031,1,110.94,110.94
2819,6607,3936,1,2525.73,2525.73
2820,8133,1553,3,6000.51,2000.17
2821,2420,4057,2,1373.34,686.67
2822,9801,9202,5,22044.3,4408.86
2823,9281,3709,1,115.45,115.45
2824,5289,9085,2,5991.6,2995.8
2825,4316,9744,1,1250.25,1250.25
2826,1679,1734,4,1236.48,309.12
2827,9141,1477,2,6437.26,3218.63
2828,8878,454,5,24851.8,4970.36
2829,4669,2344,1,325.42,325.42
2830,7915,553,5,8680.0,1736.0
2831,9785,6262,2,5620.26,2810.13
2832,51,2250,4,14493.36,3623.34
2833,2149,4592,3,2002.23,667.41
2834,6126,5496,2,2939.58,1469.79
2835,311,4900,2,2146.28,1073.14
2836,4752,739,3,5740.02,1913.34
2837,1610,7725,5,15610.15,3122.03
2838,1134,6785,5,15687.3,3137.46
2839,7103,493,1,1786.0,1786.0
2840,3111,2321,4,10577.48,2644.37
2841,5542,2700,3,7849.17,2616.39
2842,6093,6566,1,2437.77,2437.77
2843,5855,8827,1,135.38,135.38
2844,9209,1055,1,1866.5,1866.5
2845,4168,9033,2,8597.88,4298.94
2846,5836,9270,5,19378.0,3875.6
2847,8637,4388,5,15164.7,3032.94
2848,5450,756,1,1722.35,1722.35
2849,5971,3415,3,6062.4,2020.8
2850,6665,4518,4,525.36,131.34
2851,1167,5640,3,7927.35,2642.45
2852,7941,1456,5,14745.8,2949.16
2853,837,8999,4,15714.84,3928.71
2854,2173,4329,4,4299.6,1074.9
2855,6023,9970,4,3777.08,944.27
2856,3445,3121,4,7982.68,1995.67
2857,2488,6711,1,3480.12,3480.12
2858,5469,3136,2,5842.68,2921.34
2859,7149,5482,1,3346.37,3346.37
2860,6672,2357,5,1907.35,381.47
2861,1108,2329,1,1301.14,1301.14
2862,9783,2940,3,11373.69,3791.23
2863,7449,5905,4,8807.6,2201.9
2864,4282,3709,2,6788.24,3394.12
2865,7941,3951,2,6576.14,3288.07
2866,1267,9268,3,1168.2,389.4
2867,5830,2395,1,3120.63,3120.63
2868,9480,6140,2,5448.5,2724.25
2869,4043,647,4,7352.12,1838.03
2870,1663,1781,3,452.91,150.97
2871,3463,1545,3,6872.91,2290.97
2872,3838,9932,3,12279.66,4093.22
2873,470,2721,1,2179.25,2179.25
2874,5986,5014,1,1689.2,1689.2
2875,2135,125,2,8451.08,4225.54
2876,8144,9708,5,7543.05,1508.61
2877,4026,6916,3,14608.83,4869.61
2878,5703,8336,3,11015.61,3671.87
2879,842,9751,1,2475.04,2475.04
2880,3018,7259,3,2186.73,728.91
2881,7241,3047,1,3211.18,3211.18
2882,375,7418,4,19208.84,4802.21
2883,3930,3098,4,15168.24,3792.06
2884,3774,7563,3,2795.49,931.83
2885,9150,2414,4,17943.0,4485.75
2886,2625,1405,2,6939.96,3469.98
2887,6619,3788,1,3163.1,3163.1
2888,8871,8358,1,4980.29,4980.29
2889,1484,6974,4,10534.72,2633.68
2890,421,6353,4,19593.44,4898.36
2891,2705,5284,1,1041.82,1041.82
2892,8540,3730,1,1906.61,1906.61
2893,4039,1750,3,6866.46,2288.82
2894,1820,3296,3,14470.65,4823.55
2895,9131,2220,5,13379.8,2675.96
2896,2069,8630,2,4548.78,2274.39
2897,6862,5790,1,1606.06,1606.06
2898,2010,9217,1,1217.33,1217.33
2899,2963,2705,4,8717.56,2179.39
2900,4009,94,4,5984.16,1496.04
2901,6842,7594,3,6317.88,2105.96
2902,1226,9058,1,491.37,491.37
2903,7722,4003,3,5961.36,1987.12
2904,447,8860,2,3888.6,1944.3
2905,9971,6905,1,1837.05,1837.05
2906,8006,5593,2,8173.54,4086.77
2907,9134,1118,4,11679.76,2919.94
2908,280,5410,3,654.75,218.25
2909,557,6152,5,16286.0,3257.2
2910,3078,2858,5,12162.9,2432.58
2911,3718,6853,3,14713.56,4904.52
2912,8300,7011,1,3629.64,3629.64
2913,4637,5889,3,4906.95,1635.65
2914,6521,3084,1,2377.77,2377.77
2915,5384,585,5,18739.95,3747.99
2916,3429,8970,5,20725.2,4145.04
2917,1304,8177,4,13284.08,3321.02
2918,3254,6443,3,2183.61,727.87
2919,6056,2070,3,8616.51,2872.17
2920,9855,1236,2,4469.0,2234.5
2921,5551,165,5,7529.45,1505.89
2922,8229,2385,2,4227.76,2113.88
2923,9838,9181,4,17534.04,4383.51
2924,8394,4978,5,2720.95,544.19
2925,1405,6490,1,4484.54,4484.54
2926,7817,3738,4,6602.12,1650.53
2927,835,5266,3,6040.65,2013.55
2928,5381,3744,3,11644.68,3881.56
2929,9417,6276,3,5410.86,1803.62
2930,6735,1084,2,4112.94,2056.47
2931,1780,2092,3,7841.28,2613.76
2932,9992,1357,5,7718.25,1543.65
2933,6219,6517,4,12220.36,3055.09
2934,3733,5683,3,14813.01,4937.67
2935,9219,6193,5,10290.75,2058.15
2936,9223,9237,5,16568.55,3313.71
2937,561,257,3,12836.49,4278.83
2938,287,1071,4,8394.12,2098.53
2939,8830,8506,2,7145.54,3572.77
2940,8894,318,1,2394.0,2394.0
2941,7237,1797,5,15954.75,3190.95
2942,1759,6337,5,23585.6,4717.12
2943,9427,3047,2,6795.14,3397.57
2944,3714,2339,5,11323.3,2264.66
2945,7289,5962,3,10535.79,3511.93
2946,3521,3642,1,3432.85,3432.85
2947,5929,6154,3,5190.57,1730.19
2948,1396,7517,2,8785.46,4392.73
2949,9155,1349,4,16907.16,4226.79
2950,6248,1305,5,17601.3,3520.26
2951,4353,6148,1,1997.55,1997.55
2952,8763,5087,3,7247.07,2415.69
2953,749,8908,1,424.8,424.8
2954,4024,4822,1,4041.49,4041.49
2955,4668,8118,2,5831.58,2915.79
2956,6908,9707,5,16413.35,3282.67
2957,3642,6571,2,6325.98,3162.99
2958,1635,6193,4,3660.0,915.0
2959,9559,9621,3,10655.82,3551.94
2960,2527,4268,3,11719.74,3906.58
2961,7650,9293,3,7046.88,2348.96
2962,9174,2019,3,13484.1,4494.7
2963,3335,5797,2,1263.62,631.81
2964,8820,4604,3,4748.61,1582.87
2965,1343,2516,1,2332.53,2332.53
2966,7218,684,5,13900.4,2780.08
2967,6815,3665,2,2137.8,1068.9
2968,4013,2358,2,1585.46,792.73
2969,7691,290,1,3939.23,3939.23
2970,8532,5398,3,6558.0,2186.0
2971,6587,5400,5,19786.35,3957.27
2972,4935,7360,3,2138.85,712.95
2973,4165,4181,4,4317.8,1079.45
2974,7927,2892,1,2987.1,2987.1
2975,4371,5802,3,13247.19,4415.73
2976,155,8787,5,12676.35,2535.27
2977,8299,6861,2,1536.74,768.37
2978,2366,9009,1,4736.1,4736.1
2979,1395,5710,2,805.2,402.6
2980,7920,4323,4,546.84,136.71
2981,768,5756,1,3645.14,3645.14
2982,9330,2967,3,641.37,213.79
2983,7383,81,5,5586.7,1117.34
2984,8602,613,2,8773.38,4386.69
2985,7037,8720,1,2433.46,2433.46
2986,2660,5981,4,16473.2,4118.3
2987,1378,1974,4,17019.4,4254.85
2988,5943,3402,4,19467.76,4866.94
2989,7567,2151,2,5682.66,2841.33
2990,4276,7963,3,10744.86,3581.62
2991,9504,7630,3,13103.25,4367.75
2992,3038,7328,5,14636.1,2927.22
2993,2797,7717,5,24457.05,4891.41
2994,4593,9781,4,13957.0,3489.25
2995,6923,9706,2,3396.26,1698.13
2996,9517,1818,1,199.7,199.7
2997,3110,7212,3,9050.13,3016.71
2998,9366,4029,4,14549.0,3637.25
2999,6934,3914,3,4201.41,1400.47
3000,900,5919,1,4795.0,4795.0
3001,2355,4863,5,19872.0,3974.4
3002,943,4314,4,13190.0,3297.5
3003,6694,5730,2,9416.08,4708.04
3004,9886,5110,5,11030.1,2206.02
3005,6877,9724,3,2367.0,789.0
3006,3211,6101,1,1664.71,1664.71
3007,4992,8296,3,3137.22,1045.74
3008,9379,9186,1,4397.96,4397.96
3009,4498,2862,1,3808.84,3808.84
3010,534,8315,4,10382.48,2595.62
3011,1074,3204,1,1072.96,1072.96
3012,6444,1433,5,6349.7,1269.94
3013,7054,7458,2,7979.86,3989.93
3014,6886,3634,5,10674.9,2134.98
3015,9463,585,4,7273.44,1818.36
3016,8589,5200,3,3107.43,1035.81
3017,9856,3742,2,7865.52,3932.76
3018,3897,1582,3,1720.86,573.62
3019,4969,9566,3,2554.11,851.37
3020,7778,6579,1,3261.22,3261.22
3021,4691,6053,5,5123.3,1024.66
3022,3313,5231,3,6711.24,2237.08
3023,7012,1614,2,7769.9,3884.95
3024,3031,4016,2,362.28,181.14
3025,4357,9217,2,4907.48,2453.74
3026,9041,5785,1,93.55,93.55
3027,9320,8974,3,12111.63,4037.21
3028,9464,7264,2,9225.6,4612.8
3029,4056,1183,5,5641.0,1128.2
3030,4235,6880,4,5846.32,1461.58
3031,6811,8655,1,3381.03,3381.03
3032,8351,6674,1,3872.88,3872.88
3033,3503,1944,2,2813.28,1406.64
3034,2255,1818,5,17601.7,3520.34
3035,3390,8651,2,4595.1,2297.55
3036,264,4938,5,5784.1,1156.82
3037,6384,4691,5,19895.55,3979.11
3038,5889,3141,4,13081.4,3270.35
3039,7122,7264,1,1479.7,1479.7
3040,2577,8769,4,7520.4,1880.1
3041,7124,2772,2,3160.16,1580.08
3042,353,4187,2,2016.52,1008.26
3043,4613,4218,2,1613.72,806.86
3044,9520,3934,5,4206.05,841.21
3045,6678,3356,3,12261.78,4087.26
3046,3214,9809,1,3495.33,3495.33
3047,5468,1161,1,2537.48,2537.48
3048,6232,6533,1,577.56,577.56
3049,3883,3622,3,3867.27,1289.09
3050,1925,1473,5,14003.55,2800.71
3051,605,834,4,19086.4,4771.6
3052,8958,5768,3,6207.72,2069.24
3053,5380,8292,2,4722.52,2361.26
3054,2208,5455,2,8889.14,4444.57
3055,2460,9260,1,30.38,30.38
3056,8484,6497,3,833.58,277.86
3057,8524,500,2,8289.84,4144.92
3058,8394,212,2,4800.58,2400.29
3059,1732,9161,4,933.36,233.34
3060,4184,1090,4,9406.64,2351.66
3061,8950,5745,1,4938.47,4938.47
3062,7535,6433,5,4686.0,937.2
3063,8660,5333,4,14452.28,3613.07
3064,172,581,4,438.6,109.65
3065,1794,9408,5,19420.3,3884.06
3066,8671,5426,4,15079.68,3769.92
3067,8917,8347,2,9699.64,4849.82
3068,614,9437,3,8682.06,2894.02
3069,2697,4998,4,465.56,116.39
3070,7459,5249,4,7584.56,1896.14
3071,8590,7195,5,22496.6,4499.32
3072,4279,3989,3,11850.78,3950.26
3073,778,7726,3,12850.41,4283.47
3074,642,7723,2,1092.44,546.22
3075,909,6490,1,171.98,171.98
3076,786,9420,3,9049.23,3016.41
3077,9530,3172,4,1842.64,460.66
3078,9464,1949,3,4737.66,1579.22
3079,431,3036,1,1906.43,1906.43
3080,3845,6073,3,1671.33,557.11
3081,2581,4511,5,819.5,163.9
3082,5395,4052,1,3244.33,3244.33
3083,2764,4056,5,18108.6,3621.72
3084,1990,6829,5,8244.75,1648.95
3085,3313,1960,4,6406.92,1601.73
3086,767,4800,3,10137.6,3379.2
3087,4057,8234,5,7162.5,1432.5
3088,9123,3324,1,4870.73,4870.73
3089,4356,315,1,2127.28,2127.28
3090,323,7195,3,14285.73,4761.91
3091,9495,2592,1,3382.92,3382.92
3092,7834,1667,2,1207.46,603.73
3093,4636,2730,5,2817.6,563.52
3094,8260,1673,2,6358.9,3179.45
3095,8122,1347,5,13028.6,2605.72
3096,6857,256,2,2936.02,1468.01
3097,5158,1906,5,20829.05,4165.81
3098,9303,1147,4,15622.84,3905.71
3099,5881,4225,5,9188.75,1837.75
3100,3534,733,1,3634.39,3634.39
3101,2291,1437,1,560.08,560.08
3102,8643,6164,1,2785.61,2785.61
3103,4160,6266,1,1860.68,1860.68
3104,9657,9850,5,6948.5,1389.7
3105,4630,940,3,9026.91,3008.97
3106,3766,5309,4,17502.2,4375.55
3107,9545,2355,4,12778.12,3194.53
3108,6260,6067,3,12277.86,4092.62
3109,3920,1662,2,4347.6,2173.8
3110,7947,6269,2,6900.1,3450.05
3111,2906,830,1,1096.85,1096.85
3112,7234,6168,1,2913.07,2913.07
3113,9528,9965,1,3178.01,3178.01
3114,4244,7596,1,4771.87,4771.87
3115,6454,7450,2,4010.66,2005.33
3116,5001,4284,1,1009.35,1009.35
3117,4328,6114,5,6209.15,1241.83
3118,1555,3730,5,5726.0,1145.2
3119,564,5817,2,5024.36,2512.18
3120,3497,464,5,14482.65,2896.53
3121,7634,7346,5,6815.0,1363.0
3122,4525,4784,4,1519.84,379.96
3123,5789,4433,3,6619.47,2206.49
3124,1955,3627,3,4680.75,1560.25
3125,3405,4038,2,126.22,63.11
3126,6287,5831,1,488.36,488.36
3127,1902,354,1,4054.22,4054.22
3128,6971,2043,5,19700.4,3940.08
3129,7038,2506,4,7750.76,1937.69
3130,4951,9002,5,278.95,55.79
3131,2787,3289,5,9796.6,1959.32
3132,9733,8375,4,15833.56,3958.39
3133,7595,5060,2,7049.6,3524.8
3134,3507,9989,3,14579.82,4859.94
3135,2486,2905,5,3839.1,767.82
3136,3762,7955,4,5722.32,1430.58
3137,6194,2737,5,21975.05,4395.01
3138,2746,8226,1,224.99,224.99
3139,6857,6252,4,8490.52,2122.63
3140,6826,3401,2,7172.44,3586.22
3141,6503,8314,2,8634.1,4317.05
3142,4870,412,5,9757.4,1951.48
3143,2997,6574,4,11166.52,2791.63
3144,6518,3386,3,3502.98,1167.66
3145,6330,4505,1,4107.39,4107.39
3146,225,7541,1,2117.51,2117.51
3147,8822,2008,1,408.6,408.6
3148,7339,8186,1,2855.57,2855.57
3149,8076,4119,5,17144.1,3428.82
3150,1462,2960,2,8996.78,4498.39
3151,3315,5990,5,5978.6,1195.72
3152,6873,6615,5,803.8,160.76
3153,8088,3445,1,3206.56,3206.56
3154,9149,4255,1,1156.23,1156.23
3155,295,110,1,2665.24,2665.24
3156,6368,2850,2,7957.04,3978.52
3157,7195,6955,1,3938.75,3938.75
3158,2645,1012,5,14822.5,2964.5
3159,8271,7459,5,6605.55,1321.11
3160,8249,1412,4,15887.64,3971.91
3161,8873,9771,2,8136.2,4068.1
3162,2679,3366,3,11989.56,3996.52
3163,1925,5808,4,9152.44,2288.11
3164,7655,4846,1,314.43,314.43
3165,6402,4054,4,19446.4,4861.6
3166,7868,232,3,11101.68,3700.56
3167,4906,8982,4,3113.72,778.43
3168,563,7193,3,1400.79,466.93
3169,4073,197,5,13586.8,2717.36
3170,4252,9819,2,6273.88,3136.94
3171,4076,6797,1,4371.21,4371.21
3172,8209,3357,5,6532.75,1306.55
3173,5714,185,2,5237.66,2618.83
3174,1967,5770,1,4585.71,4585.71
3175,1866,438,3,371.76,123.92
3176,949,1819,4,4645.24,1161.31
3177,5063,3722,5,23457.95,4691.59
3178,6857,5823,5,4518.1,903.62
3179,9365,2425,1,2185.59,2185.59
3180,4497,6496,4,17981.12,4495.28
3181,3278,1847,5,23349.5,4669.9
3182,7006,2132,3,6063.99,2021.33
3183,6718,5644,4,2521.0,630.25
3184,553,1108,4,19457.2,4864.3
3185,8413,6771,3,993.93,331.31
3186,4404,161,2,8703.18,4351.59
3187,4016,6709,5,12843.8,2568.76
3188,3625,7357,3,12828.96,4276.32
3189,9810,7938,3,2262.48,754.16
3190,3638,8095,4,12538.0,3134.5
3191,1189,2659,2,8539.68,4269.84
3192,8626,3130,3,4156.47,1385.49
3193,447,9438,2,6041.48,3020.74
3194,6652,872,5,24371.3,4874.26
3195,8259,9381,5,5896.85,1179.37
3196,129,7972,1,3039.06,3039.06
3197,176,1859,3,6930.03,2310.01
3198,1675,2736,5,11332.75,2266.55
3199,6919,2642,5,9534.8,1906.96
3200,935,9898,2,7416.24,3708.12
3201,1555,8814,5,6692.2,1338.44
3202,8271,2845,4,2883.08,720.77
3203,1981,135,5,8260.0,1652.0
3204,9318,8820,1,1297.94,1297.94
3205,6394,8621,5,3889.7,777.94
3206,3604,68,5,9451.55,1890.31
3207,4963,7979,1,2361.7,2361.7
3208,6924,6148,3,9060.6,3020.2
3209,9499,5823,1,1461.67,1461.67
3210,845,7712,2,1459.36,729.68
3211,9497,8258,4,3412.0,853.0
3212,1363,4299,1,3402.23,3402.23
3213,9308,2423,2,3059.32,1529.66
3214,7335,6890,1,1653.76,1653.76
3215,9723,2278,2,8816.56,4408.28
3216,8179,7061,3,6785.97,2261.99
3217,6330,1439,4,10649.6,2662.4
3218,5719,1196,5,24373.15,4874.63
3219,6852,7760,2,9975.24,4987.62
3220,2318,3147,5,23764.75,4752.95
3221,7236,8268,4,6941.04,1735.26
3222,4152,812,4,14618.76,3654.69
3223,5791,2642,3,10869.48,3623.16
3224,9,1774,5,7050.1,1410.02
3225,1198,8787,4,17321.64,4330.41
3226,3048,3389,4,11825.92,2956.48
3227,1916,5969,5,8331.65,1666.33
3228,1165,8442,5,6199.05,1239.81
3229,123,8304,2,6424.02,3212.01
3230,6515,5113,2,9008.52,4504.26
3231,372,4823,3,354.24,118.08
3232,7373,345,4,18272.44,4568.11
3233,4430,7278,4,11366.36,2841.59
3234,1267,7256,5,21061.4,4212.28
3235,9018,5421,3,8019.51,2673.17
3236,284,9876,3,653.67,217.89
3237,8324,1077,3,7688.82,2562.94
3238,7969,2266,2,4044.88,2022.44
3239,8071,5530,3,5276.04,1758.68
3240,2051,8335,2,2736.52,1368.26
3241,8938,4644,1,1083.29,1083.29
3242,582,26,1,1073.05,1073.05
3243,6137,2309,3,9975.96,3325.32
3244,6641,9295,4,12526.2,3131.55
3245,9957,1637,5,15408.45,3081.69
3246,3300,7264,4,6506.76,1626.69
3247,8368,9571,5,1305.85,261.17
3248,8714,1958,1,4971.99,4971.99
3249,1087,2067,1,850.4,850.4
3250,1757,270,4,521.08,130.27
3251,2930,4988,4,7876.92,1969.23
3252,8750,9043,2,5777.08,2888.54
3253,9249,7534,5,7801.3,1560.26
3254,6085,2041,3,13056.15,4352.05
3255,531,4344,1,2869.98,2869.98
3256,9940,917,1,1726.63,1726.63
3257,5242,4420,1,2403.24,2403.24
3258,5566,6668,5,8419.7,1683.94
3259,6433,9118,5,11932.2,2386.44
3260,3246,9487,3,13995.45,4665.15
3261,1797,2494,2,4221.82,2110.91
3262,7920,3513,5,15963.3,3192.66
3263,2344,1488,3,6329.04,2109.68
3264,9103,1231,5,10891.0,2178.2
3265,5440,1765,2,8418.56,4209.28
3266,3601,1185,1,2070.39,2070.39
3267,4631,1048,5,18800.8,3760.16
3268,612,5014,2,322.18,161.09
3269,3519,9754,4,1309.96,327.49
3270,9764,4235,2,5985.3,2992.65
3271,5325,7400,4,16608.52,4152.13
3272,4931,2653,3,14944.32,4981.44
3273,2682,1302,4,6017.24,1504.31
3274,7821,9595,3,4728.81,1576.27
3275,7426,1031,2,8356.8,4178.4
3276,9808,2039,3,8858.31,2952.77
3277,8750,3002,1,4159.24,4159.24
3278,6995,8229,5,891.65,178.33
3279,8334,8430,1,3060.67,3060.67
3280,6666,7036,2,9432.72,4716.36
3281,5227,3298,5,12188.7,2437.74
3282,1030,7112,1,117.34,117.34
3283,4630,413,3,1665.69,555.23
3284,3741,7357,1,4293.19,4293.19
3285,650,5920,2,8478.36,4239.18
3286,797,1183,2,6717.56,3358.78
3287,592,3919,2,3039.28,1519.64
3288,6339,2973,3,7078.11,2359.37
3289,5721,5554,1,1513.3,1513.3
3290,8621,7270,1,1707.55,1707.55
3291,3132,4306,4,7961.92,1990.48
3292,4250,1692,1,4474.78,4474.78
3293,523,5921,4,19820.32,4955.08
3294,3568,7370,5,11882.7,2376.54
3295,2925,6067,5,15667.65,3133.53
3296,6476,8361,3,9755.88,3251.96
3297,1867,4051,4,14388.04,3597.01
3298,6792,2137,2,1947.2,973.6
3299,6278,837,2,7991.46,3995.73
3300,7780,3433,4,2830.44,707.61
3301,5332,469,3,6608.46,2202.82
3302,8218,6201,2,3149.18,1574.59
3303,7227,3011,5,17120.0,3424.0
3304,6007,1351,2,1248.56,624.28
3305,5517,8770,3,4802.76,1600.92
3306,2491,9518,4,9573.68,2393.42
3307,7869,1136,1,2088.24,2088.24
3308,5551,5016,5,8548.85,1709.77
3309,3027,7653,2,7308.34,3654.17
3310,4812,1373,1,3798.75,3798.75
3311,4336,7912,4,3584.76,896.19
3312,9575,6360,4,797.16,199.29
3313,7312,4803,5,24121.9,4824.38
3314,2736,5708,2,4929.42,2464.71
3315,6453,1784,3,11879.76,3959.92
3316,5640,8452,1,4073.68,4073.68
3317,5025,1443,1,1503.28,1503.28
3318,3017,2855,2,8079.16,4039.58
3319,5205,5087,2,7617.78,3808.89
3320,6524,597,1,2715.38,2715.38
3321,9462,5927,2,6291.94,3145.97
3322,5963,2319,3,14892.63,4964.21
3323,1820,2673,2,2597.14,1298.57
3324,6167,5591,5,10292.35,2058.47
3325,3467,19,4,13354.4,3338.6
3326,1588,666,4,17762.32,4440.58
3327,1278,2377,2,6355.62,3177.81
3328,303,9359,2,9757.94,4878.97
3329,8739,2631,2,8869.1,4434.55
3330,5251,1521,2,4667.76,2333.88
3331,5927,2549,5,7306.2,1461.24
3332,1529,8956,4,10398.24,2599.56
3333,8453,2359,4,1790.72,447.68
3334,3883,4601,2,3671.96,1835.98
3335,5178,447,1,871.17,871.17
3336,8643,203,2,4876.66,2438.33
3337,3493,5474,1,4502.71,4502.71
3338,5868,5045,5,8973.9,1794.78
3339,1121,7592,5,21056.5,4211.3
3340,6852,8742,4,7619.64,1904.91
3341,4360,5971,1,264.5,264.5
3342,6293,356,5,7212.7,1442.54
3343,7151,8272,1,4118.54,4118.54
3344,6469,2506,2,8515.9,4257.95
3345,6560,8228,1,2356.09,2356.09
3346,6369,1376,1,3819.95,3819.95
3347,2444,9864,1,506.79,506.79
3348,2317,3385,4,17773.24,4443.31
3349,9455,2676,2,2762.72,1381.36
3350,6290,7820,1,1375.15,1375.15
3351,915,8036,2,1731.8,865.9
3352,6046,3233,5,7325.9,1465.18
3353,9697,9168,3,2881.08,960.36
3354,396,558,3,5724.3,1908.1
3355,9882,1367,5,11843.5,2368.7
3356,451,8956,4,2298.52,574.63
3357,1602,3301,3,14432.64,4810.88
3358,9470,1692,2,9361.58,4680.79
3359,7088,5403,5,2366.2,473.24
3360,1134,5157,3,782.43,260.81
3361,8674,7551,4,11582.2,2895.55
3362,2127,4701,4,3893.0,973.25
3363,5427,9344,5,4470.05,894.01
3364,9013,7751,4,13557.76,3389.44
3365,2922,1634,1,659.92,659.92
3366,5826,4471,5,3162.45,632.49
3367,3004,8219,1,1197.19,1197.19
3368,9958,8143,2,5166.88,2583.44
3369,5047,7395,1,2749.46,2749.46
3370,2166,6727,4,11887.52,2971.88
3371,3011,9337,1,4749.0,4749.0
3372,3964,2739,2,8015.14,4007.57
3373,2962,2135,5,10151.9,2030.38
3374,5814,2146,4,19729.64,4932.41
3375,7718,4094,1,527.76,527.76
3376,7660,8658,1,2939.93,2939.93
3377,6794,929,1,1206.14,1206.14
3378,7275,4748,2,5098.2,2549.1
3379,1508,8845,3,12901.38,4300.46
3380,9728,6104,3,6585.96,2195.32
3381,4649,3608,4,3306.84,826.71
3382,2921,7842,4,8862.92,2215.73
3383,2766,6732,2,1074.14,537.07
3384,7528,7038,3,7724.91,2574.97
3385,65,8481,4,9239.24,2309.81
3386,3910,6622,4,7333.0,1833.25
3387,6754,2476,5,10424.15,2084.83
3388,6206,3288,4,19856.0,4964.0
3389,3456,3187,3,10470.27,3490.09
3390,701,5076,3,4956.6,1652.2
3391,7047,4588,4,11464.48,2866.12
3392,3094,7039,3,6526.92,2175.64
3393,1137,80,3,2364.42,788.14
3394,2417,8591,2,2627.54,1313.77
3395,440,7491,2,9588.52,4794.26
3396,1406,8463,4,9376.0,2344.0
3397,5382,9086,5,6536.4,1307.28
3398,8048,3224,2,6561.48,3280.74
3399,1158,9308,4,9687.68,2421.92
3400,8139,4121,2,683.06,341.53
3401,1647,7037,5,15817.15,3163.43
3402,4845,9755,5,3428.95,685.79
3403,9248,9166,2,5153.66,2576.83
3404,1681,5937,4,9351.72,2337.93
3405,4772,9859,3,12507.09,4169.03
3406,7381,2530,1,1069.85,1069.85
3407,982,7145,2,3142.58,1571.29
3408,285,831,2,2455.52,1227.76
3409,2063,4717,4,13601.44,3400.36
3410,7106,1990,4,17177.84,4294.46
3411,1024,1418,4,19862.76,4965.69
3412,11,3878,3,3570.36,1190.12
3413,7543,6893,5,15172.35,3034.47
3414,585,7366,3,6804.21,2268.07
3415,2360,6017,1,1043.72,1043.72
3416,1501,1236,4,8863.64,2215.91
3417,7338,7369,4,2580.68,645.17
3418,3302,7434,5,15070.95,3014.19
3419,6989,6674,3,4379.88,1459.96
3420,9283,9009,1,864.52,864.52
3421,1101,4879,4,18580.44,4645.11
3422,8130,8071,2,1074.4,537.2
3423,2275,4570,5,21932.6,4386.52
3424,4125,9335,2,5134.0,2567.0
3425,3234,8474,3,14589.45,4863.15
3426,3415,2613,1,3396.67,3396.67
3427,3994,3080,4,5525.64,1381.41
3428,1423,1522,4,18029.24,4507.31
3429,8758,4606,2,6637.08,3318.54
3430,4649,5470,5,15313.55,3062.71
3431,6482,5523,3,9534.33,3178.11
3432,3325,4755,5,21025.7,4205.14
3433,3735,423,2,6999.54,3499.77
3434,8409,9320,4,17482.72,4370.68
3435,8471,355,4,6215.8,1553.95
3436,6212,4825,2,8968.84,4484.42
3437,1751,9861,5,3139.5,627.9
3438,729,7118,5,24580.65,4916.13
3439,1088,4266,2,8096.7,4048.35
3440,2612,4665,4,8183.12,2045.78
3441,2509,9399,1,4367.09,4367.09
3442,1431,8916,2,4528.62,2264.31
3443,6580,4571,1,1873.72,1873.72
3444,6135,4395,2,427.54,213.77
3445,2263,1741,4,11205.96,2801.49
3446,8864,4305,5,13248.1,2649.62
3447,549,3604,3,2609.49,869.83
3448,9662,6028,1,2411.67,2411.67
3449,2076,8187,1,3298.95,3298.95
3450,9039,2297,5,7041.8,1408.36
3451,7505,2755,5,1044.2,208.84
3452,3644,8839,3,13269.36,4423.12
3453,5968,535,3,11515.68,3838.56
3454,2088,7736,2,8463.16,4231.58
3455,4520,6513,2,1413.28,706.64
3456,6004,4899,2,2970.8,1485.4
3457,4672,7236,3,7291.05,2430.35
3458,5128,1281,2,6442.64,3221.32
3459,1399,2205,5,5614.95,1122.99
3460,9966,9566,2,6865.48,3432.74
3461,8475,192,4,8550.64,2137.66
3462,9638,6056,2,2325.22,1162.61
3463,9798,8879,1,762.48,762.48
3464,2582,4885,5,22624.2,4524.84
3465,4731,788,5,11693.85,2338.77
3466,4176,6688,4,11148.92,2787.23
3467,9689,4643,3,11346.45,3782.15
3468,6208,9787,2,6208.52,3104.26
3469,1045,6498,1,2940.54,2940.54
3470,791,7717,2,2403.6,1201.8
3471,7922,4578,2,7740.42,3870.21
3472,9772,4659,1,1234.27,1234.27
3473,2542,6332,2,6092.12,3046.06
3474,8699,3199,2,7767.74,3883.87
3475,6751,9233,4,14613.96,3653.49
3476,4985,3844,3,3497.7,1165.9
3477,5322,4320,2,2168.62,1084.31
3478,5590,4093,4,11180.28,2795.07
3479,6812,423,5,2521.0,504.2
3480,1414,3513,3,8867.4,2955.8
3481,5275,5718,2,5017.16,2508.58
3482,2277,4467,1,1289.86,1289.86
3483,3413,2481,5,20463.4,4092.68
3484,5937,4067,3,727.83,242.61
3485,1401,9121,2,5326.8,2663.4
3486,1690,6090,3,2997.54,999.18
3487,9382,3449,3,1790.79,596.93
3488,6096,641,5,2445.2,489.04
3489,185,8548,2,265.3,132.65
3490,186,8484,5,16460.9,3292.18
3491,4836,8183,1,4806.94,4806.94
3492,8421,4648,3,510.36,170.12
3493,9717,1257,1,2743.41,2743.41
3494,8478,4088,3,8491.41,2830.47
3495,1536,2029,5,3963.05,792.61
3496,242,4792,3,9061.68,3020.56
3497,718,5011,5,12178.75,2435.75
3498,6376,6282,5,13092.55,2618.51
3499,4411,287,1,4549.3,4549.3
3500,839,7823,2,5983.7,2991.85
3501,5049,4318,5,1996.65,399.33
3502,1409,2092,3,11309.34,3769.78
3503,9534,7001,1,1208.58,1208.58
3504,9116,8638,4,6002.08,1500.52
3505,322,6100,2,5543.76,2771.88
3506,7387,5197,3,11511.54,3837.18
3507,9915,5573,4,8457.04,2114.26
3508,2902,573,3,6650.91,2216.97
3509,8277,1568,2,8811.98,4405.99
3510,6787,4454,5,11184.15,2236.83
3511,110,6019,3,2340.78,780.26
3512,2837,6713,5,1409.7,281.94
3513,8851,2070,1,2965.74,2965.74
3514,1808,9909,4,19761.2,4940.3
3515,1117,8489,5,15059.85,3011.97
3516,6735,7193,2,8181.8,4090.9
3517,9532,2154,1,3160.96,3160.96
3518,6107,4076,4,10491.32,2622.83
3519,4042,4274,4,14705.4,3676.35
3520,6532,2510,4,1946.48,486.62
3521,3979,6362,1,2329.39,2329.39
3522,1470,17,2,103.06,51.53
3523,1271,5594,2,9440.74,4720.37
3524,5277,7360,3,11181.12,3727.04
3525,7026,9291,1,569.57,569.57
3526,2411,4962,3,11133.84,3711.28
3527,1920,1842,4,7649.32,1912.33
3528,9848,3089,4,19777.48,4944.37
3529,2833,1241,4,123.36,30.84
3530,6163,1413,4,18856.04,4714.01
3531,9034,4029,4,9605.2,2401.3
3532,2032,5863,3,14928.75,4976.25
3533,3245,586,4,15438.04,3859.51
3534,9111,378,1,2133.68,2133.68
3535,3726,9356,4,11553.52,2888.38
3536,7625,4116,2,1083.46,541.73
3537,7275,926,4,19585.68,4896.42
3538,6046,463,4,7778.08,1944.52
3539,3939,4462,1,2102.65,2102.65
3540,4599,3654,1,3684.71,3684.71
3541,9743,5312,1,1723.67,1723.67
3542,4789,9722,5,21205.65,4241.13
3543,6165,7771,3,3760.59,1253.53
3544,467,6507,2,5290.56,2645.28
3545,8980,1020,3,8474.94,2824.98
3546,4048,6502,3,2122.86,707.62
3547,5654,7440,3,1096.98,365.66
3548,2509,5253,2,7020.98,3510.49
3549,5947,1936,4,1783.24,445.81
3550,5843,528,4,9174.6,2293.65
3551,913,4357,1,485.04,485.04
3552,8841,3704,2,3220.18,1610.09
3553,3143,6076,3,4133.07,1377.69
3554,5113,1904,4,12932.52,3233.13
3555,7891,8813,2,9827.54,4913.77
3556,9537,5547,3,5115.99,1705.33
3557,7235,1630,4,6965.88,1741.47
3558,3958,1608,2,6329.58,3164.79
3559,7169,7245,4,9452.48,2363.12
3560,6425,3509,4,7576.24,1894.06
3561,6163,8055,5,18219.45,3643.89
3562,186,5455,2,2986.88,1493.44
3563,2543,4061,3,3322.74,1107.58
3564,8926,7369,2,2963.3,1481.65
3565,7059,8905,5,7640.25,1528.05
3566,7167,2336,4,1371.0,342.75
3567,3560,9256,5,7170.15,1434.03
3568,9037,3254,2,2820.34,1410.17
3569,2874,1874,3,2188.74,729.58
3570,3650,3364,2,3466.54,1733.27
3571,3882,5719,2,7771.98,3885.99
3572,9773,5996,2,6951.88,3475.94
3573,8613,678,1,4424.12,4424.12
3574,8352,8483,1,4111.61,4111.61
3575,3777,6014,4,18915.48,4728.87
3576,7854,187,1,3698.27,3698.27
3577,1716,667,3,6098.97,2032.99
3578,9492,1890,3,13989.24,4663.08
3579,4278,7004,3,2701.71,900.57
3580,8728,4746,4,4499.04,1124.76
3581,1082,904,4,18051.4,4512.85
3582,7420,2108,4,8536.2,2134.05
3583,1010,901,3,5336.64,1778.88
3584,1888,7034,5,9899.05,1979.81
3585,308,701,1,3980.34,3980.34
3586,9250,4256,4,13425.76,3356.44
3587,4130,837,2,4233.72,2116.86
3588,1208,5380,4,1100.16,275.04
3589,7118,9361,2,6178.3,3089.15
3590,1932,2317,4,12683.76,3170.94
3591,1363,125,4,6157.4,1539.35
3592,2518,7560,2,4007.62,2003.81
3593,2675,5706,2,9203.12,4601.56
3594,8011,5377,1,1002.78,1002.78
3595,9555,4950,5,18558.65,3711.73
3596,375,5573,3,6389.16,2129.72
3597,2204,8109,1,725.22,725.22
3598,530,1695,4,9426.52,2356.63
3599,7830,6316,4,2772.28,693.07
3600,3154,142,4,4949.76,1237.44
3601,4971,252,1,2458.56,2458.56
3602,392,2715,4,13617.6,3404.4
3603,6255,5137,2,3384.98,1692.49
3604,3512,8258,1,2174.2,2174.2
3605,9735,719,4,14208.72,3552.18
3606,2895,689,2,1436.86,718.43
3607,7788,6518,1,4085.35,4085.35
3608,9986,1710,4,6125.28,1531.32
3609,2916,9585,1,3291.72,3291.72
3610,5101,7207,2,486.44,243.22
3611,4430,7179,1,4668.43,4668.43
3612,891,169,1,1487.49,1487.49
3613,9583,6765,5,15541.6,3108.32
3614,130,8286,1,890.97,890.97
3615,5800,7891,4,18061.72,4515.43
3616,1731,1014,3,2272.23,757.41
3617,5543,3938,5,92.35,18.47
3618,4029,1762,1,4921.39,4921.39
3619,2385,6545,5,692.25,138.45
3620,5488,6887,4,8124.68,2031.17
3621,1478,2983,3,14155.23,4718.41
3622,6049,6603,2,408.4,204.2
3623,8772,1501,3,13437.36,4479.12
3624,7363,7153,1,318.55,318.55
3625,2412,7545,1,3190.17,3190.17
3626,9786,1499,5,59.9,11.98
3627,414,5321,5,22375.8,4475.16
3628,3064,5659,4,4768.6,1192.15
3629,9294,941,5,9985.8,1997.16
3630,9075,3442,4,13651.36,3412.84
3631,5575,4380,1,243.27,243.27
3632,1516,1062,2,2749.7,1374.85
3633,2551,149,3,11445.03,3815.01
3634,2242,3203,5,16313.3,3262.66
3635,3488,8652,4,11065.88,2766.47
3636,8829,4579,4,15397.2,3849.3
3637,3611,2180,4,16600.88,4150.22
3638,2670,1011,5,16411.3,3282.26
3639,3317,614,5,24151.9,4830.38
3640,1186,6563,3,7999.59,2666.53
3641,945,4418,5,13472.75,2694.55
3642,1107,1160,1,1908.5,1908.5
3643,9928,5702,4,7781.72,1945.43
3644,9238,2203,5,10787.85,2157.57
3645,9059,1975,5,11448.1,2289.62
3646,8009,743,5,16447.0,3289.4
3647,4283,6431,2,2327.78,1163.89
3648,7147,5328,4,5378.8,1344.7
3649,5936,7492,3,4997.79,1665.93
3650,4396,4212,2,7618.16,3809.08
3651,8586,6672,3,13981.5,4660.5
3652,667,3451,3,5661.87,1887.29
3653,9253,6090,1,1876.39,1876.39
3654,8232,7860,4,10808.08,2702.02
3655,6254,6242,4,19902.28,4975.57
3656,8613,6544,2,5849.3,2924.65
3657,7824,1953,2,5058.76,2529.38
3658,8447,2690,1,2185.8,2185.8
3659,118,6683,3,1988.07,662.69
3660,2868,9849,1,1221.49,1221.49
3661,9891,6049,5,1745.25,349.05
3662,3960,2542,3,5174.52,1724.84
3663,9414,5204,2,4006.56,2003.28
3664,9229,7275,2,7055.08,3527.54
3665,3783,8526,2,376.22,188.11
3666,6815,1746,5,1839.75,367.95
3667,700,570,3,8438.1,2812.7
3668,7459,9952,1,3800.28,3800.28
3669,2612,1611,3,320.61,106.87
3670,2872,5831,1,2461.54,2461.54
3671,8460,8196,3,7422.6,2474.2
3672,2116,1003,2,5905.84,2952.92
3673,783,4734,4,9024.6,2256.15
3674,4103,6866,4,8573.04,2143.26
3675,198,4335,3,5050.89,1683.63
3676,3412,1185,2,4944.04,2472.02
3677,5992,643,2,6756.14,3378.07
3678,5015,2624,2,2636.38,1318.19
3679,254,2098,5,24594.3,4918.86
3680,7565,7193,5,22050.1,4410.02
3681,8210,2354,3,6480.63,2160.21
3682,7027,6094,1,2345.23,2345.23
3683,8854,4743,4,14234.6,3558.65
3684,1456,4279,2,6255.14,3127.57
3685,6932,9175,4,3646.48,911.62
3686,4091,4478,2,826.84,413.42
3687,7396,6420,1,4234.92,4234.92
3688,6414,3315,5,5930.35,1186.07
3689,5253,1253,1,4522.99,4522.99
3690,5544,5294,2,8785.42,4392.71
3691,2160,5160,4,10464.4,2616.1
3692,2878,3637,2,4868.68,2434.34
3693,6379,736,5,11939.95,2387.99
3694,9843,3623,5,12853.5,2570.7
3695,8321,5445,1,4458.05,4458.05
3696,2446,5538,5,3179.55,635.91
3697,5330,9518,1,1897.71,1897.71
3698,7030,730,3,5063.55,1687.85
3699,5893,228,5,24366.75,4873.35
3700,2578,7024,5,14797.15,2959.43
3701,2442,7672,4,10870.24,2717.56
3702,1275,9530,3,12942.27,4314.09
3703,8774,4100,2,4829.26,2414.63
3704,538,7957,5,13235.85,2647.17
3705,4310,7557,3,3518.67,1172.89
3706,4272,5479,2,9719.02,4859.51
3707,3305,9575,5,16352.15,3270.43
3708,3261,8947,4,1976.44,494.11
3709,4869,6058,1,4122.35,4122.35
3710,5875,4565,4,17247.8,4311.95
3711,9661,8849,3,3519.93,1173.31
3712,3163,2932,5,16458.25,3291.65
3713,790,3144,4,7715.28,1928.82
3714,2692,9298,2,1695.24,847.62
3715,805,5515,5,22641.85,4528.37
3716,3728,36,5,22191.95,4438.39
3717,6941,1589,2,1348.38,674.19
3718,5141,4943,1,1790.85,1790.85
3719,5622,5080,5,16902.2,3380.44
3720,5475,4241,4,14477.68,3619.42
3721,871,467,5,4390.0,878.0
3722,5480,4144,1,2162.78,2162.78
3723,6581,3258,3,3880.02,1293.34
3724,9399,5272,2,2038.78,1019.39
3725,8654,6056,4,1076.08,269.02
3726,9310,8954,5,21382.7,4276.54
3727,7863,2542,5,15598.1,3119.62
3728,2213,9900,3,11002.41,3667.47
3729,6193,3330,4,8431.04,2107.76
3730,2656,5689,5,1043.25,208.65
3731,6873,564,3,13889.25,4629.75
3732,4451,3998,3,6071.97,2023.99
3733,1059,5821,1,2828.39,2828.39
3734,9906,3349,1,691.57,691.57
3735,4765,8756,2,7554.88,3777.44
3736,167,6949,5,11212.1,2242.42
3737,1921,8091,1,4897.67,4897.67
3738,9878,3638,4,16909.48,4227.37
3739,5174,9184,2,954.52,477.26
3740,831,9034,3,9655.05,3218.35
3741,9453,8014,3,2158.77,719.59
3742,9092,8579,5,23288.45,4657.69
3743,389,8665,3,12773.79,4257.93
3744,3438,5463,1,1913.86,1913.86
3745,1309,5040,4,15854.04,3963.51
3746,7985,5382,1,2408.88,2408.88
3747,7496,9766,5,6736.8,1347.36
3748,9795,6483,4,7943.0,1985.75
3749,2850,805,5,19316.55,3863.31
3750,9230,1580,3,12651.6,4217.2
3751,5483,1485,3,3826.92,1275.64
3752,9907,8083,3,5800.56,1933.52
3753,6571,8403,5,3308.6,661.72
3754,8788,9978,1,1083.44,1083.44
3755,7342,2326,4,167.16,41.79
3756,1022,4181,3,6516.81,2172.27
3757,9332,3305,2,9996.02,4998.01
3758,9191,6193,1,2269.03,2269.03
3759,8464,6356,5,2581.25,516.25
3760,9595,5236,5,13073.45,2614.69
3761,5229,2884,3,5681.85,1893.95
3762,4903,9818,2,1973.02,986.51
3763,5251,8253,4,14756.24,3689.06
3764,4987,1836,3,336.54,112.18
3765,9146,2446,3,11372.22,3790.74
3766,6742,5700,3,12170.94,4056.98
3767,2874,3786,3,9722.94,3240.98
3768,7496,138,1,3871.24,3871.24
3769,8315,3546,1,4128.67,4128.67
3770,6612,1652,3,5315.1,1771.7
3771,7637,8087,2,6558.82,3279.41
3772,5695,5773,3,4982.7,1660.9
3773,122,5166,1,1338.36,1338.36
3774,7014,2027,1,1331.74,1331.74
3775,2463,2399,2,2571.7,1285.85
3776,3931,9471,2,9117.94,4558.97
3777,6179,7762,1,1831.96,1831.96
3778,6321,8272,2,5665.58,2832.79
3779,8266,5310,4,956.84,239.21
3780,5545,2389,5,21936.95,4387.39
3781,2124,1673,2,6483.4,3241.7
3782,2770,1321,2,8800.0,4400.0
3783,7876,7990,4,6326.48,1581.62
3784,1323,2516,4,16749.52,4187.38
3785,7446,9014,3,4701.72,1567.24
3786,8582,2978,2,7274.98,3637.49
3787,6940,6396,4,14744.48,3686.12
3788,3024,5085,2,6034.06,3017.03
3789,5905,3871,5,5154.95,1030.99
3790,3142,2083,4,19305.08,4826.27
3791,2066,2668,4,18607.32,4651.83
3792,5691,579,4,18266.2,4566.55
3793,1267,3146,1,4481.81,4481.81
3794,4380,4278,1,4638.58,4638.58
3795,6419,5433,2,6593.7,3296.85
3796,8165,6243,5,2969.9,593.98
3797,9,7787,4,7675.88,1918.97
3798,241,8555,1,4445.78,4445.78
3799,9760,6711,1,4007.39,4007.39
3800,8883,7253,3,6984.45,2328.15
3801,9434,7283,5,8478.25,1695.65
3802,4660,6223,1,1451.78,1451.78
3803,8340,4066,5,18011.25,3602.25
3804,6848,8714,4,6379.24,1594.81
3805,211,9218,4,13119.2,3279.8
3806,6612,8521,3,4040.55,1346.85
3807,1282,9998,3,4479.72,1493.24
3808,2784,7489,1,2639.29,2639.29
3809,7983,1731,1,3291.14,3291.14
3810,2003,4963,4,16494.64,4123.66
3811,6052,8049,1,2302.59,2302.59
3812,7104,799,1,2547.5,2547.5
3813,3450,982,1,3409.24,3409.24
3814,6206,8880,2,5643.56,2821.78
3815,5678,3426,1,771.11,771.11
3816,8533,613,3,14801.91,4933.97
3817,6751,5051,5,22379.5,4475.9
3818,2421,1068,2,8114.92,4057.46
3819,4312,5454,3,7050.0,2350.0
3820,4092,1029,4,14646.64,3661.66
3821,4732,1694,5,1912.05,382.41
3822,5401,205,1,4821.09,4821.09
3823,6062,1745,5,3650.5,730.1
3824,9448,3465,5,21056.3,4211.26
3825,7234,3923,4,3904.28,976.07
3826,4690,2969,5,19280.55,3856.11
3827,8881,5253,1,531.53,531.53
3828,9391,8633,2,6953.26,3476.63
3829,9538,8683,5,17236.85,3447.37
3830,4137,3672,4,14639.96,3659.99
3831,3684,7341,5,1505.75,301.15
3832,9182,8216,4,1546.0,386.5
3833,3265,8086,1,3834.97,3834.97
3834,4089,3417,3,1238.04,412.68
3835,9432,2023,2,3999.62,1999.81
3836,6248,7231,3,14592.39,4864.13
3837,8209,6287,1,3638.73,3638.73
3838,6496,3319,3,11523.15,3841.05
3839,8564,9246,2,2383.5,1191.75
3840,8799,4954,2,59.94,29.97
3841,8676,1340,5,21943.1,4388.62
3842,9431,7351,4,11996.16,2999.04
3843,3197,699,2,7354.36,3677.18
3844,9031,1739,4,3515.2,878.8
3845,8521,9987,1,4750.05,4750.05
3846,3450,8492,1,1500.26,1500.26
3847,2067,3257,1,2575.81,2575.81
3848,5070,6690,3,11795.19,3931.73
3849,5519,6137,4,5078.88,1269.72
3850,3617,4677,1,2973.15,2973.15
3851,4047,6138,5,18452.05,3690.41
3852,1598,5650,4,10941.6,2735.4
3853,1370,1363,5,1683.2,336.64
3854,5796,337,1,1846.39,1846.39
3855,8304,2377,3,643.65,214.55
3856,3725,2090,5,24771.15,4954.23
3857,8590,3763,5,11501.35,2300.27
3858,4509,8679,4,15680.8,3920.2
3859,6336,2842,4,6953.12,1738.28
3860,1177,2392,3,11933.61,3977.87
3861,8656,9887,5,1601.45,320.29
3862,676,1364,2,4657.7,2328.85
3863,546,4759,4,16622.72,4155.68
3864,5529,617,3,3498.15,1166.05
3865,4297,2306,4,13000.56,3250.14
3866,1142,6665,4,12376.28,3094.07
3867,8160,3354,5,11884.1,2376.82
3868,1966,4522,2,5475.66,2737.83
3869,3997,3340,2,8428.66,4214.33
3870,4447,2710,5,4464.35,892.87
3871,416,5979,2,319.76,159.88
3872,1746,7179,2,3565.26,1782.63
3873,8948,7666,5,17715.05,3543.01
3874,8438,4051,1,1544.78,1544.78
3875,2101,1576,3,14166.18,4722.06
3876,5926,7070,3,12241.26,4080.42
3877,3557,2443,5,11576.35,2315.27
3878,972,1803,5,12379.05,2475.81
3879,1764,9162,3,10732.05,3577.35
3880,4793,1031,2,8634.7,4317.35
3881,9937,1553,4,6694.6,1673.65
3882,7320,6312,5,7032.2,1406.44
3883,7399,5674,3,12053.49,4017.83
3884,7995,8106,4,14414.44,3603.61
3885,7996,992,5,23730.95,4746.19
3886,5734,488,2,8350.52,4175.26
3887,2823,2609,2,6276.4,3138.2
3888,1736,8704,5,977.85,195.57
3889,2108,4773,1,355.0,355.0
3890,2090,6665,3,6728.43,2242.81
3891,8186,6,5,19261.8,3852.36
3892,3791,2489,1,4218.29,4218.29
3893,9357,2269,2,7567.56,3783.78
3894,3434,6557,5,18007.9,3601.58
3895,8122,5599,2,3987.68,1993.84
3896,3999,5927,4,2850.6,712.65
3897,4343,9328,4,9940.88,2485.22
3898,7694,8230,1,4972.53,4972.53
3899,1779,9360,5,10449.45,2089.89
3900,6926,5450,1,246.58,246.58
3901,807,5718,4,17266.28,4316.57
3902,2018,2441,4,18426.4,4606.6
3903,8027,5976,1,2469.32,2469.32
3904,1431,9220,3,9653.67,3217.89
3905,5854,2306,1,2343.73,2343.73
3906,5415,4368,2,3626.18,1813.09
3907,8058,1171,5,21165.7,4233.14
3908,8729,7577,5,4211.3,842.26
3909,631,3396,3,9519.72,3173.24
3910,9124,4574,1,3454.63,3454.63
3911,3511,4112,1,2861.6,2861.6
3912,1244,743,3,11850.75,3950.25
3913,9900,3842,1,3488.63,3488.63
3914,3767,5843,2,5389.46,2694.73
3915,2998,8927,4,18086.08,4521.52
3916,9462,450,5,652.2,130.44
3917,4504,3354,2,7450.18,3725.09
3918,9020,7732,5,268.4,53.68
3919,6679,2156,1,1593.79,1593.79
3920,7050,1648,1,1355.29,1355.29
3921,2210,3312,4,4838.56,1209.64
3922,3231,4694,1,4799.99,4799.99
3923,9098,2805,2,6239.0,3119.5
3924,3860,5034,5,484.25,96.85
3925,5392,5425,2,3740.38,1870.19
3926,8265,8922,4,13919.8,3479.95
3927,7714,4223,1,973.49,973.49
3928,5830,4447,3,4779.84,1593.28
3929,4235,8735,5,7826.95,1565.39
3930,3584,5475,3,7509.18,2503.06
3931,2707,8665,4,18901.72,4725.43
3932,7044,5645,3,7472.7,2490.9
3933,7433,2760,3,11753.07,3917.69
3934,4302,5483,4,5894.52,1473.63
3935,163,7158,2,2676.9,1338.45
3936,122,406,4,2205.12,551.28
3937,1864,5474,1,2166.21,2166.21
3938,6305,8042,3,8371.95,2790.65
3939,2279,4943,4,1242.12,310.53
3940,2919,5343,5,8845.15,1769.03
3941,2307,9495,2,7254.5,3627.25
3942,1950,4855,1,3298.79,3298.79
3943,9169,1211,5,23222.45,4644.49
3944,3053,7397,3,1244.25,414.75
3945,5579,6237,1,4724.6,4724.6
3946,2638,211,4,10934.16,2733.54
3947,7699,5008,3,2093.58,697.86
3948,8682,351,3,839.37,279.79
3949,5886,2062,5,19600.35,3920.07
3950,1527,4880,3,14053.2,4684.4
3951,4569,4150,5,14080.1,2816.02
3952,4269,5072,4,2936.44,734.11
3953,9795,6899,2,1154.36,577.18
3954,38,687,1,3976.55,3976.55
3955,6861,6080,1,1042.71,1042.71
3956,5120,9669,4,10311.92,2577.98
3957,1483,4704,5,15962.85,3192.57
3958,9137,5619,2,8583.28,4291.64
3959,8038,3419,1,783.22,783.22
3960,7039,9276,4,12425.64,3106.41
3961,548,4535,5,24404.5,4880.9
3962,6225,8496,4,10564.88,2641.22
3963,6056,7257,5,3760.1,752.02
3964,6993,8311,2,3830.32,1915.16
3965,5138,6854,1,315.76,315.76
3966,7822,2295,2,9205.06,4602.53
3967,5095,4959,5,17779.55,3555.91
3968,8473,8832,2,5684.64,2842.32
3969,707,2198,1,4078.28,4078.28
3970,4223,3692,5,24738.2,4947.64
3971,7101,6202,2,4589.14,2294.57
3972,6496,1605,4,13763.0,3440.75
3973,6165,5996,5,17061.15,3412.23
3974,4981,8971,5,6879.25,1375.85
3975,7724,116,2,289.1,144.55
3976,6264,6127,5,20118.05,4023.61
3977,5766,4405,5,7749.35,1549.87
3978,4527,3242,1,4168.56,4168.56
3979,2040,5057,1,3724.85,3724.85
3980,5683,9759,4,8339.2,2084.8
3981,4943,2870,4,12299.84,3074.96
3982,7387,6835,2,3712.16,1856.08
3983,8929,2039,5,6231.05,1246.21
3984,7017,4204,5,10352.4,2070.48
3985,2360,3917,3,3241.8,1080.6
3986,6067,3266,3,3592.11,1197.37
3987,7162,4886,5,10302.55,2060.51
3988,7695,8005,5,15656.1,3131.22
3989,2195,3307,3,4003.59,1334.53
3990,6651,8448,5,9857.8,1971.56
3991,1713,756,4,3110.04,777.51
3992,6108,5122,4,1494.16,373.54
3993,9465,76,5,3963.6,792.72
3994,1116,8796,5,10273.7,2054.74
3995,921,2897,4,9066.52,2266.63
3996,1405,1241,3,11377.23,3792.41
3997,522,7648,1,1484.12,1484.12
3998,3769,6229,5,10984.85,2196.97
3999,7329,4216,5,8080.6,1616.12
4000,7838,2481,3,8452.95,2817.65
4001,4785,5230,2,6065.62,3032.81
4002,7330,4783,5,6719.15,1343.83
4003,1014,4890,2,6839.72,3419.86
4004,7515,3005,2,8872.38,4436.19
4005,8732,2997,4,8605.56,2151.39
4006,4755,3596,4,8364.8,2091.2
4007,9448,7136,3,1652.07,550.69
4008,7375,8172,2,1102.34,551.17
4009,4232,5862,2,6824.6,3412.3
4010,9327,4599,1,32.14,32.14
4011,8023,4788,5,10875.8,2175.16
4012,4253,3992,1,195.44,195.44
4013,8591,1824,3,5094.27,1698.09
4014,14,5656,1,646.61,646.61
4015,2505,8688,3,2800.59,933.53
4016,2540,3227,4,3201.32,800.33
4017,8802,2697,3,9381.51,3127.17
4018,2334,2472,1,1003.89,1003.89
4019,2848,3724,5,8900.4,1780.08
4020,7397,4279,3,13420.77,4473.59
4021,2907,6428,1,3306.98,3306.98
4022,7041,8695,1,1914.68,1914.68
4023,2304,1075,2,78.0,39.0
4024,7601,6381,5,460.15,92.03
4025,1820,2370,1,2641.89,2641.89
4026,5360,4109,1,632.18,632.18
4027,6859,593,3,5427.96,1809.32
4028,2926,2435,3,1788.36,596.12
4029,8936,6299,4,6707.12,1676.78
4030,2367,4829,3,11451.51,3817.17
4031,2271,4591,1,3680.22,3680.22
4032,9579,7519,5,3781.8,756.36
4033,9947,3929,5,8527.0,1705.4
4034,9652,7086,2,1962.0,981.0
4035,1063,6640,4,10200.76,2550.19
4036,2668,8728,5,4681.25,936.25
4037,6688,3923,2,40.1,20.05
4038,5014,4822,4,19626.96,4906.74
4039,5115,8646,4,13770.6,3442.65
4040,2599,4030,2,6449.8,3224.9
4041,1988,4863,4,17513.48,4378.37
4042,8711,5710,1,2950.36,2950.36
4043,8078,303,1,4446.48,4446.48
4044,4827,311,5,1616.4,323.28
4045,5126,6878,1,3981.72,3981.72
4046,2,2841,1,70.57,70.57
4047,2309,688,1,1120.17,1120.17
4048,4175,1555,5,21421.85,4284.37
4049,8993,1314,4,4342.84,1085.71
4050,4693,4384,4,14505.64,3626.41
4051,7037,7477,2,8078.98,4039.49
4052,6848,9273,2,2840.7,1420.35
4053,4849,7445,2,2580.38,1290.19
4054,4883,3763,4,2128.48,532.12
4055,9150,618,3,6321.24,2107.08
4056,9580,5253,2,4538.86,2269.43
4057,9772,3433,4,17380.96,4345.24
4058,8356,5151,1,4679.27,4679.27
4059,4495,8381,5,7993.95,1598.79
4060,1856,1588,1,4268.35,4268.35
4061,3745,5030,4,9723.88,2430.97
4062,7947,996,1,442.63,442.63
4063,9088,3865,1,54.27,54.27
4064,2364,7098,5,20603.55,4120.71
4065,8790,5312,5,7212.2,1442.44
4066,4150,3330,2,8467.56,4233.78
4067,6912,299,2,687.76,343.88
4068,4449,8914,5,2416.05,483.21
4069,3049,5503,5,4581.25,916.25
4070,8552,6619,3,2139.33,713.11
4071,4040,1288,4,17636.76,4409.19
4072,316,8826,1,2716.99,2716.99
4073,2829,1864,3,4253.67,1417.89
4074,6182,5922,5,12358.8,2471.76
4075,977,5456,5,14911.55,2982.31
4076,420,7806,3,2653.56,884.52
4077,2242,1019,1,310.67,310.67
4078,3733,4818,1,2156.45,2156.45
4079,1117,3749,5,16542.0,3308.4
4080,6916,1310,4,5580.76,1395.19
4081,2186,7410,4,18231.12,4557.78
4082,3561,9287,3,3806.34,1268.78
4083,5921,8186,3,219.0,73.0
4084,2080,3581,2,4774.98,2387.49
4085,4366,7072,3,8655.3,2885.1
4086,3576,9798,4,11379.48,2844.87
4087,4586,7131,3,10706.28,3568.76
4088,6737,9095,2,7519.18,3759.59
4089,6235,4825,3,227.58,75.86
4090,7442,3488,3,10791.6,3597.2
4091,4777,3467,2,475.32,237.66
4092,4679,6385,5,804.85,160.97
4093,411,5253,4,9779.96,2444.99
4094,4113,5422,4,1135.64,283.91
4095,5205,6557,2,6774.38,3387.19
4096,7003,1254,2,3372.3,1686.15
4097,8615,5181,1,828.14,828.14
4098,2914,1043,2,2953.06,1476.53
4099,2128,5681,4,5561.8,1390.45
4100,3157,687,1,3093.47,3093.47
4101,9131,4742,5,6079.55,1215.91
4102,3681,9141,2,3316.46,1658.23
4103,6514,5147,5,8056.2,1611.24
4104,6799,4435,4,9800.28,2450.07
4105,3471,6774,4,13297.48,3324.37
4106,5905,927,1,2990.03,2990.03
4107,6585,2929,5,13627.2,2725.44
4108,8941,4655,1,4124.95,4124.95
4109,2553,3949,2,1753.06,876.53
4110,1415,3790,1,2306.89,2306.89
4111,7030,5386,2,8758.12,4379.06
4112,6200,7739,2,6454.82,3227.41
4113,5131,8647,5,18504.1,3700.82
4114,3628,7244,2,8128.68,4064.34
4115,957,8919,1,353.19,353.19
4116,143,7353,1,286.19,286.19
4117,7587,1571,5,17743.0,3548.6
4118,1252,6487,3,3498.87,1166.29
4119,9061,4982,3,13934.73,4644.91
4120,1540,3772,2,2067.0,1033.5
4121,3572,5081,3,3853.62,1284.54
4122,548,8523,2,2211.78,1105.89
4123,7454,3855,4,7707.6,1926.9
4124,6896,4381,3,10606.56,3535.52
4125,7879,3468,3,10948.26,3649.42
4126,1823,7192,2,4443.92,2221.96
4127,3270,7330,1,4276.42,4276.42
4128,6544,5855,1,451.69,451.69
4129,3476,1634,1,4366.77,4366.77
4130,1694,168,5,18141.25,3628.25
4131,8599,4094,4,19735.04,4933.76
4132,6584,6596,4,14529.04,3632.26
4133,4296,6353,2,2973.3,1486.65
4134,4572,456,4,10022.36,2505.59
4135,7280,2895,2,2649.56,1324.78
4136,2678,5053,2,5050.48,2525.24
4137,4804,1617,5,21258.8,4251.76
4138,3718,5141,5,22480.9,4496.18
4139,4681,9730,2,2058.24,1029.12
4140,6284,8136,1,1050.67,1050.67
4141,4627,3568,5,617.1,123.42
4142,4491,547,2,5007.78,2503.89
4143,6684,94,3,10986.06,3662.02
4144,5750,8554,1,291.91,291.91
4145,6228,7640,2,5012.76,2506.38
4146,4849,3838,2,4016.94,2008.47
4147,651,9336,3,4941.84,1647.28
4148,2397,140,1,1987.06,1987.06
4149,2810,1108,5,15997.0,3199.4
4150,3869,5560,2,3647.68,1823.84
4151,3137,3465,2,4600.98,2300.49
4152,7741,169,5,5714.35,1142.87
4153,4637,1837,3,9751.8,3250.6
4154,7192,3894,3,1182.93,394.31
4155,3338,481,1,506.98,506.98
4156,1878,4005,1,1417.59,1417.59
4157,8795,6586,3,919.14,306.38
4158,8325,1465,4,13815.44,3453.86
4159,6053,6838,1,4105.36,4105.36
4160,5193,9992,3,14469.99,4823.33
4161,9326,6137,1,1398.75,1398.75
4162,880,646,2,3313.04,1656.52
4163,4492,6400,3,9663.39,3221.13
4164,5345,4711,3,14880.0,4960.0
4165,3131,1248,3,1023.72,341.24
4166,5346,1121,2,1515.48,757.74
4167,2113,8615,1,3104.87,3104.87
4168,5409,3493,2,5247.1,2623.55
4169,3301,5482,4,9272.28,2318.07
4170,356,9612,2,337.46,168.73
4171,5241,8543,1,2250.78,2250.78
4172,7306,4942,2,4996.72,2498.36
4173,8190,8754,4,4874.6,1218.65
4174,5186,5161,4,15656.96,3914.24
4175,8102,8761,2,4694.88,2347.44
4176,6180,4144,1,4075.54,4075.54
4177,6190,5064,1,4554.21,4554.21
4178,5745,7752,3,13059.51,4353.17
4179,1789,7233,1,1890.19,1890.19
4180,1253,777,1,2305.27,2305.27
4181,8863,4902,4,19006.04,4751.51
4182,8649,5536,1,2082.17,2082.17
4183,399,9682,3,4022.01,1340.67
4184,5111,4240,5,21073.65,4214.73
4185,5451,6345,3,6603.39,2201.13
4186,7657,4136,5,9030.1,1806.02
4187,3279,8715,3,3614.01,1204.67
4188,1508,9381,5,1524.7,304.94
4189,5524,9121,1,3421.14,3421.14
4190,1474,3547,4,4642.24,1160.56
4191,5981,5656,1,1445.4,1445.4
4192,8922,9558,1,1626.99,1626.99
4193,6133,3365,3,5248.71,1749.57
4194,8252,1094,5,19248.5,3849.7
4195,231,2327,4,1686.04,421.51
4196,9399,7075,3,7626.33,2542.11
4197,32,2625,1,3042.05,3042.05
4198,6382,5401,3,12556.89,4185.63
4199,9736,9098,3,7789.35,2596.45
4200,7633,7357,1,1305.78,1305.78
4201,2269,3394,3,12726.39,4242.13
4202,6273,4708,5,15188.0,3037.6
4203,2107,9863,4,13797.44,3449.36
4204,3553,3128,2,2459.94,1229.97
4205,9524,6640,5,15273.55,3054.71
4206,8253,3572,2,7042.24,3521.12
4207,9752,7954,4,16219.52,4054.88
4208,6180,5424,3,14515.65,4838.55
4209,6675,8711,5,6797.9,1359.58
4210,7548,1980,2,5038.74,2519.37
4211,3658,7485,4,17487.04,4371.76
4212,8219,8075,1,3232.55,3232.55
4213,5917,7852,1,504.91,504.91
4214,1809,8430,1,276.97,276.97
4215,8295,346,5,3766.15,753.23
4216,2069,8974,5,22699.6,4539.92
4217,7252,1312,3,4461.12,1487.04
4218,412,7631,1,3156.73,3156.73
4219,5872,7434,3,10945.35,3648.45
4220,7293,3193,2,2969.84,1484.92
4221,7465,9413,4,4412.2,1103.05
4222,3072,9816,5,1675.95,335.19
4223,3924,6573,1,624.93,624.93
4224,5540,9020,1,912.25,912.25
4225,2381,3374,3,1112.94,370.98
4226,1418,1554,3,6408.42,2136.14
4227,7323,4136,4,2312.48,578.12
4228,6653,2284,4,14222.48,3555.62
4229,9428,9499,1,491.85,491.85
4230,4891,1522,5,21163.2,4232.64
4231,7819,3376,4,14521.52,3630.38
4232,1034,1365,1,789.1,789.1
4233,1805,8194,1,4819.78,4819.78
4234,4005,4545,1,24.05,24.05
4235,9544,541,2,4199.52,2099.76
4236,1821,5475,4,18288.36,4572.09
4237,6462,5808,2,2343.38,1171.69
4238,4702,1184,5,2626.1,525.22
4239,3963,5455,3,586.02,195.34
4240,3022,8919,4,2986.68,746.67
4241,6847,4205,1,1512.44,1512.44
4242,6008,2400,5,21590.05,4318.01
4243,4843,9904,3,11003.49,3667.83
4244,4402,5048,5,9578.05,1915.61
4245,2951,795,1,3261.46,3261.46
4246,3013,8460,1,2441.63,2441.63
4247,3895,5253,3,3167.28,1055.76
4248,5620,8464,5,10254.7,2050.94
4249,5836,3497,2,2058.0,1029.0
4250,7935,7685,4,17682.68,4420.67
4251,3869,1992,2,5242.92,2621.46
4252,1803,2461,3,4461.33,1487.11
4253,5198,1315,4,10887.08,2721.77
4254,1854,373,4,10050.08,2512.52
4255,8586,4954,1,4641.29,4641.29
4256,2846,5587,1,927.9,927.9
4257,7512,6938,3,5655.09,1885.03
4258,1713,3053,1,4676.49,4676.49
4259,2510,8219,4,15831.56,3957.89
4260,4441,2140,4,4350.2,1087.55
4261,586,473,5,20181.65,4036.33
4262,4439,7985,1,2617.71,2617.71
4263,9310,1934,5,12023.45,2404.69
4264,6827,7137,2,5960.96,2980.48
4265,3536,2094,5,9036.2,1807.24
4266,2226,2831,5,4541.5,908.3
4267,6666,3382,5,17138.65,3427.73
4268,6966,9293,1,1644.02,1644.02
4269,9372,2427,5,24498.3,4899.66
4270,6517,1358,2,8408.94,4204.47
4271,8790,9914,1,3535.06,3535.06
4272,991,3495,1,916.21,916.21
4273,3291,1124,5,5777.7,1155.54
4274,1454,2916,3,6953.25,2317.75
4275,6592,6799,4,2432.56,608.14
4276,8582,4135,2,5242.18,2621.09
4277,6447,9502,3,10694.04,3564.68
4278,7355,6708,5,15206.95,3041.39
4279,5150,1802,2,4059.48,2029.74
4280,3707,233,4,477.68,119.42
4281,4974,9385,2,4997.82,2498.91
4282,4276,4213,4,10567.92,2641.98
4283,9086,1056,2,428.68,214.34
4284,2447,5409,5,16779.55,3355.91
4285,1611,3714,2,9139.52,4569.76
4286,8101,5029,5,12634.15,2526.83
4287,9992,7129,3,10670.46,3556.82
4288,4922,903,2,1121.04,560.52
4289,7175,2956,5,6349.3,1269.86
4290,8161,2171,2,1106.66,553.33
4291,1731,8241,5,18548.2,3709.64
4292,308,1995,5,21915.25,4383.05
4293,6977,283,3,11368.95,3789.65
4294,7225,222,3,9039.99,3013.33
4295,8050,2642,2,3564.32,1782.16
4296,4122,5473,4,2692.6,673.15
4297,8563,8180,4,10861.76,2715.44
4298,2159,2464,1,263.38,263.38
4299,9336,5416,2,5820.14,2910.07
4300,7634,2200,1,4274.32,4274.32
4301,6269,3452,3,4385.79,1461.93
4302,540,7079,4,17813.0,4453.25
4303,8214,4053,3,12362.43,4120.81
4304,4215,166,4,865.12,216.28
4305,6979,8037,5,12706.95,2541.39
4306,5053,9506,2,1565.5,782.75
4307,2978,9773,4,359.24,89.81
4308,7616,2425,2,4381.82,2190.91
4309,7712,866,4,1970.4,492.6
4310,6896,1361,1,772.78,772.78
4311,7671,8839,1,3537.33,3537.33
4312,1070,6396,5,337.5,67.5
4313,8393,8374,1,1487.38,1487.38
4314,8820,2042,2,3616.72,1808.36
4315,4052,3872,3,2053.32,684.44
4316,6643,6032,1,3177.08,3177.08
4317,5212,9520,1,2694.13,2694.13
4318,3633,3527,1,4509.92,4509.92
4319,7333,5150,5,389.15,77.83
4320,67,9143,2,2316.7,1158.35
4321,6258,2244,4,16493.4,4123.35
4322,9447,2716,1,3926.64,3926.64
4323,8476,2425,3,2481.72,827.24
4324,3721,4668,3,11796.51,3932.17
4325,9052,8927,1,4358.25,4358.25
4326,189,3272,2,7883.64,3941.82
4327,2810,8749,2,5838.2,2919.1
4328,9629,3151,1,4530.77,4530.77
4329,253,7250,3,14874.66,4958.22
4330,5871,790,4,18596.0,4649.0
4331,5072,1926,3,7341.54,2447.18
4332,4031,3106,4,15735.28,3933.82
4333,7431,6081,5,6643.8,1328.76
4334,6517,8251,1,4305.47,4305.47
4335,2242,9339,5,2408.05,481.61
4336,5453,9012,3,8536.02,2845.34
4337,6386,1593,5,23382.55,4676.51
4338,5991,3445,1,4027.98,4027.98
4339,6772,3108,4,8389.28,2097.32
4340,2250,1573,5,20684.15,4136.83
4341,449,3129,5,16206.9,3241.38
4342,8855,4289,5,22575.95,4515.19
4343,5154,115,5,16014.8,3202.96
4344,2190,7786,4,12436.76,3109.19
4345,7251,734,3,11225.76,3741.92
4346,9860,3542,5,14739.0,2947.8
4347,268,7547,5,22156.45,4431.29
4348,21,1242,3,12180.45,4060.15
4349,8551,6694,2,3796.1,1898.05
4350,6747,5678,3,11752.68,3917.56
4351,5392,5847,4,18414.24,4603.56
4352,8949,3792,1,486.54,486.54
4353,31,1100,3,2371.86,790.62
4354,5860,4467,1,2057.61,2057.61
4355,8235,3988,2,5669.82,2834.91
4356,568,8240,4,15933.44,3983.36
4357,1491,9148,2,4596.28,2298.14
4358,7960,5062,5,2512.75,502.55
4359,6002,4483,4,8150.2,2037.55
4360,3632,1391,5,7267.95,1453.59
4361,9747,9726,3,9951.63,3317.21
4362,8022,530,2,4121.0,2060.5
4363,5152,9900,1,1083.95,1083.95
4364,8461,4319,3,12706.44,4235.48
4365,4399,1639,4,11422.64,2855.66
4366,9611,2934,4,8084.84,2021.21
4367,4988,1540,2,6653.28,3326.64
4368,346,8529,5,6545.3,1309.06
4369,5584,2689,2,8309.5,4154.75
4370,5804,4474,3,12839.67,4279.89
4371,4895,4605,4,6351.24,1587.81
4372,6816,1792,2,7049.96,3524.98
4373,2779,5379,4,12800.16,3200.04
4374,9242,7226,1,86.94,86.94
4375,8872,8052,5,12035.9,2407.18
4376,9344,8037,1,3996.62,3996.62
4377,1114,8769,1,2776.01,2776.01
4378,7224,9279,2,6657.08,3328.54
4379,9781,9956,1,2214.8,2214.8
4380,6734,4679,4,1976.24,494.06
4381,7923,5366,1,1133.26,1133.26
4382,7528,1521,5,16068.7,3213.74
4383,563,4186,1,3809.19,3809.19
4384,6526,1679,4,14643.28,3660.82
4385,6291,5714,2,9844.7,4922.35
4386,5866,9262,5,24981.95,4996.39
4387,6654,4741,1,984.54,984.54
4388,9504,9573,2,5343.32,2671.66
4389,783,4166,3,4079.94,1359.98
4390,3435,7341,5,22817.65,4563.53
4391,8792,3898,3,8132.28,2710.76
4392,9766,8120,2,5746.56,2873.28
4393,7071,1298,1,1515.15,1515.15
4394,718,3487,4,2217.76,554.44
4395,9156,3887,2,4586.34,2293.17
4396,5331,4789,2,7184.02,3592.01
4397,1710,5144,2,2111.42,1055.71
4398,7850,629,4,4221.72,1055.43
4399,7710,8843,5,19816.6,3963.32
4400,2085,505,2,8314.04,4157.02
4401,6244,4641,3,8994.15,2998.05
4402,4421,7318,3,3165.78,1055.26
4403,5671,5298,2,7684.52,3842.26
4404,4411,6504,3,13355.73,4451.91
4405,1671,6530,1,3449.86,3449.86
4406,6014,2686,3,1996.44,665.48
4407,3664,7510,2,4455.44,2227.72
4408,2659,3970,2,7083.94,3541.97
4409,9396,900,2,3088.84,1544.42
4410,4671,6145,4,215.44,53.86
4411,3103,3951,4,6561.44,1640.36
4412,2174,6116,1,1426.41,1426.41
4413,7351,1363,1,4891.71,4891.71
4414,3820,6766,2,9033.3,4516.65
4415,5058,3282,2,4056.42,2028.21
4416,188,996,1,401.66,401.66
4417,7674,435,2,2804.22,1402.11
4418,11,9266,4,6370.04,1592.51
4419,9263,4055,4,489.4,122.35
4420,5290,8248,3,12519.66,4173.22
4421,8631,659,4,10186.8,2546.7
4422,4712,1967,2,3355.74,1677.87
4423,5830,7345,5,24537.7,4907.54
4424,8826,4689,4,15349.44,3837.36
4425,8886,4855,1,80.22,80.22
4426,7318,9924,5,1174.75,234.95
4427,9077,544,4,213.44,53.36
4428,1213,5294,2,2053.52,1026.76
4429,5424,3214,5,20539.45,4107.89
4430,1461,4854,1,1067.12,1067.12
4431,8546,5670,4,2980.4,745.1
4432,586,1588,5,23335.6,4667.12
4433,8301,4588,3,4978.89,1659.63
4434,9091,1216,1,2280.57,2280.57
4435,8552,7464,5,6980.6,1396.12
4436,1327,1964,5,24428.15,4885.63
4437,9353,8182,2,4660.6,2330.3
4438,4538,7731,2,4793.48,2396.74
4439,3072,2848,5,15081.3,3016.26
4440,8930,759,1,3952.53,3952.53
4441,8885,1808,1,1633.23,1633.23
4442,6158,157,4,3139.8,784.95
4443,5573,4009,1,1319.27,1319.27
4444,2058,378,3,10986.45,3662.15
4445,7073,5072,3,13955.01,4651.67
4446,144,2138,4,13241.24,3310.31
4447,142,9075,3,7909.17,2636.39
4448,5752,9241,1,1527.7,1527.7
4449,2067,3206,1,4232.34,4232.34
4450,3018,1405,3,1583.67,527.89
4451,7943,9415,2,6613.3,3306.65
4452,4681,4230,4,5645.52,1411.38
4453,3880,3954,2,2456.0,1228.0
4454,3186,6195,1,1484.14,1484.14
4455,6142,5420,3,13922.4,4640.8
4456,4919,6334,1,3984.43,3984.43
4457,352,2732,1,2236.97,2236.97
4458,356,3219,1,1207.07,1207.07
4459,1798,2529,5,18862.75,3772.55
4460,9459,5291,1,4914.92,4914.92
4461,3383,6428,2,3858.1,1929.05
4462,1875,2775,1,1777.72,1777.72
4463,1543,2506,3,12258.12,4086.04
4464,8051,198,2,9398.24,4699.12
4465,8204,5469,1,1050.15,1050.15
4466,6786,4817,4,725.56,181.39
4467,3947,8377,3,9885.06,3295.02
4468,2278,1601,3,10803.84,3601.28
4469,9116,1261,1,3731.32,3731.32
4470,4024,8477,1,1278.74,1278.74
4471,284,5404,5,23999.8,4799.96
4472,3355,6007,3,9624.54,3208.18
4473,6452,7352,1,1826.2,1826.2
4474,4540,596,5,3275.5,655.1
4475,9676,9174,3,3987.36,1329.12
4476,2752,1897,5,6091.25,1218.25
4477,6776,74,4,7115.32,1778.83
4478,9105,9697,3,2784.51,928.17
4479,8590,4225,2,3784.3,1892.15
4480,8797,4899,1,4065.23,4065.23
4481,2942,4168,2,2408.32,1204.16
4482,4809,470,4,1794.6,448.65
4483,904,5992,4,14875.48,3718.87
4484,8032,9529,4,7451.68,1862.92
4485,2853,3224,1,2528.83,2528.83
4486,1756,1348,2,969.26,484.63
4487,2756,9801,3,6013.02,2004.34
4488,6536,6757,3,9810.84,3270.28
4489,4278,4635,1,1126.16,1126.16
4490,4216,791,3,12184.29,4061.43
4491,2473,5122,2,7269.22,3634.61
4492,1083,3458,5,23558.55,4711.71
4493,61,5493,5,8317.0,1663.4
4494,1135,1451,4,18431.04,4607.76
4495,3819,7126,2,8741.9,4370.95
4496,9220,2834,2,5946.88,2973.44
4497,4002,916,3,12391.92,4130.64
4498,8066,6606,5,608.8,121.76
4499,9601,7511,3,9545.34,3181.78
4500,7972,6277,3,8353.44,2784.48
4501,8531,5294,3,8766.18,2922.06
4502,7061,2199,4,11112.4,2778.1
4503,1009,7461,2,1973.96,986.98
4504,5817,732,1,13.88,13.88
4505,6058,4144,3,8733.12,2911.04
4506,2089,21,5,17242.9,3448.58
4507,2991,7894,3,13871.31,4623.77
4508,4422,915,2,3512.54,1756.27
4509,2334,6915,3,5552.79,1850.93
4510,139,4038,1,1075.37,1075.37
4511,8457,1344,4,8418.88,2104.72
4512,8666,5053,3,12366.24,4122.08
4513,9299,1121,4,1226.6,306.65
4514,3780,6563,4,3457.44,864.36
4515,422,1968,1,1504.52,1504.52
4516,5883,1781,5,20656.4,4131.28
4517,1591,7102,4,7025.72,1756.43
4518,6795,110,5,7003.45,1400.69
4519,7927,8729,3,12873.39,4291.13
4520,4682,1961,5,1327.75,265.55
4521,4383,9855,4,9769.84,2442.46
4522,8603,8130,3,13147.56,4382.52
4523,5689,3740,2,5002.64,2501.32
4524,6426,6609,5,14462.45,2892.49
4525,1136,4764,4,2311.6,577.9
4526,39,3712,1,3491.77,3491.77
4527,6406,1522,4,18455.36,4613.84
4528,4038,4842,5,179.75,35.95
4529,3564,3486,3,3719.73,1239.91
4530,4661,5934,5,13006.3,2601.26
4531,3660,1432,1,1977.7,1977.7
4532,7536,4047,2,3956.12,1978.06
4533,2157,2937,4,16614.12,4153.53
4534,7142,3560,5,22609.5,4521.9
4535,9152,620,5,9920.75,1984.15
4536,8799,477,2,8288.94,4144.47
4537,2567,5016,3,12233.58,4077.86
4538,5630,652,2,4040.5,2020.25
4539,2119,7416,5,7640.9,1528.18
4540,4334,1726,3,649.29,216.43
4541,211,5565,2,3734.5,1867.25
4542,3826,3076,5,17913.15,3582.63
4543,5293,9399,4,15236.0,3809.0
4544,2702,7473,1,2339.68,2339.68
4545,9714,1384,5,781.8,156.36
4546,2537,4315,3,13374.15,4458.05
4547,5981,6503,3,524.85,174.95
4548,9967,2100,2,3623.5,1811.75
4549,575,2757,4,17617.48,4404.37
4550,9106,1351,4,8001.88,2000.47
4551,7266,2688,4,12878.64,3219.66
4552,8341,2079,3,4511.73,1503.91
4553,2857,3584,5,13507.7,2701.54
4554,6975,8198,3,622.26,207.42
4555,9358,3339,5,14349.4,2869.88
4556,265,3903,4,13161.64,3290.41
4557,6429,3430,5,2398.8,479.76
4558,33,1188,1,3616.19,3616.19
4559,6320,4152,4,13927.12,3481.78
4560,4638,3604,1,744.56,744.56
4561,7714,8124,3,11067.69,3689.23
4562,4723,7534,1,68.61,68.61
4563,7947,5709,1,1191.85,1191.85
4564,5870,7270,1,600.79,600.79
4565,9743,4048,3,9539.16,3179.72
4566,1088,1755,4,13349.68,3337.42
4567,5566,302,1,3305.75,3305.75
4568,2729,4725,3,9619.5,3206.5
4569,1394,5767,2,6646.36,3323.18
4570,7615,8621,3,8874.24,2958.08
4571,2046,1492,2,4517.06,2258.53
4572,2691,4610,2,5225.92,2612.96
4573,57,6407,2,6554.6,3277.3
4574,348,3593,1,1987.36,1987.36
4575,3057,1091,1,1804.13,1804.13
4576,674,4999,3,635.73,211.91
4577,1580,592,1,4922.26,4922.26
4578,4191,9824,5,12077.95,2415.59
4579,3096,2471,4,2988.72,747.18
4580,516,6061,4,3907.68,976.92
4581,2600,8044,5,5596.7,1119.34
4582,5134,8964,2,8100.1,4050.05
4583,2857,3411,1,380.94,380.94
4584,6919,3795,1,2149.81,2149.81
4585,8739,4108,2,2789.26,1394.63
4586,4285,6743,1,4401.17,4401.17
4587,6606,3358,3,5501.01,1833.67
4588,365,3652,1,4437.64,4437.64
4589,1436,2230,5,5319.65,1063.93
4590,6563,2934,2,7386.24,3693.12
4591,4696,2302,1,4699.19,4699.19
4592,9801,6824,5,22398.5,4479.7
4593,3954,2707,4,2978.88,744.72
4594,1133,6954,1,3414.39,3414.39
4595,9567,4608,3,7701.51,2567.17
4596,9830,3053,2,2023.38,1011.69
4597,14,7399,2,6072.04,3036.02
4598,6034,6736,1,2551.42,2551.42
4599,6902,6799,2,8384.2,4192.1
4600,5591,76,4,4544.36,1136.09
4601,3943,5938,2,4575.08,2287.54
4602,9523,2396,4,12611.88,3152.97
4603,9563,6095,3,13942.05,4647.35
4604,5774,2775,5,3998.5,799.7
4605,2023,5642,3,4667.34,1555.78
4606,9308,1281,1,861.16,861.16
4607,8794,5847,5,23816.85,4763.37
4608,6071,1547,4,13063.24,3265.81
4609,4169,7705,1,599.97,599.97
4610,3857,2936,5,17839.55,3567.91
4611,6476,7411,2,8735.88,4367.94
4612,3669,6087,1,3058.45,3058.45
4613,6135,7497,2,1055.74,527.87
4614,7245,7949,3,91.92,30.64
4615,4069,9150,3,7401.03,2467.01
4616,1459,9280,1,322.72,322.72
4617,5296,5823,2,9732.24,4866.12
4618,6545,8756,3,3528.42,1176.14
4619,524,4106,2,7427.48,3713.74
4620,8033,477,5,10828.6,2165.72
4621,305,6752,2,8802.78,4401.39
4622,9071,4103,1,1495.49,1495.49
4623,1624,1297,3,6411.63,2137.21
4624,2782,1749,1,3267.53,3267.53
4625,2751,5339,3,3550.14,1183.38
4626,2963,5000,3,13760.91,4586.97
4627,3821,1478,5,13095.05,2619.01
4628,8262,9059,5,3851.45,770.29
4629,782,7522,3,8817.69,2939.23
4630,9147,49,2,2564.72,1282.36
4631,1848,1644,4,17253.08,4313.27
4632,2149,1274,3,7758.06,2586.02
4633,7226,8900,5,1093.8,218.76
4634,5841,8350,1,4428.17,4428.17
4635,4220,9606,2,5488.1,2744.05
4636,8734,6039,5,20312.75,4062.55
4637,8645,4669,2,9997.88,4998.94
4638,3177,1834,2,1035.28,517.64
4639,584,944,5,6616.7,1323.34
4640,1059,4415,2,5255.74,2627.87
4641,2759,3014,5,22731.9,4546.38
4642,520,9411,5,18887.45,3777.49
4643,7988,6249,3,13915.8,4638.6
4644,3202,2508,5,21774.7,4354.94
4645,662,1624,4,3035.56,758.89
4646,4204,622,5,12558.3,2511.66
4647,7702,343,1,1313.77,1313.77
4648,2184,6015,5,5786.75,1157.35
4649,1674,8484,5,18736.65,3747.33
4650,5867,5920,1,2963.37,2963.37
4651,1956,5350,3,12596.4,4198.8
4652,8428,9421,4,6993.68,1748.42
4653,1191,2254,5,18440.35,3688.07
4654,2863,680,1,332.06,332.06
4655,581,4768,4,1439.2,359.8
4656,5529,8661,5,12892.45,2578.49
4657,745,9995,4,18739.52,4684.88
4658,3079,3953,1,4867.14,4867.14
4659,3304,8958,5,11738.75,2347.75
4660,1968,1801,1,3424.39,3424.39
4661,7455,6633,5,1618.75,323.75
4662,4755,6837,3,6367.74,2122.58
4663,3278,1339,4,5628.32,1407.08
4664,908,7212,4,19179.0,4794.75
4665,7721,3432,2,3333.54,1666.77
4666,9827,1790,5,22449.0,4489.8
4667,3682,3069,1,2806.57,2806.57
4668,6709,6059,1,2371.69,2371.69
4669,6039,4149,5,20002.0,4000.4
4670,1220,497,5,19185.45,3837.09
4671,2355,7980,5,20953.1,4190.62
4672,63,7131,4,8120.88,2030.22
4673,9079,2628,1,1595.89,1595.89
4674,2722,7396,5,9206.25,1841.25
4675,6888,8317,1,4170.0,4170.0
4676,4159,6523,4,5221.24,1305.31
4677,6361,4089,3,2407.83,802.61
4678,8453,6172,1,398.01,398.01
4679,1536,2355,1,2966.88,2966.88
4680,9641,61,5,10942.85,2188.57
4681,8717,2052,3,7319.82,2439.94
4682,1631,8443,3,1161.96,387.32
4683,5521,5587,4,9178.44,2294.61
4684,1509,9849,2,1248.42,624.21
4685,6692,5077,3,14614.53,4871.51
4686,6667,4216,4,18511.36,4627.84
4687,1379,1577,2,914.78,457.39
4688,3217,3351,3,5134.53,1711.51
4689,2555,5177,5,9506.65,1901.33
4690,6969,1508,5,19040.3,3808.06
4691,5380,3826,2,1031.86,515.93
4692,5288,2669,5,22308.1,4461.62
4693,3646,2425,3,12841.56,4280.52
4694,414,2115,3,11726.61,3908.87
4695,8415,2321,1,1373.86,1373.86
4696,9635,4964,2,1955.58,977.79
4697,1059,8765,2,7216.34,3608.17
4698,8328,442,4,12470.2,3117.55
4699,1258,2314,2,9452.22,4726.11
4700,1023,3975,2,2084.84,1042.42
4701,8913,7313,2,8158.88,4079.44
4702,1035,8152,3,6913.71,2304.57
4703,4207,7849,1,132.65,132.65
4704,5547,1616,4,7492.04,1873.01
4705,8348,9980,2,8611.9,4305.95
4706,2912,9043,4,14232.84,3558.21
4707,2462,5455,3,7507.92,2502.64
4708,2038,5027,2,1002.1,501.05
4709,5598,9881,2,4160.44,2080.22
4710,2823,431,1,4319.37,4319.37
4711,4322,9695,1,2988.28,2988.28
4712,8680,5845,4,10329.68,2582.42
4713,8147,650,2,608.58,304.29
4714,7081,5412,1,993.28,993.28
4715,3128,9628,4,2246.8,561.7
4716,42,5808,5,14393.05,2878.61
4717,4580,6569,1,464.6,464.6
4718,6296,8752,3,8971.26,2990.42
4719,9198,6347,1,4326.4,4326.4
4720,3060,508,2,4854.86,2427.43
4721,1078,7880,2,4431.12,2215.56
4722,9112,4161,4,11840.04,2960.01
4723,8900,1331,3,11071.23,3690.41
4724,6495,8884,1,964.57,964.57
4725,6164,5800,4,14748.72,3687.18
4726,6570,8269,4,321.76,80.44
4727,7873,52,4,18319.08,4579.77
4728,4679,481,4,5728.84,1432.21
4729,38,9837,5,12903.3,2580.66
4730,2683,308,3,9136.95,3045.65
4731,4940,382,1,3370.64,3370.64
4732,1522,8119,4,10808.08,2702.02
4733,7191,6067,1,4607.72,4607.72
4734,9719,5170,4,18171.52,4542.88
4735,7511,2257,5,2365.25,473.05
4736,745,6246,5,21308.5,4261.7
4737,6622,8604,1,2737.31,2737.31
4738,6613,2010,3,11616.6,3872.2
4739,5571,3855,3,11406.66,3802.22
4740,8451,1376,1,1300.79,1300.79
4741,7607,824,1,1008.14,1008.14
4742,7182,3037,2,1876.8,938.4
4743,8294,4389,5,20657.6,4131.52
4744,1411,5310,1,4082.49,4082.49
4745,8137,9948,2,4906.44,2453.22
4746,1209,3976,2,1619.18,809.59
4747,8209,6876,3,4544.4,1514.8
4748,1073,7261,3,13293.21,4431.07
4749,3686,811,3,14341.56,4780.52
4750,9483,2467,3,6026.58,2008.86
4751,4736,6642,4,16780.16,4195.04
4752,6168,3244,2,1836.04,918.02
4753,487,9059,3,482.49,160.83
4754,9447,8243,4,17478.76,4369.69
4755,2052,4238,2,8066.22,4033.11
4756,7581,6849,4,1229.88,307.47
4757,5981,9455,3,2682.27,894.09
4758,6185,3662,2,3498.98,1749.49
4759,8676,160,2,6247.16,3123.58
4760,7872,6401,1,2226.08,2226.08
4761,2244,2663,4,18838.36,4709.59
4762,4261,3730,2,8454.0,4227.0
4763,9479,8141,3,11325.21,3775.07
4764,9309,8060,2,3525.62,1762.81
4765,5908,4356,2,8470.06,4235.03
4766,9349,5625,5,24506.1,4901.22
4767,3378,4933,4,13303.0,3325.75
4768,3165,9217,3,8769.84,2923.28
4769,6816,4444,5,7140.0,1428.0
4770,6103,9883,3,13151.91,4383.97
4771,1006,6280,2,4311.34,2155.67
4772,5407,7452,2,1640.38,820.19
4773,5871,8490,5,768.05,153.61
4774,9672,7252,5,1842.85,368.57
4775,793,4900,5,8178.6,1635.72
4776,7131,9457,5,18500.05,3700.01
4777,4401,1357,2,4813.92,2406.96
4778,7071,4464,1,675.02,675.02
4779,8368,1524,4,17927.48,4481.87
4780,8708,4602,2,2269.9,1134.95
4781,9113,4099,5,434.9,86.98
4782,8484,9664,1,2079.06,2079.06
4783,1293,7464,2,8549.44,4274.72
4784,5673,1029,2,2935.92,1467.96
4785,9733,2302,5,794.5,158.9
4786,4487,2259,1,1027.34,1027.34
4787,2667,1894,5,8411.5,1682.3
4788,9363,3835,2,1896.04,948.02
4789,1388,3964,5,11722.65,2344.53
4790,4148,1814,5,23546.85,4709.37
4791,1458,7242,3,5641.41,1880.47
4792,925,9537,2,6108.92,3054.46
4793,9625,5306,2,8245.26,4122.63
4794,6045,8250,1,4139.98,4139.98
4795,2880,5036,1,180.54,180.54
4796,7106,3164,1,3082.0,3082.0
4797,985,1057,3,197.67,65.89
4798,6099,9866,2,9095.54,4547.77
4799,9786,4976,4,4927.36,1231.84
4800,8175,8755,1,4434.21,4434.21
4801,5434,4635,4,2058.6,514.65
4802,1793,334,1,183.43,183.43
4803,1948,6861,3,10552.14,3517.38
4804,5534,3589,1,2563.73,2563.73
4805,7764,1637,4,16423.6,4105.9
4806,8403,7177,4,1223.52,305.88
4807,5821,9177,5,8386.65,1677.33
4808,1051,4232,4,13645.96,3411.49
4809,8365,1633,1,3658.61,3658.61
4810,5326,3976,4,8724.88,2181.22
4811,8217,8242,4,6018.44,1504.61
4812,1220,5916,1,2997.95,2997.95
4813,5443,9085,3,13288.86,4429.62
4814,9192,4200,3,13836.45,4612.15
4815,9868,8395,2,1194.22,597.11
4816,4839,5419,1,1720.38,1720.38
4817,8334,3503,2,1524.4,762.2
4818,3375,8146,5,23830.65,4766.13
4819,8311,984,1,2987.56,2987.56
4820,3384,476,4,17666.08,4416.52
4821,7895,1000,5,5894.0,1178.8
4822,4810,9936,5,6428.45,1285.69
4823,5273,4664,4,1137.56,284.39
4824,2661,6891,2,3751.46,1875.73
4825,8819,4632,5,7234.55,1446.91
4826,7661,9291,3,2268.87,756.29
4827,2964,9606,1,830.03,830.03
4828,3084,9729,1,3614.62,3614.62
4829,9258,8985,3,6195.54,2065.18
4830,3432,750,3,13811.61,4603.87
4831,1002,9049,4,13811.2,3452.8
4832,7171,1691,2,8514.14,4257.07
4833,1650,8682,4,293.6,73.4
4834,6682,4189,5,18402.55,3680.51
4835,7069,6107,5,22720.7,4544.14
4836,9073,9953,3,6433.38,2144.46
4837,5027,73,4,753.36,188.34
4838,663,4063,1,3244.36,3244.36
4839,1621,8362,3,4042.77,1347.59
4840,8280,5666,5,15690.0,3138.0
4841,3695,9040,5,18541.45,3708.29
4842,5155,7004,2,9636.54,4818.27
4843,9181,9100,3,3305.91,1101.97
4844,1061,258,2,2205.38,1102.69
4845,9882,786,1,4267.08,4267.08
4846,7622,5841,1,2027.89,2027.89
4847,7978,8996,2,8141.52,4070.76
4848,5799,9966,1,2477.71,2477.71
4849,4159,9827,5,4243.35,848.67
4850,9797,8102,5,546.3,109.26
4851,2327,157,1,1740.39,1740.39
4852,5695,7414,4,19234.24,4808.56
4853,2488,2348,5,21786.3,4357.26
4854,3456,889,1,388.29,388.29
4855,6168,4015,1,953.63,953.63
4856,2794,227,3,3724.65,1241.55
4857,1158,1575,2,7816.24,3908.12
4858,5875,7043,3,7412.67,2470.89
4859,4988,462,5,12469.35,2493.87
4860,4800,2428,4,11844.76,2961.19
4861,392,1103,1,2774.39,2774.39
4862,8085,3485,2,1609.92,804.96
4863,9277,5823,1,1166.67,1166.67
4864,1728,1538,3,6236.82,2078.94
4865,5973,5794,1,4898.12,4898.12
4866,5602,3136,5,11397.05,2279.41
4867,2255,2802,2,8681.14,4340.57
4868,6112,9418,4,15633.24,3908.31
4869,8283,1956,2,1806.24,903.12
4870,9504,9748,4,796.96,199.24
4871,2990,6968,2,950.62,475.31
4872,5812,9951,4,15874.96,3968.74
4873,5785,7431,1,1939.23,1939.23
4874,7527,5897,3,5822.22,1940.74
4875,913,5252,1,3764.26,3764.26
4876,4960,6342,4,5296.0,1324.0
4877,7142,4395,3,2463.0,821.0
4878,3147,7952,2,7090.44,3545.22
4879,9185,8131,1,4688.23,4688.23
4880,3703,5620,1,4307.53,4307.53
4881,9799,7358,2,6222.12,3111.06
4882,7439,3519,3,8067.39,2689.13
4883,8317,5848,4,5463.92,1365.98
4884,3732,8192,4,18392.8,4598.2
4885,2598,1374,4,376.12,94.03
4886,4084,4220,2,1213.88,606.94
4887,8704,8827,3,6763.65,2254.55
4888,3555,6556,3,5233.53,1744.51
4889,5756,6751,2,1401.44,700.72
4890,5981,4445,4,13031.92,3257.98
4891,303,2611,5,1578.3,315.66
4892,3922,1859,1,1762.67,1762.67
4893,9048,4166,3,14071.44,4690.48
4894,5376,2716,3,13039.89,4346.63
4895,4264,4040,2,2635.92,1317.96
4896,8043,5954,1,4277.65,4277.65
4897,2150,8529,2,1207.16,603.58
4898,4500,8330,2,4120.84,2060.42
4899,7322,6120,3,6617.46,2205.82
4900,74,2051,1,2339.89,2339.89
4901,8708,1855,4,4846.8,1211.7
4902,7024,4147,4,8093.44,2023.36
4903,7928,4434,2,8248.44,4124.22
4904,6985,5105,4,13682.16,3420.54
4905,6661,5682,2,671.42,335.71
4906,5493,151,2,4515.78,2257.89
4907,4523,8437,1,2596.18,2596.18
4908,8729,5652,2,9064.96,4532.48
4909,7346,600,1,4129.11,4129.11
4910,3428,1394,5,13631.35,2726.27
4911,4958,3968,4,13002.16,3250.54
4912,2797,1439,3,14177.76,4725.92
4913,4831,5525,1,4337.65,4337.65
4914,8972,6228,3,130.47,43.49
4915,4652,4750,2,8372.24,4186.12
4916,6495,7915,3,10177.32,3392.44
4917,4870,1371,4,15632.12,3908.03
4918,8674,423,4,13745.36,3436.34
4919,7426,1348,4,10167.6,2541.9
4920,8161,8792,2,2580.76,1290.38
4921,4090,7574,1,3047.19,3047.19
4922,9807,8572,2,3782.5,1891.25
4923,942,325,1,2639.1,2639.1
4924,1778,576,1,2965.27,2965.27
4925,8101,9025,3,6295.41,2098.47
4926,1319,7050,4,9058.6,2264.65
4927,7979,8332,1,2674.03,2674.03
4928,3123,1612,3,3921.99,1307.33
4929,1119,1409,3,761.37,253.79
4930,6244,2430,1,4839.33,4839.33
4931,1614,8044,3,2976.36,992.12
4932,5392,4136,4,12655.2,3163.8
4933,6271,8454,1,978.15,978.15
4934,7948,251,2,2238.12,1119.06
4935,1459,8803,3,11436.75,3812.25
4936,1762,8640,2,6543.98,3271.99
4937,912,7675,3,12883.68,4294.56
4938,9326,4351,2,8662.8,4331.4
4939,9132,4635,5,15933.0,3186.6
4940,8394,1350,2,526.08,263.04
4941,4030,2915,4,5309.56,1327.39
4942,902,1430,2,3689.8,1844.9
4943,9310,9794,3,9982.89,3327.63
4944,9050,5196,5,17167.3,3433.46
4945,7375,1531,2,4202.54,2101.27
4946,7848,1303,4,16922.0,4230.5
4947,8061,7136,2,2968.48,1484.24
4948,6901,3864,3,9959.49,3319.83
4949,1725,4601,2,9034.46,4517.23
4950,8451,5619,5,11138.95,2227.79
4951,7649,4983,5,4564.55,912.91
4952,5221,4021,5,22528.2,4505.64
4953,2300,472,5,1078.1,215.62
4954,8171,9391,2,9103.34,4551.67
4955,4858,4801,2,6749.06,3374.53
4956,235,1200,1,759.73,759.73
4957,2245,6341,5,20583.3,4116.66
4958,8475,5453,4,16325.96,4081.49
4959,233,7506,1,1322.74,1322.74
4960,4382,5905,1,115.6,115.6
4961,5937,2442,3,5631.24,1877.08
4962,95,5884,1,681.2,681.2
4963,3070,6609,1,1802.74,1802.74
4964,9276,3811,5,13641.2,2728.24
4965,4671,693,2,9120.96,4560.48
4966,4284,6416,2,6960.1,3480.05
4967,8819,2264,4,5022.2,1255.55
4968,1541,6135,2,6984.26,3492.13
4969,5641,2922,3,13635.15,4545.05
4970,4224,824,4,14998.96,3749.74
4971,422,7045,5,19620.9,3924.18
4972,2326,4232,1,3690.1,3690.1
4973,9235,2724,4,4440.2,1110.05
4974,4006,7450,2,1765.28,882.64
4975,2283,4438,1,1027.76,1027.76
4976,5550,1186,1,1199.51,1199.51
4977,4767,1465,5,16797.45,3359.49
4978,8773,3854,1,1655.28,1655.28
4979,7650,4260,3,14623.8,4874.6
4980,5658,8855,2,363.08,181.54
4981,2253,7898,2,1009.96,504.98
4982,8059,8480,1,3001.58,3001.58
4983,356,7494,3,3066.6,1022.2
4984,9154,3875,4,501.64,125.41
4985,1832,9028,2,278.94,139.47
4986,432,8585,1,4421.15,4421.15
4987,184,1419,1,2402.09,2402.09
4988,3771,9694,3,2780.34,926.78
4989,4661,699,3,7091.49,2363.83
4990,4602,3626,1,745.15,745.15
4991,3949,3592,1,3642.35,3642.35
4992,8469,988,1,842.36,842.36
4993,4785,8306,4,5404.16,1351.04
4994,7809,52,1,3750.29,3750.29
4995,3495,7739,3,8663.31,2887.77
4996,9785,7876,2,4978.32,2489.16
4997,2507,4180,1,3661.65,3661.65
4998,8389,8286,1,4193.09,4193.09
4999,9387,1551,1,3344.56,3344.56
5000,3728,4443,4,10747.6,2686.9
5001,1106,6304,2,1708.74,854.37
5002,5671,944,2,9952.48,4976.24
5003,6103,4268,5,16154.4,3230.88
5004,1320,5238,1,1103.79,1103.79
5005,1217,6099,3,6287.79,2095.93
5006,2829,5572,4,1341.08,335.27
5007,2259,8649,4,11789.08,2947.27
5008,8548,4462,3,7727.31,2575.77
5009,7851,8402,5,8059.8,1611.96
5010,5810,3233,5,1082.6,216.52
5011,644,7070,2,5302.2,2651.1
5012,929,7445,2,5201.16,2600.58
5013,7443,4823,2,7963.68,3981.84
5014,6506,5612,2,1762.76,881.38
5015,4481,9429,4,14796.08,3699.02
5016,4117,8321,2,1784.3,892.15
5017,5370,1960,5,2168.95,433.79
5018,1831,7196,2,5922.84,2961.42
5019,2191,5208,5,9563.85,1912.77
5020,2376,3574,1,487.27,487.27
5021,3346,2840,3,5442.09,1814.03
5022,1755,7550,3,10818.09,3606.03
5023,4049,1810,1,1309.95,1309.95
5024,845,2237,1,2503.26,2503.26
5025,4174,3206,4,17092.56,4273.14
5026,5800,5049,1,4094.42,4094.42
5027,8819,8028,5,5421.05,1084.21
5028,7156,4460,5,15950.4,3190.08
5029,7687,9423,3,11488.02,3829.34
5030,907,2560,5,15061.85,3012.37
5031,2009,6660,5,9846.5,1969.3
5032,1029,7363,3,8451.03,2817.01
5033,2313,456,5,99.35,19.87
5034,3888,9781,3,9897.21,3299.07
5035,9600,1217,4,2765.44,691.36
5036,8250,9457,3,2395.35,798.45
5037,3292,5613,1,3077.39,3077.39
5038,6585,3202,5,4243.3,848.66
5039,7490,9925,2,5711.9,2855.95
5040,6556,9677,3,509.07,169.69
5041,6921,6879,1,2783.18,2783.18
5042,9455,9448,4,18579.24,4644.81
5043,2783,8012,2,5355.56,2677.78
5044,3262,2334,3,13278.3,4426.1
5045,7870,2147,4,2464.76,616.19
5046,399,5510,5,9081.95,1816.39
5047,7339,1793,2,5959.32,2979.66
5048,8367,359,2,5381.96,2690.98
5049,7268,4165,1,3604.51,3604.51
5050,5744,1764,5,18371.5,3674.3
5051,5313,319,2,2930.94,1465.47
5052,7384,940,1,2438.13,2438.13
5053,8436,7295,3,14311.38,4770.46
5054,680,2743,5,22464.15,4492.83
5055,1267,4760,1,4250.07,4250.07
5056,7706,1478,1,1783.23,1783.23
5057,2299,3088,3,5343.42,1781.14
5058,2987,7146,1,1798.65,1798.65
5059,7266,4878,4,7992.0,1998.0
5060,2300,3356,2,8991.16,4495.58
5061,310,9286,5,11622.45,2324.49
5062,8033,6556,1,3873.55,3873.55
5063,1057,1255,4,7324.84,1831.21
5064,3000,8612,4,1961.72,490.43
5065,2892,9524,5,15524.2,3104.84
5066,4410,7161,1,1100.87,1100.87
5067,1959,2140,4,3060.52,765.13
5068,2889,1437,5,997.4,199.48
5069,5798,6940,3,226.38,75.46
5070,2285,4204,1,928.38,928.38
5071,1855,35,5,9240.1,1848.02
5072,2551,5660,2,8184.72,4092.36
5073,5597,7483,5,16811.5,3362.3
5074,5814,1857,3,11474.01,3824.67
5075,2442,7600,4,2047.68,511.92
5076,5045,863,4,1238.16,309.54
5077,8021,6324,1,931.15,931.15
5078,3758,980,3,14076.0,4692.0
5079,5732,9721,3,10286.61,3428.87
5080,5209,8581,3,2415.0,805.0
5081,8113,3350,1,2016.86,2016.86
5082,9824,129,4,15877.52,3969.38
5083,3858,9374,4,1496.92,374.23
5084,3929,8003,1,370.69,370.69
5085,8133,3852,4,11255.32,2813.83
5086,4007,5119,5,3713.4,742.68
5087,3810,5799,1,3369.79,3369.79
5088,1555,607,4,8695.16,2173.79
5089,7685,457,2,7882.52,3941.26
5090,6627,6649,2,7438.88,3719.44
5091,2776,3654,5,813.65,162.73
5092,7733,6838,4,13970.08,3492.52
5093,897,3851,4,11543.4,2885.85
5094,3369,5053,3,9804.54,3268.18
5095,1701,1185,4,7939.04,1984.76
5096,7114,2629,2,8283.52,4141.76
5097,176,6081,4,15033.52,3758.38
5098,6472,7542,3,14043.57,4681.19
5099,4203,630,1,4927.02,4927.02
5100,1908,5226,2,2277.32,1138.66
5101,5698,6171,4,374.08,93.52
5102,1286,3629,1,4258.45,4258.45
5103,8979,2696,3,1647.66,549.22
5104,4661,1828,5,8162.5,1632.5
5105,1814,4951,2,4563.1,2281.55
5106,5398,9580,2,7589.08,3794.54
5107,9655,7816,5,9641.55,1928.31
5108,391,4988,2,6815.98,3407.99
5109,3845,4326,5,20671.3,4134.26
5110,9500,6848,3,569.79,189.93
5111,2828,3831,4,10920.56,2730.14
5112,8453,7621,3,8879.01,2959.67
5113,9790,1063,5,17619.35,3523.87
5114,3387,4751,1,3997.78,3997.78
5115,9858,2586,1,2801.28,2801.28
5116,6812,7730,2,1756.78,878.39
5117,2570,7365,5,13298.25,2659.65
5118,6583,9581,2,9657.22,4828.61
5119,7040,4081,3,7092.78,2364.26
5120,1611,778,2,8961.46,4480.73
5121,2859,3638,5,24188.7,4837.74
5122,5007,1334,5,2797.35,559.47
5123,8661,6961,2,8773.1,4386.55
5124,3358,7803,1,1224.02,1224.02
5125,1589,2583,4,7896.32,1974.08
5126,4416,5365,1,4499.38,4499.38
5127,1423,2061,1,435.54,435.54
5128,6196,2237,5,5124.85,1024.97
5129,1712,3004,1,686.96,686.96
5130,5143,8141,4,1126.28,281.57
5131,4677,5370,5,6200.45,1240.09
5132,6878,6954,2,8877.56,4438.78
5133,630,8268,2,9825.52,4912.76
5134,722,7301,1,1350.35,1350.35
5135,1701,7038,2,7100.48,3550.24
5136,7636,2389,4,9488.92,2372.23
5137,9393,2084,4,17363.16,4340.79
5138,9226,1860,3,1281.96,427.32
5139,4130,3366,1,3580.23,3580.23
5140,5211,5300,4,19416.32,4854.08
5141,8226,6932,1,4519.51,4519.51
5142,9860,4590,2,2312.72,1156.36
5143,3733,6180,4,17353.28,4338.32
5144,2413,4171,5,14522.45,2904.49
5145,2549,2940,4,5333.36,1333.34
5146,8905,2862,3,9803.43,3267.81
5147,5271,9912,2,9301.88,4650.94
5148,2057,228,2,2644.76,1322.38
5149,4872,3121,3,12035.25,4011.75
5150,7681,1322,2,5151.64,2575.82
5151,9837,5074,1,4255.74,4255.74
5152,549,9841,5,19772.6,3954.52
5153,8750,4654,5,16118.35,3223.67
5154,7436,3167,4,19259.16,4814.79
5155,618,663,1,4166.79,4166.79
5156,2160,1019,1,135.93,135.93
5157,7466,7540,3,9129.87,3043.29
5158,9685,7396,1,4337.81,4337.81
5159,1426,7207,1,200.35,200.35
5160,7215,8465,2,9856.16,4928.08
5161,8786,2040,4,3304.88,826.22
5162,6036,6875,4,3068.68,767.17
5163,7339,3084,1,4190.69,4190.69
5164,2201,2923,5,9562.65,1912.53
5165,7463,9147,5,17880.45,3576.09
5166,3116,226,2,6283.04,3141.52
5167,7311,6492,3,1895.49,631.83
5168,1927,7684,1,2709.12,2709.12
5169,4330,7958,5,11353.2,2270.64
5170,5932,1716,5,14437.2,2887.44
5171,1808,7401,3,7665.51,2555.17
5172,6816,2276,5,6500.35,1300.07
5173,8311,3977,4,3311.16,827.79
5174,8366,2598,1,1446.1,1446.1
5175,6753,2445,1,4989.26,4989.26
5176,7023,5484,1,1781.58,1781.58
5177,9778,9699,1,2272.65,2272.65
5178,2880,4364,5,4022.45,804.49
5179,7,5728,1,1960.35,1960.35
5180,1844,9069,4,4882.52,1220.63
5181,7341,7689,2,9979.8,4989.9
5182,4343,8261,2,5097.76,2548.88
5183,5862,7798,5,19299.45,3859.89
5184,3196,1013,3,3417.42,1139.14
5185,5723,8045,5,23434.2,4686.84
5186,5123,3111,1,385.48,385.48
5187,4034,2381,4,10319.24,2579.81
5188,9033,1368,1,4897.84,4897.84
5189,2219,143,1,1980.27,1980.27
5190,5856,5166,2,2963.66,1481.83
5191,8025,7174,5,5890.0,1178.0
5192,6342,5844,2,2765.26,1382.63
5193,5344,2931,2,6522.68,3261.34
5194,4695,5770,1,148.55,148.55
5195,9698,5498,5,20375.15,4075.03
5196,1048,5871,4,13882.68,3470.67
5197,8255,6664,2,2713.56,1356.78
5198,812,9937,4,2322.84,580.71
5199,580,1452,3,5230.59,1743.53
5200,5049,8361,2,2360.66,1180.33
5201,5708,6683,3,13164.54,4388.18
5202,8703,5892,1,1401.01,1401.01
5203,8605,8386,4,15117.52,3779.38
5204,9101,1135,1,1494.5,1494.5
5205,6728,9468,2,9580.42,4790.21
5206,4490,8807,4,11821.04,2955.26
5207,4677,9426,2,7174.42,3587.21
5208,9679,2466,3,12708.06,4236.02
5209,1969,7641,5,11306.4,2261.28
5210,8405,3609,2,6890.9,3445.45
5211,5732,6671,2,6533.38,3266.69
5212,2291,9159,5,12140.3,2428.06
5213,2601,1497,3,5924.58,1974.86
5214,2256,4748,3,8632.5,2877.5
5215,4964,9278,5,15682.5,3136.5
5216,5172,3656,1,3565.39,3565.39
5217,1219,9645,3,12708.18,4236.06
5218,7941,7013,5,6292.6,1258.52
5219,9836,7343,4,831.56,207.89
5220,1794,7504,3,887.85,295.95
5221,4593,963,5,22452.45,4490.49
5222,9584,8476,4,1293.72,323.43
5223,6096,3373,4,4174.56,1043.64
5224,9487,6995,4,10457.8,2614.45
5225,6243,5745,4,14120.16,3530.04
5226,9975,6578,2,3563.48,1781.74
5227,9728,7821,4,1324.16,331.04
5228,4858,6655,1,4813.37,4813.37
5229,189,5294,1,3999.88,3999.88
5230,2586,1639,5,21952.45,4390.49
5231,8250,3500,2,1945.26,972.63
5232,1771,9542,4,12737.08,3184.27
5233,4507,9234,3,8726.43,2908.81
5234,1683,9786,3,1220.31,406.77
5235,2581,9144,2,4703.6,2351.8
5236,9412,4364,4,17255.24,4313.81
5237,7477,4435,2,7780.54,3890.27
5238,8744,1759,4,6977.44,1744.36
5239,4784,8335,1,120.33,120.33
5240,7776,8222,2,485.68,242.84
5241,8114,9486,2,4637.08,2318.54
5242,7797,5598,2,3884.56,1942.28
5243,6988,1471,3,5462.67,1820.89
5244,4288,2507,3,2771.94,923.98
5245,3720,48,4,137.96,34.49
5246,1736,145,5,10307.95,2061.59
5247,8634,6830,1,4331.34,4331.34
5248,1830,8037,2,8417.14,4208.57
5249,8065,1400,3,5717.19,1905.73
5250,7227,9268,2,162.68,81.34
5251,8486,5448,1,2567.04,2567.04
5252,8329,5941,1,977.86,977.86
5253,108,9160,4,14158.48,3539.62
5254,1720,572,4,2934.0,733.5
5255,7773,1884,5,5540.65,1108.13
5256,9940,2352,2,2554.88,1277.44
5257,5446,1682,5,11373.05,2274.61
5258,3553,4564,2,7185.68,3592.84
5259,4581,1260,3,10934.82,3644.94
5260,8683,9883,2,1470.88,735.44
5261,29,7190,2,5847.72,2923.86
5262,1368,434,5,10795.75,2159.15
5263,3166,7315,2,3804.26,1902.13
5264,1111,1093,4,16966.52,4241.63
5265,8271,940,5,23985.5,4797.1
5266,1665,5135,1,4492.43,4492.43
5267,2415,898,2,5669.48,2834.74
5268,5148,4193,3,4710.06,1570.02
5269,4818,7646,2,1551.68,775.84
5270,962,1682,1,887.5,887.5
5271,5725,5641,5,12754.15,2550.83
5272,489,7275,5,7362.45,1472.49
5273,1212,6832,1,1327.07,1327.07
5274,1306,3550,5,24093.7,4818.74
5275,7842,5507,2,5022.14,2511.07
5276,1620,6883,2,1460.9,730.45
5277,8047,1192,3,5651.73,1883.91
5278,3156,9083,4,3311.92,827.98
5279,7513,8136,2,7147.66,3573.83
5280,8563,6954,2,6484.78,3242.39
5281,7360,3330,5,12490.05,2498.01
5282,9230,3013,1,3852.87,3852.87
5283,5302,6727,2,5603.82,2801.91
5284,2230,2535,3,6242.4,2080.8
5285,6699,3694,4,5743.56,1435.89
5286,4845,4534,3,14188.5,4729.5
5287,353,9359,5,23200.1,4640.02
5288,2353,6034,2,4272.9,2136.45
5289,4456,3564,5,14757.1,2951.42
5290,5338,8420,5,15805.4,3161.08
5291,1323,7741,4,7908.56,1977.14
5292,6215,5893,2,5080.22,2540.11
5293,6152,4706,4,12539.04,3134.76
5294,4016,5891,4,11210.92,2802.73
5295,1405,2161,5,12987.85,2597.57
5296,4277,6441,1,3106.51,3106.51
5297,5726,7941,2,9727.2,4863.6
5298,3885,5390,2,6432.92,3216.46
5299,2520,1788,2,2643.62,1321.81
5300,5159,8194,4,10413.4,2603.35
5301,6354,1290,4,13229.0,3307.25
5302,3519,9166,3,48.21,16.07
5303,5345,2625,1,3264.7,3264.7
5304,5309,6730,3,8206.65,2735.55
5305,4686,2087,3,14301.93,4767.31
5306,6327,9951,1,1737.76,1737.76
5307,3920,1111,1,1455.59,1455.59
5308,4525,4182,4,12739.8,3184.95
5309,597,3540,3,6714.81,2238.27
5310,8035,4862,4,5225.04,1306.26
5311,8707,7648,5,14058.7,2811.74
5312,9896,8587,3,10204.98,3401.66
5313,2949,6106,2,2045.52,1022.76
5314,5606,6668,4,8426.68,2106.67
5315,2260,9041,4,4556.56,1139.14
5316,5202,4633,3,6372.69,2124.23
5317,744,765,1,1419.28,1419.28
5318,9748,6669,2,273.16,136.58
5319,2040,4899,3,5558.88,1852.96
5320,8029,2382,1,1706.6,1706.6
5321,1533,2400,4,6662.72,1665.68
5322,3725,478,2,9740.66,4870.33
5323,732,649,2,8723.54,4361.77
5324,8431,3112,4,12448.0,3112.0
5325,4786,9124,2,8369.44,4184.72
5326,7942,6678,2,2528.64,1264.32
5327,7585,9205,2,9668.78,4834.39
5328,1492,3023,4,11211.84,2802.96
5329,8103,1246,1,3465.9,3465.9
5330,689,3488,5,14032.3,2806.46
5331,3971,7471,2,3340.92,1670.46
5332,3490,6539,5,13274.0,2654.8
5333,5494,5067,3,12407.16,4135.72
5334,7155,8109,3,5705.46,1901.82
5335,4863,1870,3,6681.87,2227.29
5336,8105,2131,4,5291.36,1322.84
5337,8192,1193,1,1710.32,1710.32
5338,3378,7024,3,9620.73,3206.91
5339,2768,807,2,9734.06,4867.03
5340,8426,2787,2,2013.66,1006.83
5341,863,8300,2,5425.68,2712.84
5342,5705,7365,2,1977.32,988.66
5343,6487,3753,2,3860.2,1930.1
5344,864,2275,2,4015.36,2007.68
5345,8414,6811,2,8404.62,4202.31
5346,6788,1014,1,1208.11,1208.11
5347,3370,6238,1,4410.02,4410.02
5348,8812,7744,2,3998.5,1999.25
5349,1412,9641,4,8852.72,2213.18
5350,918,3767,4,7272.04,1818.01
5351,2105,8741,5,16264.35,3252.87
5352,9604,1411,5,1394.85,278.97
5353,1058,7116,4,10561.16,2640.29
5354,2030,9749,5,23199.0,4639.8
5355,7891,3319,2,4761.86,2380.93
5356,9487,1948,3,4131.81,1377.27
5357,4173,1448,3,922.05,307.35
5358,3637,1402,4,19524.68,4881.17
5359,6725,9183,5,1929.85,385.97
5360,9872,2677,4,9239.44,2309.86
5361,9642,5466,2,797.54,398.77
5362,6569,3842,5,3895.45,779.09
5363,1185,5712,1,950.2,950.2
5364,1992,8850,1,1260.56,1260.56
5365,8570,7402,5,10836.75,2167.35
5366,6016,6085,4,13942.84,3485.71
5367,735,5911,1,2677.97,2677.97
5368,149,5546,2,4102.22,2051.11
5369,942,7934,2,6941.72,3470.86
5370,7837,6118,4,10484.6,2621.15
5371,9773,7687,3,12867.66,4289.22
5372,7319,9805,4,2637.6,659.4
5373,6510,8991,4,6428.92,1607.23
5374,1083,4944,4,14132.8,3533.2
5375,4740,3161,2,3343.9,1671.95
5376,9120,8614,3,5452.23,1817.41
5377,9380,1743,4,17625.04,4406.26
5378,8385,5004,1,3279.29,3279.29
5379,5190,2187,5,11948.4,2389.68
5380,838,8739,1,2485.36,2485.36
5381,2985,354,3,9386.85,3128.95
5382,9543,16,4,17709.24,4427.31
5383,7995,9624,1,2876.1,2876.1
5384,4391,1676,3,6727.35,2242.45
5385,5316,6981,1,3365.76,3365.76
5386,8948,4540,1,3064.7,3064.7
5387,4686,3116,3,1795.41,598.47
5388,9032,6451,4,17483.56,4370.89
5389,3502,60,3,12424.56,4141.52
5390,9781,4812,1,2997.08,2997.08
5391,1497,561,4,8592.24,2148.06
5392,6394,6943,2,5831.62,2915.81
5393,4479,2036,3,1356.69,452.23
5394,1170,8642,1,1022.71,1022.71
5395,470,4497,5,16394.15,3278.83
5396,5317,7303,3,10695.39,3565.13
5397,5798,9033,2,3155.64,1577.82
5398,5898,5724,1,4053.45,4053.45
5399,8394,6237,3,4593.45,1531.15
5400,2225,7428,4,10728.48,2682.12
5401,2276,5917,2,9527.52,4763.76
5402,5475,2420,1,2421.25,2421.25
5403,7412,203,4,18379.84,4594.96
5404,9144,3172,2,2478.42,1239.21
5405,8947,9569,2,3465.72,1732.86
5406,4292,1852,3,4486.74,1495.58
5407,3327,6166,2,7719.52,3859.76
5408,2716,4619,3,7802.52,2600.84
5409,5892,7435,2,4923.58,2461.79
5410,4690,7601,3,13735.11,4578.37
5411,273,9291,2,4651.96,2325.98
5412,190,5694,2,1334.96,667.48
5413,5762,6686,5,17777.05,3555.41
5414,2933,9790,2,4419.74,2209.87
5415,9328,8096,3,6669.87,2223.29
5416,8807,5753,3,3527.88,1175.96
5417,771,3098,1,4013.5,4013.5
5418,8180,8125,3,8697.99,2899.33
5419,2095,9052,3,94.41,31.47
5420,422,2771,4,15091.88,3772.97
5421,1651,2061,3,6033.84,2011.28
5422,9736,622,4,17584.48,4396.12
5423,3469,3352,4,15754.32,3938.58
5424,6037,1982,4,4739.52,1184.88
5425,4885,5136,4,1400.44,350.11
5426,9835,7686,3,9535.98,3178.66
5427,71,439,1,172.2,172.2
5428,24,9567,3,13871.43,4623.81
5429,4935,4515,1,4714.98,4714.98
5430,4481,8490,5,21846.95,4369.39
5431,7824,5885,2,1998.82,999.41
5432,5628,4706,5,1154.5,230.9
5433,6312,7294,5,3372.05,674.41
5434,2454,4774,5,16151.9,3230.38
5435,6315,8542,4,1333.84,333.46
5436,3167,9327,2,6895.5,3447.75
5437,4976,9977,5,24469.3,4893.86
5438,8108,25,2,5952.42,2976.21
5439,3383,9028,2,4477.9,2238.95
5440,613,6808,3,10285.11,3428.37
5441,6249,9689,5,8294.05,1658.81
5442,670,645,1,2761.78,2761.78
5443,6535,2039,3,950.97,316.99
5444,4716,327,3,248.01,82.67
5445,5575,8923,5,16850.45,3370.09
5446,8266,7265,2,8479.76,4239.88
5447,8854,5456,3,4775.37,1591.79
5448,1463,7004,5,4784.45,956.89
5449,5940,8505,2,9795.88,4897.94
5450,4391,9430,3,2185.08,728.36
5451,5688,3890,4,12217.36,3054.34
5452,7132,1153,2,8246.9,4123.45
5453,7334,2561,5,19784.05,3956.81
5454,5142,2985,2,1542.76,771.38
5455,717,4756,4,5937.36,1484.34
5456,9012,8188,3,9354.99,3118.33
5457,1932,8464,5,3103.35,620.67
5458,9417,5260,3,6586.23,2195.41
5459,2524,8786,4,5190.68,1297.67
5460,5775,9441,1,3444.97,3444.97
5461,3322,3076,2,8855.5,4427.75
5462,8683,7141,2,7696.76,3848.38
5463,7084,8139,2,9067.68,4533.84
5464,6568,9872,1,2436.53,2436.53
5465,4421,6843,1,3259.1,3259.1
5466,3489,3251,5,10009.75,2001.95
5467,4463,2728,4,6844.12,1711.03
5468,5358,8703,2,3705.8,1852.9
5469,4713,134,5,24047.45,4809.49
5470,5486,7167,2,4745.8,2372.9
5471,3610,9926,5,15035.85,3007.17
5472,7975,574,5,3051.2,610.24
5473,5017,5681,4,18137.96,4534.49
5474,886,2440,1,4700.39,4700.39
5475,4992,1029,3,2152.92,717.64
5476,3446,1557,2,8528.2,4264.1
5477,8709,7195,2,6361.1,3180.55
5478,2782,6368,4,6187.6,1546.9
5479,5550,259,3,5838.03,1946.01
5480,2103,3466,1,316.14,316.14
5481,1285,9450,1,674.91,674.91
5482,6053,5138,2,6507.28,3253.64
5483,4977,4202,2,2466.24,1233.12
5484,3379,1765,5,5407.8,1081.56
5485,3975,1788,2,8535.52,4267.76
5486,3196,4570,5,19443.55,3888.71
5487,4551,6973,3,14862.81,4954.27
5488,9286,7011,5,3516.75,703.35
5489,9975,6331,2,185.96,92.98
5490,4036,7610,5,21761.0,4352.2
5491,1821,899,4,13433.48,3358.37
5492,1540,9884,1,1469.81,1469.81
5493,5006,2199,2,6274.5,3137.25
5494,1505,6448,5,11839.3,2367.86
5495,8384,5906,2,1959.18,979.59
5496,9076,5174,2,595.7,297.85
5497,2301,9265,3,2855.04,951.68
5498,2552,6644,2,1213.98,606.99
5499,18,1914,5,23721.4,4744.28
5500,7775,7358,3,9589.11,3196.37
5501,8235,9611,4,16958.68,4239.67
5502,2617,6487,4,15042.48,3760.62
5503,9875,3910,1,3583.3,3583.3
5504,8577,8111,1,2866.7,2866.7
5505,8794,3476,3,5421.0,1807.0
5506,5160,9894,5,10388.9,2077.78
5507,9626,7003,2,502.16,251.08
5508,3706,749,1,3723.89,3723.89
5509,7579,5644,4,1534.72,383.68
5510,8428,484,4,17950.72,4487.68
5511,9069,334,1,3373.94,3373.94
5512,682,9130,4,8424.52,2106.13
5513,1189,7847,5,4544.65,908.93
5514,9114,704,3,9802.98,3267.66
5515,3620,6932,5,23287.05,4657.41
5516,5071,7666,3,5878.05,1959.35
5517,2132,7610,5,11603.15,2320.63
5518,7701,4782,4,8727.92,2181.98
5519,1034,6203,4,17141.44,4285.36
5520,2488,456,1,463.79,463.79
5521,2599,252,1,4255.11,4255.11
5522,617,6282,3,1391.19,463.73
5523,5021,7885,3,6025.08,2008.36
5524,3980,7505,4,5658.68,1414.67
5525,6191,6222,5,13542.3,2708.46
5526,2684,104,1,319.41,319.41
5527,8888,5108,1,2544.96,2544.96
5528,2039,5833,3,2286.81,762.27
5529,2694,8867,4,10200.88,2550.22
5530,3821,2494,1,2177.29,2177.29
5531,9038,4809,5,9612.55,1922.51
5532,133,1725,4,15219.92,3804.98
5533,3627,7331,1,3660.88,3660.88
5534,4975,8983,1,3759.69,3759.69
5535,918,7304,3,8600.79,2866.93
5536,5645,5281,1,3284.58,3284.58
5537,1709,1149,5,7207.65,1441.53
5538,3533,2534,1,4564.35,4564.35
5539,5982,6368,2,9947.56,4973.78
5540,574,8613,5,23822.65,4764.53
5541,1274,1535,2,8882.08,4441.04
5542,6174,212,4,10221.84,2555.46
5543,6092,7653,1,2980.04,2980.04
5544,4663,1660,5,1041.05,208.21
5545,6537,1484,2,3666.72,1833.36
5546,5582,2211,3,9638.61,3212.87
5547,5663,8448,3,7713.03,2571.01
5548,6207,992,4,6907.24,1726.81
5549,4561,947,5,24097.2,4819.44
5550,1782,9873,2,2919.82,1459.91
5551,7811,3861,4,5492.36,1373.09
5552,695,2211,4,2287.12,571.78
5553,5972,7788,2,6416.46,3208.23
5554,8155,8464,4,4849.84,1212.46
5555,6892,9925,2,5282.56,2641.28
5556,5152,3167,4,1621.24,405.31
5557,7293,268,5,13324.25,2664.85
5558,1899,7587,1,4579.04,4579.04
5559,2322,4963,5,19696.45,3939.29
5560,1095,2243,1,2009.44,2009.44
5561,2399,4922,2,7781.92,3890.96
5562,7036,7857,4,19598.0,4899.5
5563,8988,3797,1,160.64,160.64
5564,8650,1847,1,895.9,895.9
5565,6580,5277,1,1178.16,1178.16
5566,7243,5611,5,24202.75,4840.55
5567,1431,5517,2,9693.9,4846.95
5568,1442,8992,5,24789.45,4957.89
5569,7380,2711,2,9838.7,4919.35
5570,6227,8356,1,4962.96,4962.96
5571,1731,4070,1,4721.81,4721.81
5572,2612,3599,3,5991.15,1997.05
5573,7527,3749,3,5462.37,1820.79
5574,5821,72,4,18798.16,4699.54
5575,5056,6695,2,7830.5,3915.25
5576,1296,7544,5,10038.1,2007.62
5577,480,5469,1,3871.64,3871.64
5578,1263,4551,4,10392.6,2598.15
5579,3461,2412,1,83.37,83.37
5580,6335,3163,1,696.14,696.14
5581,4278,5351,1,2222.34,2222.34
5582,6306,2066,3,12073.23,4024.41
5583,6962,2765,3,13054.92,4351.64
5584,4493,5346,3,5124.54,1708.18
5585,1084,1391,2,2900.68,1450.34
5586,1623,354,5,9013.05,1802.61
5587,7175,6763,3,11742.24,3914.08
5588,8250,4353,2,4062.24,2031.12
5589,988,812,3,103.62,34.54
5590,3663,1756,4,17883.12,4470.78
5591,5819,2956,2,2452.6,1226.3
5592,5544,8222,2,2324.7,1162.35
5593,5391,4599,2,6192.62,3096.31
5594,9264,2408,1,2708.98,2708.98
5595,1024,8622,3,14498.46,4832.82
5596,8599,1711,3,13900.08,4633.36
5597,5121,4610,4,11410.96,2852.74
5598,1803,3107,5,17824.85,3564.97
5599,7833,7876,2,6854.78,3427.39
5600,6838,2804,4,8946.72,2236.68
5601,9595,503,2,4603.48,2301.74
5602,7830,7407,2,9602.74,4801.37
5603,1846,4648,5,21771.65,4354.33
5604,9560,3027,2,8985.62,4492.81
5605,9238,133,5,13630.9,2726.18
5606,2018,6306,4,17265.76,4316.44
5607,2460,8226,1,1341.3,1341.3
5608,4972,9425,2,272.88,136.44
5609,8066,9933,1,4849.49,4849.49
5610,6050,5563,2,6945.04,3472.52
5611,8524,2948,3,1740.33,580.11
5612,8779,3999,1,1788.18,1788.18
5613,201,5116,2,9953.44,4976.72
5614,5987,9173,5,16501.4,3300.28
5615,250,5098,2,3785.28,1892.64
5616,9477,3806,1,4794.75,4794.75
5617,7205,1411,1,2521.63,2521.63
5618,8863,2136,5,5298.9,1059.78
5619,5047,959,3,8889.33,2963.11
5620,6414,2555,3,12750.33,4250.11
5621,3074,3723,4,11567.84,2891.96
5622,5191,6827,1,2670.95,2670.95
5623,7639,2455,3,1139.7,379.9
5624,8717,7058,4,10426.56,2606.64
5625,9647,2959,2,8248.28,4124.14
5626,7656,7442,4,17351.68,4337.92
5627,1249,7895,1,3321.2,3321.2
5628,7889,8593,4,11717.88,2929.47
5629,5305,9680,3,3026.7,1008.9
5630,3662,2922,1,1032.51,1032.51
5631,7211,2172,5,4591.35,918.27
5632,1513,6374,5,24658.55,4931.71
5633,6845,3910,1,3488.89,3488.89
5634,8296,9088,4,5847.04,1461.76
5635,277,2647,5,17184.85,3436.97
5636,4106,9167,2,7889.42,3944.71
5637,1865,1699,1,785.67,785.67
5638,957,3574,4,18569.16,4642.29
5639,1638,8722,5,18131.2,3626.24
5640,4534,3960,4,18304.52,4576.13
5641,4222,6115,1,1108.9,1108.9
5642,1890,4129,3,185.61,61.87
5643,6933,1051,5,16795.6,3359.12
5644,5562,6311,5,12579.6,2515.92
5645,9941,2947,1,667.4,667.4
5646,8548,6495,2,1655.12,827.56
5647,8563,1357,1,818.88,818.88
5648,8187,1319,2,3040.04,1520.02
5649,1835,7715,5,6890.35,1378.07
5650,8887,987,4,2649.36,662.34
5651,6640,8881,1,4090.4,4090.4
5652,6641,8239,3,6993.69,2331.23
5653,6271,4718,1,523.28,523.28
5654,6601,2466,5,14273.0,2854.6
5655,3395,6466,5,18478.3,3695.66
5656,3579,2632,5,23039.25,4607.85
5657,9331,9871,5,13622.95,2724.59
5658,357,5107,5,20755.7,4151.14
5659,1177,9342,3,3249.12,1083.04
5660,3463,7332,4,16001.72,4000.43
5661,8557,4051,4,12205.44,3051.36
5662,9739,7103,2,7775.96,3887.98
5663,8210,8141,2,9359.68,4679.84
5664,9435,3140,3,8390.19,2796.73
5665,2632,3918,1,443.33,443.33
5666,4197,1656,2,2351.42,1175.71
5667,3701,4318,2,4416.82,2208.41
5668,9723,3192,2,1393.84,696.92
5669,7681,8298,2,7108.96,3554.48
5670,3665,6512,3,2020.5,673.5
5671,8826,2001,3,9113.82,3037.94
5672,4847,191,4,10458.64,2614.66
5673,4914,8294,2,7219.48,3609.74
5674,2243,1650,5,15202.85,3040.57
5675,9429,7135,3,10294.11,3431.37
5676,3293,7755,3,12892.38,4297.46
5677,1247,9027,3,13944.96,4648.32
5678,9686,8418,5,353.2,70.64
5679,5548,9613,4,9230.16,2307.54
5680,4190,9247,2,6039.7,3019.85
5681,2071,9708,2,9650.0,4825.0
5682,51,487,3,14551.11,4850.37
5683,405,2054,4,17247.64,4311.91
5684,2194,927,1,515.63,515.63
5685,6652,159,1,169.15,169.15
5686,9316,3991,3,5720.43,1906.81
5687,238,7394,2,9802.5,4901.25
5688,208,4229,5,9116.65,1823.33
5689,1365,8991,4,8472.84,2118.21
5690,4638,9267,1,4988.09,4988.09
5691,8147,8173,5,18348.95,3669.79
5692,1922,8542,2,452.3,226.15
5693,4172,2929,2,6858.8,3429.4
5694,3699,7954,2,2782.96,1391.48
5695,7300,6105,5,834.15,166.83
5696,4493,1312,2,7530.9,3765.45
5697,9472,329,3,13891.68,4630.56
5698,3982,7958,1,3405.8,3405.8
5699,315,3842,3,2123.04,707.68
5700,4565,4042,3,10465.98,3488.66
5701,3990,5852,4,7726.52,1931.63
5702,1867,3778,1,4911.11,4911.11
5703,3410,9048,3,1574.07,524.69
5704,9305,3454,3,8347.17,2782.39
5705,7810,7794,3,1321.14,440.38
5706,2352,4217,1,1915.88,1915.88
5707,3051,2831,5,17612.65,3522.53
5708,9422,6464,3,11783.01,3927.67
5709,1824,7658,3,12799.44,4266.48
5710,2973,4339,4,7571.88,1892.97
5711,8609,5974,1,452.82,452.82
5712,8071,348,2,6680.88,3340.44
5713,9316,9495,4,19267.36,4816.84
5714,8561,5380,2,8540.58,4270.29
5715,4481,687,4,13931.12,3482.78
5716,6411,8767,5,2719.3,543.86
5717,4404,1647,2,5369.06,2684.53
5718,9811,8186,4,8221.4,2055.35
5719,4648,1671,3,14255.67,4751.89
5720,1501,7989,5,13903.6,2780.72
5721,3914,2422,3,370.26,123.42
5722,7868,5758,3,14341.71,4780.57
5723,6761,65,3,14669.31,4889.77
5724,4431,4029,5,3781.0,756.2
5725,3375,1990,4,15741.32,3935.33
5726,5477,4017,1,2464.62,2464.62
5727,6468,1245,4,9498.64,2374.66
5728,1328,2657,2,9286.34,4643.17
5729,4467,3784,1,180.63,180.63
5730,8309,2988,1,4189.8,4189.8
5731,4026,5136,2,845.68,422.84
5732,9957,1681,3,10129.8,3376.6
5733,3267,3488,1,2484.95,2484.95
5734,5393,8264,5,655.65,131.13
5735,6923,29,5,12641.6,2528.32
5736,2821,3055,2,2096.92,1048.46
5737,3816,4697,4,17465.12,4366.28
5738,2065,2974,5,5906.2,1181.24
5739,8949,2766,2,1224.28,612.14
5740,670,4218,2,2956.82,1478.41
5741,9382,1555,1,2241.67,2241.67
5742,4809,3763,2,3585.12,1792.56
5743,9337,2627,4,5110.04,1277.51
5744,1075,7478,3,10069.47,3356.49
5745,9240,5818,2,2833.58,1416.79
5746,19,1243,3,5387.7,1795.9
5747,1872,7314,5,1851.5,370.3
5748,6183,8028,5,22310.2,4462.04
5749,3443,9724,1,1796.12,1796.12
5750,9167,9548,1,4940.04,4940.04
5751,8910,9428,2,6643.3,3321.65
5752,1873,7365,4,10437.24,2609.31
5753,9433,5884,5,348.05,69.61
5754,7582,8336,2,3899.54,1949.77
5755,5994,4618,5,17189.55,3437.91
5756,7816,3597,3,3513.36,1171.12
5757,3717,621,5,13972.05,2794.41
5758,7966,2912,2,4085.98,2042.99
5759,8748,1094,2,6343.14,3171.57
5760,7832,8257,1,3105.22,3105.22
5761,7867,3,1,2560.38,2560.38
5762,6090,9930,4,6915.28,1728.82
5763,5625,1931,3,2521.35,840.45
5764,8279,8859,4,16526.16,4131.54
5765,4889,7785,2,2174.26,1087.13
5766,2292,3861,3,10029.39,3343.13
5767,6850,8015,5,12243.4,2448.68
5768,6227,9356,1,3362.43,3362.43
5769,5445,3350,3,11368.32,3789.44
5770,9471,7790,4,8704.04,2176.01
5771,778,3902,3,7434.51,2478.17
5772,1501,9546,2,4362.66,2181.33
5773,1582,840,5,15879.85,3175.97
5774,4400,8939,1,3827.51,3827.51
5775,4890,2999,2,1959.26,979.63
5776,3426,6663,3,12108.93,4036.31
5777,7641,9867,4,7862.88,1965.72
5778,5016,7324,1,2309.53,2309.53
5779,2469,5052,3,13804.47,4601.49
5780,9834,167,5,94.95,18.99
5781,2619,546,1,4092.72,4092.72
5782,7723,3419,2,4113.78,2056.89
5783,4042,6264,1,960.97,960.97
5784,8998,4855,5,10367.25,2073.45
5785,761,6804,4,9527.0,2381.75
5786,8249,9893,5,22832.85,4566.57
5787,8780,4816,4,2715.88,678.97
5788,7965,201,5,5424.3,1084.86
5789,7050,7476,2,3267.16,1633.58
5790,8109,2892,4,13584.24,3396.06
5791,817,3704,4,551.2,137.8
5792,2640,3054,3,6015.75,2005.25
5793,3079,8089,5,16708.0,3341.6
5794,3467,6557,3,10639.59,3546.53
5795,3617,5750,1,319.47,319.47
5796,5912,7765,5,19124.8,3824.96
5797,3580,4328,3,4519.14,1506.38
5798,5829,4239,3,10817.7,3605.9
5799,6605,5707,4,13515.08,3378.77
5800,2131,6737,2,6505.54,3252.77
5801,5047,6443,4,4997.24,1249.31
5802,6978,8565,1,343.56,343.56
5803,5592,7916,2,5900.38,2950.19
5804,1355,5030,4,1715.84,428.96
5805,3210,9929,3,1337.28,445.76
5806,5416,4857,3,1093.11,364.37
5807,9353,3491,5,12740.0,2548.0
5808,4314,6253,1,1117.65,1117.65
5809,2847,6173,3,10283.04,3427.68
5810,8060,8673,1,1887.45,1887.45
5811,1222,2681,1,448.47,448.47
5812,456,1890,5,2006.85,401.37
5813,9476,1101,2,3872.72,1936.36
5814,9007,657,4,7259.48,1814.87
5815,7897,6333,2,9061.36,4530.68
5816,3955,9086,5,10502.55,2100.51
5817,7738,307,1,792.34,792.34
5818,4884,7195,2,8372.5,4186.25
5819,4806,714,1,2539.73,2539.73
5820,7004,8525,2,541.8,270.9
5821,7688,8967,3,4346.97,1448.99
5822,6160,7789,4,10556.92,2639.23
5823,5557,9820,5,17385.4,3477.08
5824,1313,8440,4,514.84,128.71
5825,1404,202,1,4363.61,4363.61
5826,2799,6861,1,4276.2,4276.2
5827,4248,9410,5,20230.9,4046.18
5828,4005,6157,5,3957.25,791.45
5829,856,8130,4,2030.4,507.6
5830,8058,1352,3,4446.0,1482.0
5831,3831,9201,2,7880.96,3940.48
5832,9487,2825,4,198.2,49.55
5833,2452,2709,5,6011.25,1202.25
5834,3770,3122,4,468.36,117.09
5835,8663,4834,2,8281.58,4140.79
5836,6543,2892,2,1216.96,608.48
5837,3146,2278,2,7925.74,3962.87
5838,8497,8601,4,7857.64,1964.41
5839,6163,2410,1,2321.02,2321.02
5840,551,6623,4,1380.28,345.07
5841,2184,2732,3,1746.96,582.32
5842,46,1023,1,4178.15,4178.15
5843,6870,1252,4,7774.92,1943.73
5844,3132,2088,1,483.49,483.49
5845,2718,2619,4,17697.48,4424.37
5846,2964,5006,2,8057.12,4028.56
5847,2833,3316,2,8962.3,4481.15
5848,7882,8994,2,3335.94,1667.97
5849,754,7670,5,9798.85,1959.77
5850,9817,4521,1,3793.13,3793.13
5851,3206,4425,2,1960.14,980.07
5852,5441,769,5,670.1,134.02
5853,3969,7536,4,19821.52,4955.38
5854,5130,57,3,3940.77,1313.59
5855,3256,5022,5,13188.0,2637.6
5856,7837,4469,1,1532.63,1532.63
5857,1794,99,5,1881.4,376.28
5858,9645,3130,2,300.54,150.27
5859,5290,1635,2,1138.22,569.11
5860,518,3446,1,2093.78,2093.78
5861,7899,4381,4,15091.08,3772.77
5862,2505,1870,4,6133.08,1533.27
5863,8025,2665,5,19079.0,3815.8
5864,5454,5656,2,8016.9,4008.45
5865,6393,495,1,349.36,349.36
5866,2132,9472,4,13034.16,3258.54
5867,9752,5829,1,403.88,403.88
5868,3811,1835,1,545.22,545.22
5869,8701,8741,2,5378.12,2689.06
5870,5969,5127,5,21035.25,4207.05
5871,5400,6021,4,6878.08,1719.52
5872,4195,6677,2,8790.52,4395.26
5873,9496,4759,3,10563.03,3521.01
5874,6571,9960,3,5688.15,1896.05
5875,8139,9513,4,8125.68,2031.42
5876,2054,6410,5,10473.2,2094.64
5877,7246,5983,1,2824.01,2824.01
5878,7906,3093,2,3066.1,1533.05
5879,6455,7066,2,1662.98,831.49
5880,2319,3236,2,8681.28,4340.64
5881,6964,8322,4,9084.92,2271.23
5882,9879,8561,2,6422.24,3211.12
5883,4193,1225,3,8382.39,2794.13
5884,4269,9865,2,150.32,75.16
5885,8321,127,5,8757.7,1751.54
5886,2563,6875,5,3107.15,621.43
5887,5610,2477,1,153.87,153.87
5888,6456,9664,4,10798.48,2699.62
5889,5414,492,5,2680.95,536.19
5890,4061,3414,3,6206.58,2068.86
5891,6730,5264,1,108.66,108.66
5892,4167,6715,5,8777.25,1755.45
5893,1865,3294,5,862.65,172.53
5894,580,2033,4,7464.96,1866.24
5895,4418,2108,2,6967.74,3483.87
5896,3446,9733,5,15522.95,3104.59
5897,776,5407,3,1860.21,620.07
5898,9250,3817,5,22743.45,4548.69
5899,1031,8524,5,10821.1,2164.22
5900,352,25,5,18821.2,3764.24
5901,195,2623,5,22261.0,4452.2
5902,7107,4482,1,2586.92,2586.92
5903,7924,21,1,1449.86,1449.86
5904,1229,6115,4,11246.84,2811.71
5905,3945,4281,4,15920.68,3980.17
5906,3176,8362,5,13166.25,2633.25
5907,2495,8900,5,8925.65,1785.13
5908,4875,3393,3,7681.35,2560.45
5909,4993,5990,5,16763.35,3352.67
5910,5112,9795,5,598.6,119.72
5911,1623,539,3,3177.15,1059.05
5912,5631,6375,1,1255.91,1255.91
5913,1256,7226,3,10949.31,3649.77
5914,4951,4610,5,11750.4,2350.08
5915,9045,8951,3,454.68,151.56
5916,8045,9222,1,1647.07,1647.07
5917,2070,6116,4,918.8,229.7
5918,7261,180,4,19722.76,4930.69
5919,7819,727,5,13859.05,2771.81
5920,6844,846,3,2388.0,796.0
5921,251,3362,1,3327.13,3327.13
5922,5948,1833,2,2185.88,1092.94
5923,8665,693,5,17050.8,3410.16
5924,3799,9475,3,486.15,162.05
5925,5432,9896,2,1380.72,690.36
5926,8813,3602,1,1378.17,1378.17
5927,9432,6219,4,8307.52,2076.88
5928,4390,4518,1,3704.89,3704.89
5929,7548,9274,1,2118.05,2118.05
5930,6018,4476,2,6969.94,3484.97
5931,296,8763,1,4999.16,4999.16
5932,316,9782,2,4700.48,2350.24
5933,2169,7815,4,9723.6,2430.9
5934,1628,1703,2,6286.6,3143.3
5935,281,779,5,16637.75,3327.55
5936,1637,3128,2,7779.02,3889.51
5937,3414,7093,1,2197.16,2197.16
5938,532,3303,2,9641.56,4820.78
5939,80,1511,4,10554.24,2638.56
5940,1506,1105,1,4364.14,4364.14
5941,1856,8987,4,13047.44,3261.86
5942,8187,6746,2,5582.16,2791.08
5943,5819,7916,2,665.72,332.86
5944,4405,989,1,714.38,714.38
5945,5973,1239,1,4248.21,4248.21
5946,3820,5641,4,13037.28,3259.32
5947,7310,673,2,194.14,97.07
5948,2632,4487,4,14142.64,3535.66
5949,3399,534,4,14387.6,3596.9
5950,3491,7710,4,18308.32,4577.08
5951,447,124,5,23796.45,4759.29
5952,4783,4634,1,2009.94,2009.94
5953,8664,9835,3,13090.02,4363.34
5954,947,3610,3,4614.87,1538.29
5955,6192,6254,3,7228.47,2409.49
5956,3327,6645,5,13142.9,2628.58
5957,9834,2838,4,15454.0,3863.5
5958,5972,8313,5,9321.2,1864.24
5959,940,2115,5,4796.35,959.27
5960,2363,6511,3,13314.12,4438.04
5961,6974,6087,1,2207.99,2207.99
5962,9300,6750,5,14005.3,2801.06
5963,3135,6345,3,3346.77,1115.59
5964,9343,8060,3,10563.09,3521.03
5965,1054,4088,4,14255.6,3563.9
5966,5294,505,1,4871.4,4871.4
5967,1729,2037,5,22620.5,4524.1
5968,4312,33,2,9782.54,4891.27
5969,8135,459,3,811.47,270.49
5970,628,7372,5,14522.9,2904.58
5971,8583,1317,5,5438.25,1087.65
5972,2830,7747,3,12289.02,4096.34
5973,7500,4382,5,12005.2,2401.04
5974,3525,4285,3,11884.35,3961.45
5975,6924,2410,2,2990.62,1495.31
5976,7245,5739,1,528.26,528.26
5977,1286,9875,1,3264.89,3264.89
5978,4822,3419,4,14951.2,3737.8
5979,8174,1736,2,2731.0,1365.5
5980,5066,4333,3,8283.72,2761.24
5981,9479,2200,4,8273.6,2068.4
5982,9266,8261,5,5760.35,1152.07
5983,2762,1793,1,2066.48,2066.48
5984,8005,9199,4,12293.64,3073.41
5985,9932,8014,4,10172.28,2543.07
5986,6369,531,1,1330.5,1330.5
5987,2236,7693,5,929.4,185.88
5988,4220,6849,1,3529.06,3529.06
5989,1544,6030,2,6571.92,3285.96
5990,2830,9111,5,4231.85,846.37
5991,9899,4636,2,935.46,467.73
5992,3009,4986,2,9434.02,4717.01
5993,8711,96,4,11196.96,2799.24
5994,3430,3467,5,4551.8,910.36
5995,7518,4584,4,18155.96,4538.99
5996,7025,156,5,1394.6,278.92
5997,2367,5725,3,7427.61,2475.87
5998,4357,4750,1,1876.18,1876.18
5999,184,4,3,6247.65,2082.55
6000,3051,7509,2,5457.86,2728.93
6001,4553,2882,4,16486.28,4121.57
6002,3842,1235,4,7937.88,1984.47
6003,677,8556,1,1568.87,1568.87
6004,5129,3,3,6322.08,2107.36
6005,914,2897,5,20444.4,4088.88
6006,7130,9808,5,12756.7,2551.34
6007,6749,781,4,1690.24,422.56
6008,6260,8269,1,3709.75,3709.75
6009,1509,570,3,4265.94,1421.98
6010,5412,4897,5,24300.3,4860.06
6011,8966,4347,1,663.67,663.67
6012,8116,9842,2,6237.52,3118.76
6013,3912,1126,5,3236.9,647.38
6014,5905,9085,1,2860.68,2860.68
6015,5533,3985,2,7651.66,3825.83
6016,4510,5297,2,811.86,405.93
6017,1714,9423,4,19504.68,4876.17
6018,9475,3547,1,1162.49,1162.49
6019,988,9672,1,1255.67,1255.67
6020,6551,790,1,2275.82,2275.82
6021,5482,3608,1,2235.89,2235.89
6022,6919,6952,1,2852.88,2852.88
6023,8648,686,5,1164.5,232.9
6024,8193,5103,5,12875.05,2575.01
6025,2990,7464,5,12584.5,2516.9
6026,817,2495,4,18419.4,4604.85
6027,4635,6743,4,16803.4,4200.85
6028,208,9173,3,12726.3,4242.1
6029,5349,303,1,4283.9,4283.9
6030,3923,1145,5,12408.8,2481.76
6031,7682,9225,2,2044.92,1022.46
6032,3376,4333,4,12877.56,3219.39
6033,2521,5005,4,11283.76,2820.94
6034,3461,8641,2,4893.86,2446.93
6035,6442,6425,3,5686.14,1895.38
6036,2578,3999,1,2856.09,2856.09
6037,3171,690,5,20261.9,4052.38
6038,5779,7927,3,8164.53,2721.51
6039,355,8902,1,3232.02,3232.02
6040,4275,9616,5,20760.2,4152.04
6041,9113,5166,1,3071.03,3071.03
6042,6438,3274,5,1849.2,369.84
6043,3708,8532,5,4379.15,875.83
6044,3393,4924,1,2831.87,2831.87
6045,1609,8042,4,7448.56,1862.14
6046,8135,5193,4,3720.64,930.16
6047,9892,2204,5,23109.8,4621.96
6048,1281,7310,5,23649.05,4729.81
6049,1974,5308,4,9583.24,2395.81
6050,7039,3842,1,212.63,212.63
6051,5092,7513,1,2597.59,2597.59
6052,9163,6956,4,10277.12,2569.28
6053,458,9056,4,19672.36,4918.09
6054,8395,8734,1,876.36,876.36
6055,4668,3157,5,15585.25,3117.05
6056,1510,6871,1,3906.12,3906.12
6057,5720,9245,1,212.28,212.28
6058,781,5132,2,9562.7,4781.35
6059,5958,4631,1,4581.5,4581.5
6060,1195,2200,3,1040.67,346.89
6061,788,8857,5,5043.75,1008.75
6062,6154,842,1,562.83,562.83
6063,5346,7087,1,4879.61,4879.61
6064,2031,1631,2,9954.12,4977.06
6065,5073,1248,3,8090.76,2696.92
6066,2497,7972,5,15434.75,3086.95
6067,9361,7239,5,12042.15,2408.43
6068,6116,1776,5,16449.45,3289.89
6069,7951,5156,3,5254.2,1751.4
6070,7483,3613,5,8166.4,1633.28
6071,6034,4340,5,8853.25,1770.65
6072,8333,2581,3,3652.74,1217.58
6073,6229,9787,3,8571.78,2857.26
6074,2722,7695,3,3547.47,1182.49
6075,9443,3781,4,14295.28,3573.82
6076,1782,4742,1,4366.47,4366.47
6077,5216,3254,4,17309.72,4327.43
6078,9679,2230,4,11060.04,2765.01
6079,4826,2772,3,2295.0,765.0
6080,2150,5358,5,4510.65,902.13
6081,1476,8455,3,10688.7,3562.9
6082,227,6302,5,1121.2,224.24
6083,977,3196,2,613.4,306.7
6084,6432,24,1,1632.68,1632.68
6085,2361,6353,4,3426.2,856.55
6086,7273,5292,5,14003.5,2800.7
6087,7777,6794,4,1817.52,454.38
6088,4570,3231,5,16736.1,3347.22
6089,6546,8219,2,7975.3,3987.65
6090,3130,3970,4,8684.04,2171.01
6091,6807,3934,1,718.56,718.56
6092,5131,4466,4,17777.4,4444.35
6093,9401,6597,3,4921.47,1640.49
6094,8144,3041,1,2343.94,2343.94
6095,7436,1844,4,10025.08,2506.27
6096,3391,8295,5,14691.7,2938.34
6097,4010,9167,5,17780.9,3556.18
6098,779,9557,4,12203.72,3050.93
6099,5957,5125,1,102.36,102.36
6100,7854,1439,3,2481.09,827.03
6101,981,189,4,8111.88,2027.97
6102,6219,821,1,2121.01,2121.01
6103,8923,1801,5,8005.85,1601.17
6104,894,88,1,1610.03,1610.03
6105,7841,6284,2,5030.9,2515.45
6106,6672,7763,4,2045.24,511.31
6107,560,974,3,4007.16,1335.72
6108,725,3240,1,3746.43,3746.43
6109,6846,6554,3,8666.04,2888.68
6110,937,4712,1,444.38,444.38
6111,4507,6755,1,1502.23,1502.23
6112,9814,3025,1,4496.24,4496.24
6113,8559,8417,4,3966.88,991.72
6114,2588,615,4,8474.2,2118.55
6115,4193,3526,1,3504.64,3504.64
6116,9483,9519,1,2171.37,2171.37
6117,1312,8799,2,9197.5,4598.75
6118,8649,739,2,4350.56,2175.28
6119,3413,6381,3,5756.7,1918.9
6120,9227,3693,2,6973.14,3486.57
6121,646,1546,1,2444.85,2444.85
6122,1596,8474,3,6000.27,2000.09
6123,8255,8796,5,8194.45,1638.89
6124,7050,3553,5,5248.65,1049.73
6125,3453,3963,4,557.48,139.37
6126,6886,864,5,24498.2,4899.64
6127,6801,9096,1,263.0,263.0
6128,6118,2857,3,12118.29,4039.43
6129,6587,6562,3,12886.53,4295.51
6130,1529,30,5,23620.0,4724.0
6131,6445,8276,4,14820.88,3705.22
6132,9928,5959,1,4871.63,4871.63
6133,5273,1992,3,3850.71,1283.57
6134,8728,7229,1,840.53,840.53
6135,8109,5714,5,10467.05,2093.41
6136,5601,7171,1,1013.31,1013.31
6137,193,2784,3,529.83,176.61
6138,7519,3138,4,9843.12,2460.78
6139,5299,888,5,23806.95,4761.39
6140,6265,2669,4,10737.96,2684.49
6141,3994,8698,3,1761.48,587.16
6142,1599,7934,5,3002.65,600.53
6143,4025,8508,4,6593.64,1648.41
6144,4103,8084,1,4763.36,4763.36
6145,116,756,4,11796.08,2949.02
6146,8610,2052,1,4935.52,4935.52
6147,4106,3059,4,10962.96,2740.74
6148,1528,8886,5,7427.25,1485.45
6149,1323,6507,5,21460.5,4292.1
6150,8830,9787,2,2855.86,1427.93
6151,7435,3388,2,6824.96,3412.48
6152,4320,6984,4,13154.68,3288.67
6153,9706,1929,1,3029.31,3029.31
6154,530,1782,1,4272.07,4272.07
6155,4618,2819,3,392.28,130.76
6156,3674,7470,1,1262.34,1262.34
6157,3942,4190,1,160.59,160.59
6158,7800,8084,1,4932.75,4932.75
6159,64,2964,1,4203.08,4203.08
6160,353,1535,3,9056.25,3018.75
6161,4861,4529,4,216.92,54.23
6162,1866,2812,4,4053.92,1013.48
6163,5239,7162,5,20972.4,4194.48
6164,9453,3781,4,10829.96,2707.49
6165,9214,2306,1,2174.46,2174.46
6166,6008,7673,1,4342.59,4342.59
6167,3617,853,2,9404.06,4702.03
6168,4708,3704,4,730.72,182.68
6169,1217,306,5,1173.8,234.76
6170,1385,6510,3,5977.29,1992.43
6171,9208,526,3,13417.92,4472.64
6172,8027,4762,4,9935.84,2483.96
6173,8261,2715,1,2158.79,2158.79
6174,727,6891,4,8201.96,2050.49
6175,9268,1245,2,7955.86,3977.93
6176,1144,669,5,5314.7,1062.94
6177,1832,1203,5,23316.4,4663.28
6178,6294,7763,2,255.2,127.6
6179,8000,8838,2,8989.74,4494.87
6180,2212,9192,5,9558.05,1911.61
6181,7836,3450,2,5302.36,2651.18
6182,7870,1163,1,2810.5,2810.5
6183,1786,3020,4,14876.08,3719.02
6184,658,9239,3,8690.85,2896.95
6185,479,4464,4,14817.28,3704.32
6186,7049,6224,1,3601.79,3601.79
6187,7421,9355,2,974.44,487.22
6188,3694,3669,3,4611.18,1537.06
6189,6939,2246,5,23678.35,4735.67
6190,5243,2607,2,8419.16,4209.58
6191,2847,1646,2,3907.38,1953.69
6192,817,472,5,13721.4,2744.28
6193,7066,3023,1,4828.82,4828.82
6194,9663,6033,2,2866.62,1433.31
6195,3711,4803,4,8957.84,2239.46
6196,3022,1041,4,5482.96,1370.74
6197,9221,107,5,20704.6,4140.92
6198,3876,8365,5,7942.8,1588.56
6199,7765,340,4,4821.48,1205.37
6200,7959,3106,1,2037.23,2037.23
6201,4664,5168,3,7582.83,2527.61
6202,61,9565,2,9752.12,4876.06
6203,7710,6636,3,8337.48,2779.16
6204,7257,6059,5,3635.65,727.13
6205,6099,5450,1,2438.1,2438.1
6206,2088,3616,3,12548.91,4182.97
6207,6053,7872,4,16552.68,4138.17
6208,73,3806,2,2698.18,1349.09
6209,1608,7982,1,3940.66,3940.66
6210,2811,7114,5,23299.2,4659.84
6211,7688,5844,5,23986.45,4797.29
6212,2318,498,2,3526.68,1763.34
6213,5970,8285,1,2385.13,2385.13
6214,2137,3773,1,3361.46,3361.46
6215,6785,2257,2,2580.16,1290.08
6216,3346,775,3,1720.5,573.5
6217,8598,1530,1,2842.77,2842.77
6218,7918,657,3,2420.55,806.85
6219,1014,8535,1,3164.23,3164.23
6220,9217,3733,1,3601.22,3601.22
6221,4424,9192,1,2924.8,2924.8
6222,486,7938,1,3575.83,3575.83
6223,1289,6267,2,4517.24,2258.62
6224,3926,5234,1,3659.27,3659.27
6225,6231,5706,5,16569.25,3313.85
6226,6799,3944,2,8232.58,4116.29
6227,9389,3024,3,10381.05,3460.35
6228,8188,4807,3,10317.24,3439.08
6229,7234,7566,5,14851.25,2970.25
6230,2857,8201,1,4994.95,4994.95
6231,1428,5767,1,4052.46,4052.46
6232,1335,2785,4,19790.88,4947.72
6233,7681,6817,3,2683.11,894.37
6234,4369,9545,5,8693.55,1738.71
6235,735,8229,3,864.33,288.11
6236,3584,9168,1,1967.28,1967.28
6237,7315,1555,5,13880.85,2776.17
6238,5875,6399,5,7626.85,1525.37
6239,9911,4305,1,4720.35,4720.35
6240,7793,473,2,8823.02,4411.51
6241,3550,476,3,10721.7,3573.9
6242,5374,1713,5,16083.75,3216.75
6243,8177,8361,4,5933.68,1483.42
6244,1930,4634,3,1024.23,341.41
6245,1995,4221,5,23400.7,4680.14
6246,5511,6701,1,4976.51,4976.51
6247,4709,6342,2,8066.0,4033.0
6248,3789,2868,3,1197.15,399.05
6249,877,4109,1,2736.67,2736.67
6250,7831,7968,3,7634.76,2544.92
6251,9056,3225,1,1473.55,1473.55
6252,9208,8825,5,19351.6,3870.32
6253,5544,162,3,12900.36,4300.12
6254,9857,297,2,8128.3,4064.15
6255,1102,4403,5,17565.7,3513.14
6256,5431,7285,2,9060.46,4530.23
6257,206,3814,4,736.08,184.02
6258,374,2204,5,9343.1,1868.62
6259,2771,545,1,3339.26,3339.26
6260,6788,815,4,7794.48,1948.62
6261,4492,5244,5,9680.45,1936.09
6262,9086,9851,1,3916.55,3916.55
6263,9064,9961,4,4770.56,1192.64
6264,2070,6332,3,10461.93,3487.31
6265,7310,2776,3,14121.12,4707.04
6266,7696,8548,2,6606.96,3303.48
6267,4768,7045,1,2770.84,2770.84
6268,1550,9793,2,4019.52,2009.76
6269,9881,7319,1,2868.73,2868.73
6270,9941,7548,4,2946.96,736.74
6271,979,3671,2,2880.02,1440.01
6272,5980,1868,2,9355.32,4677.66
6273,8953,5914,1,2962.94,2962.94
6274,5613,3962,2,6406.36,3203.18
6275,7826,31,4,1053.72,263.43
6276,958,7547,3,11918.49,3972.83
6277,243,8119,4,14478.32,3619.58
6278,7431,5536,2,4098.4,2049.2
6279,4656,2087,2,4229.58,2114.79
6280,3900,9884,2,6278.16,3139.08
6281,9571,9756,2,8378.38,4189.19
6282,1707,7134,4,1680.96,420.24
6283,344,2079,2,8994.58,4497.29
6284,608,1187,5,23604.65,4720.93
6285,9766,5443,1,4098.99,4098.99
6286,856,9446,3,14384.43,4794.81
6287,7764,8522,1,2538.86,2538.86
6288,1240,7771,5,23344.45,4668.89
6289,1483,8617,4,18490.44,4622.61
6290,9922,6936,1,726.31,726.31
6291,1319,9449,3,10429.83,3476.61
6292,4637,569,1,3233.79,3233.79
6293,3165,9994,5,2832.45,566.49
6294,8342,5994,5,10950.9,2190.18
6295,9825,6625,1,3100.35,3100.35
6296,2487,5154,4,12738.28,3184.57
6297,3344,3877,4,6547.6,1636.9
6298,6558,6849,3,13975.11,4658.37
6299,7567,9240,3,13825.59,4608.53
6300,9411,2352,4,4193.56,1048.39
6301,9160,148,4,19642.68,4910.67
6302,7591,8371,5,12587.6,2517.52
6303,4927,4632,5,5697.55,1139.51
6304,1648,914,1,4475.04,4475.04
6305,5189,5284,4,15371.76,3842.94
6306,541,4104,5,5341.7,1068.34
6307,4613,4782,2,9750.88,4875.44
6308,9428,1574,4,498.04,124.51
6309,6376,8812,4,3771.88,942.97
6310,1318,6181,4,7258.84,1814.71
6311,8669,8356,2,6697.72,3348.86
6312,5003,2671,1,1865.37,1865.37
6313,6443,833,5,17197.7,3439.54
6314,6134,4980,2,7621.88,3810.94
6315,2954,2943,4,18510.0,4627.5
6316,632,8783,3,4451.07,1483.69
6317,7638,645,5,21676.8,4335.36
6318,1787,7793,5,12575.55,2515.11
6319,1606,8300,3,12089.31,4029.77
6320,6374,3166,4,15162.28,3790.57
6321,2618,4184,4,18997.88,4749.47
6322,6050,6798,2,2209.2,1104.6
6323,1155,4779,3,10652.43,3550.81
6324,3696,1120,3,13788.96,4596.32
6325,1857,4249,2,9415.36,4707.68
6326,6153,5653,5,3409.4,681.88
6327,2260,3485,1,2845.14,2845.14
6328,5815,1787,2,7891.64,3945.82
6329,8168,3950,1,2172.95,2172.95
6330,199,1452,4,11466.04,2866.51
6331,1665,7392,3,5455.38,1818.46
6332,5642,6164,5,24921.7,4984.34
6333,5204,8885,1,3757.69,3757.69
6334,2529,4475,3,4005.03,1335.01
6335,4187,3812,2,954.76,477.38
6336,5571,5093,5,3093.35,618.67
6337,9186,4447,5,7149.6,1429.92
6338,73,3494,2,3046.8,1523.4
6339,9153,5265,4,6236.52,1559.13
6340,1075,8522,5,19341.25,3868.25
6341,4403,7994,2,459.88,229.94
6342,5424,3037,2,9717.66,4858.83
6343,5256,2096,1,3892.76,3892.76
6344,7726,3595,1,3069.06,3069.06
6345,3252,6838,4,7727.68,1931.92
6346,2065,2403,2,915.56,457.78
6347,1927,5046,1,1037.05,1037.05
6348,9046,2953,2,4943.88,2471.94
6349,9862,6310,1,3922.87,3922.87
6350,2280,6884,1,3406.85,3406.85
6351,6018,4610,1,2706.41,2706.41
6352,9543,7805,1,1095.2,1095.2
6353,6655,6622,1,3582.19,3582.19
6354,8767,9966,1,331.41,331.41
6355,1881,203,1,26.93,26.93
6356,7720,5041,2,2835.64,1417.82
6357,1818,6776,3,12229.47,4076.49
6358,6470,9776,5,20807.5,4161.5
6359,3700,7342,2,5364.84,2682.42
6360,7750,1866,2,7875.3,3937.65
6361,325,8368,4,16004.32,4001.08
6362,3261,1201,5,723.8,144.76
6363,5340,4404,4,2723.64,680.91
6364,260,662,1,157.38,157.38
6365,9989,1960,4,14588.32,3647.08
6366,841,970,4,16529.84,4132.46
6367,6151,2202,5,11104.35,2220.87
6368,7830,5986,5,12533.8,2506.76
6369,1873,6268,4,1695.92,423.98
6370,2529,6334,5,11821.45,2364.29
6371,6300,6442,2,2255.86,1127.93
6372,419,3316,4,9431.08,2357.77
6373,3011,2190,4,12256.08,3064.02
6374,1962,9337,2,674.62,337.31
6375,3369,371,5,11431.8,2286.36
6376,2733,476,1,3072.62,3072.62
6377,5795,8197,3,9275.07,3091.69
6378,3698,3315,5,19749.7,3949.94
6379,4748,1178,3,1401.09,467.03
6380,4603,5345,5,19906.05,3981.21
6381,8495,8473,5,23391.75,4678.35
6382,9601,9442,2,6637.1,3318.55
6383,5561,3786,2,3542.6,1771.3
6384,9980,9648,2,5319.48,2659.74
6385,1493,8467,3,11977.47,3992.49
6386,9099,8464,1,2723.28,2723.28
6387,2204,4419,5,22972.45,4594.49
6388,9308,7773,5,5326.95,1065.39
6389,3860,8988,1,3993.5,3993.5
6390,352,6547,2,5999.9,2999.95
6391,9376,5625,4,309.04,77.26
6392,1451,4239,1,1897.34,1897.34
6393,7844,5350,2,6227.04,3113.52
6394,7637,1467,5,3741.9,748.38
6395,7379,9906,2,7876.3,3938.15
6396,6300,1732,3,9367.29,3122.43
6397,8367,4204,3,1877.85,625.95
6398,3010,3171,5,22982.6,4596.52
6399,3756,9132,1,742.79,742.79
6400,1511,9345,5,6215.4,1243.08
6401,6258,344,2,1646.2,823.1
6402,9980,998,3,3690.24,1230.08
6403,5812,7694,3,4171.44,1390.48
6404,7662,2481,2,3148.66,1574.33
6405,4912,3846,2,9117.92,4558.96
6406,7080,8066,5,11480.35,2296.07
6407,2208,8603,1,4350.64,4350.64
6408,9595,4061,3,7929.33,2643.11
6409,4328,8182,4,12708.48,3177.12
6410,7753,5158,5,16256.9,3251.38
6411,7477,3251,2,5250.84,2625.42
6412,4805,2024,3,1586.64,528.88
6413,8949,422,5,17310.25,3462.05
6414,6058,1583,2,4107.28,2053.64
6415,8221,750,1,3588.02,3588.02
6416,1864,4127,1,3472.73,3472.73
6417,9385,7884,5,11561.6,2312.32
6418,7224,4444,3,8655.6,2885.2
6419,3370,3528,5,91.3,18.26
6420,656,6041,5,13787.05,2757.41
6421,2578,7319,5,19155.7,3831.14
6422,6520,5579,1,4602.02,4602.02
6423,401,8885,1,2256.07,2256.07
6424,2509,5376,1,1152.45,1152.45
6425,2082,1783,3,14849.4,4949.8
6426,7767,401,3,7228.11,2409.37
6427,8518,3512,2,4813.5,2406.75
6428,114,9998,3,9934.95,3311.65
6429,2759,3204,4,12407.36,3101.84
6430,6836,5283,5,3165.65,633.13
6431,4019,9775,1,2650.83,2650.83
6432,9459,4858,1,974.29,974.29
6433,4731,9584,3,3442.08,1147.36
6434,6726,2828,1,2028.06,2028.06
6435,266,969,5,17491.15,3498.23
6436,1956,7578,5,9414.35,1882.87
6437,4151,4657,4,3134.24,783.56
6438,5485,5394,1,189.56,189.56
6439,4971,2351,5,8179.2,1635.84
6440,6435,9890,4,18241.72,4560.43
6441,631,2032,1,3573.78,3573.78
6442,2656,7714,3,12157.77,4052.59
6443,7382,9494,3,12943.32,4314.44
6444,7048,1476,2,1140.58,570.29
6445,8507,2401,4,1668.84,417.21
6446,5519,2331,3,5678.22,1892.74
6447,1582,9045,4,8408.6,2102.15
6448,9699,6968,5,8268.85,1653.77
6449,1691,7349,3,2781.63,927.21
6450,6989,3072,3,11203.71,3734.57
6451,7357,4957,5,20910.75,4182.15
6452,6608,5549,2,8183.1,4091.55
6453,7512,9881,4,16793.6,4198.4
6454,1347,7637,4,18868.96,4717.24
6455,3508,7,2,8231.66,4115.83
6456,7237,7393,3,11391.78,3797.26
6457,705,3318,1,1362.7,1362.7
6458,5443,3581,3,11813.55,3937.85
6459,2788,4412,5,821.85,164.37
6460,9298,4211,1,1559.97,1559.97
6461,5653,2166,1,218.42,218.42
6462,9314,5176,4,6623.76,1655.94
6463,6387,7365,3,1481.55,493.85
6464,1771,3632,4,9626.36,2406.59
6465,1001,1872,4,11048.16,2762.04
6466,7641,7914,2,4887.96,2443.98
6467,6389,6861,5,484.6,96.92
6468,8403,4922,5,11249.8,2249.96
6469,5732,5949,1,141.45,141.45
6470,8283,9037,5,13025.95,2605.19
6471,2702,4961,1,1490.95,1490.95
6472,5709,228,1,2065.59,2065.59
6473,4504,3635,1,110.08,110.08
6474,7693,1132,3,11385.21,3795.07
6475,2204,9756,3,4200.09,1400.03
6476,4668,146,4,4764.52,1191.13
6477,6893,8246,5,3007.65,601.53
6478,3657,5138,3,10159.44,3386.48
6479,2281,7708,3,1557.6,519.2
6480,2314,5405,1,4571.13,4571.13
6481,6428,4560,4,2583.12,645.78
6482,3310,9533,3,7419.06,2473.02
6483,108,2174,2,2471.98,1235.99
6484,695,9912,4,16999.76,4249.94
6485,8246,6984,3,4142.79,1380.93
6486,8064,9844,5,14481.0,2896.2
6487,2354,8521,3,5304.87,1768.29
6488,1116,8498,2,9216.56,4608.28
6489,6955,5511,4,14267.56,3566.89
6490,8875,5450,5,22812.3,4562.46
6491,8362,342,5,7233.45,1446.69
6492,1253,1376,3,4073.73,1357.91
6493,589,1984,1,2032.83,2032.83
6494,8343,7115,5,8195.45,1639.09
6495,9794,6496,4,12422.64,3105.66
6496,2794,8161,2,1937.84,968.92
6497,501,8045,4,11895.92,2973.98
6498,2384,4492,2,2365.56,1182.78
6499,7089,4027,2,2468.52,1234.26
6500,4144,1953,1,2394.95,2394.95
6501,1682,5302,3,9869.4,3289.8
6502,8225,8819,4,1177.24,294.31
6503,1141,49,4,4441.4,1110.35
6504,1337,8426,2,6108.02,3054.01
6505,4380,2596,2,8284.62,4142.31
6506,6788,6004,5,23861.35,4772.27
6507,5778,9781,4,6285.08,1571.27
6508,5889,3571,5,22241.35,4448.27
6509,3813,365,3,9801.54,3267.18
6510,567,902,4,11559.76,2889.94
6511,2334,8182,5,13449.45,2689.89
6512,8494,5250,1,1655.2,1655.2
6513,548,9574,1,3228.19,3228.19
6514,2175,3677,2,6325.88,3162.94
6515,2293,7494,2,3239.18,1619.59
6516,413,8245,5,4539.55,907.91
6517,3303,5861,4,10414.76,2603.69
6518,1094,8812,2,5896.68,2948.34
6519,7199,6072,3,13464.96,4488.32
6520,2375,8676,2,9583.82,4791.91
6521,7635,1679,1,2658.36,2658.36
6522,8150,2422,4,7161.64,1790.41
6523,4347,7174,3,13243.35,4414.45
6524,6393,5954,2,4509.6,2254.8
6525,1807,8686,1,4608.26,4608.26
6526,6283,4242,4,6339.96,1584.99
6527,49,9808,1,4786.55,4786.55
6528,7634,1113,5,16535.45,3307.09
6529,7315,6084,2,7153.48,3576.74
6530,9384,2817,2,2797.62,1398.81
6531,3919,2169,3,13530.06,4510.02
6532,7567,4089,5,2311.0,462.2
6533,4147,867,4,14196.6,3549.15
6534,9795,8496,1,2093.83,2093.83
6535,5147,5340,3,1699.47,566.49
6536,454,1157,3,4983.66,1661.22
6537,3643,5504,2,8037.44,4018.72
6538,7678,3808,2,9830.5,4915.25
6539,3260,9622,3,9966.06,3322.02
6540,2491,477,5,15549.15,3109.83
6541,9463,6187,1,3621.47,3621.47
6542,8694,4228,1,3398.0,3398.0
6543,8623,6045,5,18093.0,3618.6
6544,7160,7482,5,13143.7,2628.74
6545,6923,4919,2,5970.28,2985.14
6546,1345,3215,1,4070.06,4070.06
6547,5090,3620,4,9816.12,2454.03
6548,9263,3289,4,4110.4,1027.6
6549,1531,9396,5,402.1,80.42
6550,4006,8199,1,2394.88,2394.88
6551,7237,5566,3,2385.72,795.24
6552,7219,6394,4,1196.32,299.08
6553,5360,1769,2,715.5,357.75
6554,7205,2244,5,10667.5,2133.5
6555,9857,7977,2,3509.08,1754.54
6556,5113,3794,4,6028.12,1507.03
6557,5752,1940,4,12852.92,3213.23
6558,7620,5451,3,1453.14,484.38
6559,9738,7264,2,6763.1,3381.55
6560,46,5765,1,1832.4,1832.4
6561,3822,1488,5,19163.45,3832.69
6562,6269,5640,5,17717.2,3543.44
6563,7513,4315,2,7052.96,3526.48
6564,586,6783,2,5467.44,2733.72
6565,2841,6184,2,7368.96,3684.48
6566,4965,4832,2,23.1,11.55
6567,9409,405,2,106.42,53.21
6568,9948,7172,3,12349.83,4116.61
6569,4019,3368,2,5091.26,2545.63
6570,2071,2362,1,1001.94,1001.94
6571,6105,9401,2,7516.04,3758.02
6572,5039,813,2,1660.5,830.25
6573,7725,3819,5,17604.6,3520.92
6574,6969,9735,4,1343.2,335.8
6575,6686,2361,5,9531.3,1906.26
6576,1051,7588,5,11807.4,2361.48
6577,8919,1617,3,7460.76,2486.92
6578,3891,7281,3,9912.81,3304.27
6579,4323,7257,3,7939.35,2646.45
6580,4277,2876,4,18274.12,4568.53
6581,6756,2386,1,1035.36,1035.36
6582,8107,5391,1,4935.86,4935.86
6583,6359,354,4,7525.68,1881.42
6584,8682,4365,2,658.08,329.04
6585,9734,9453,3,2441.7,813.9
6586,5450,6721,3,584.25,194.75
6587,6409,3533,1,386.8,386.8
6588,2917,6883,1,957.62,957.62
6589,3275,2770,2,4313.4,2156.7
6590,2676,1881,4,5716.68,1429.17
6591,5915,6399,4,18330.24,4582.56
6592,4442,3240,3,5224.02,1741.34
6593,1946,7969,1,1688.64,1688.64
6594,2361,8800,4,2292.16,573.04
6595,9493,8617,1,3657.54,3657.54
6596,5358,4463,1,676.38,676.38
6597,6975,9523,2,7957.3,3978.65
6598,7996,478,3,12354.36,4118.12
6599,3323,439,1,20.03,20.03
6600,7619,467,4,11213.28,2803.32
6601,5465,7419,3,13166.16,4388.72
6602,8872,5831,2,7900.04,3950.02
6603,7649,7784,5,9687.75,1937.55
6604,6180,6955,3,14921.43,4973.81
6605,4101,3752,4,4443.6,1110.9
6606,6190,8180,4,10467.92,2616.98
6607,4933,4462,2,7693.7,3846.85
6608,7335,8514,2,6880.04,3440.02
6609,1426,2031,4,11832.44,2958.11
6610,6904,7881,1,2975.74,2975.74
6611,1724,2572,4,5051.76,1262.94
6612,6259,2508,5,1822.75,364.55
6613,1830,4105,4,8666.6,2166.65
6614,7172,3721,4,5185.08,1296.27
6615,7906,7433,3,10883.43,3627.81
6616,3483,5142,3,4497.03,1499.01
6617,2266,8700,5,23672.95,4734.59
6618,3874,7049,5,3347.05,669.41
6619,7456,2905,4,19387.16,4846.79
6620,9226,1296,4,11186.68,2796.67
6621,6003,1689,5,14713.1,2942.62
6622,4668,4557,2,3354.78,1677.39
6623,8492,2085,3,7700.25,2566.75
6624,1874,1779,5,19279.7,3855.94
6625,8614,8001,2,5148.38,2574.19
6626,6788,2659,4,3782.08,945.52
6627,2563,8628,5,11897.05,2379.41
6628,3607,1756,2,8058.36,4029.18
6629,4368,2672,4,11553.36,2888.34
6630,1433,3599,5,20665.75,4133.15
6631,6247,6291,5,9768.25,1953.65
6632,9165,7411,2,3961.2,1980.6
6633,3604,6844,2,754.04,377.02
6634,3031,7681,5,17074.1,3414.82
6635,1413,9315,2,650.54,325.27
6636,7168,2735,3,14044.83,4681.61
6637,9375,7887,5,15574.35,3114.87
6638,4732,2748,2,7743.7,3871.85
6639,2663,2810,2,836.3,418.15
6640,585,4319,5,11433.9,2286.78
6641,7986,6427,1,2414.88,2414.88
6642,1530,5209,2,8383.74,4191.87
6643,2169,2525,4,11891.48,2972.87
6644,1206,127,2,8731.86,4365.93
6645,209,7079,5,1680.3,336.06
6646,6798,456,4,17287.92,4321.98
6647,3777,4441,2,7542.56,3771.28
6648,7280,1674,1,1388.28,1388.28
6649,924,7985,5,919.65,183.93
6650,506,9458,4,18988.16,4747.04
6651,35,5533,5,1699.15,339.83
6652,251,7681,1,3440.01,3440.01
6653,4056,7975,3,7694.7,2564.9
6654,7805,7324,1,2712.79,2712.79
6655,9786,2930,3,13701.48,4567.16
6656,2342,6918,1,3926.57,3926.57
6657,8967,6140,3,8158.14,2719.38
6658,412,4375,3,11705.58,3901.86
6659,7109,3674,4,4441.48,1110.37
6660,5276,3242,2,2006.28,1003.14
6661,9595,2097,2,1566.54,783.27
6662,6666,896,5,13876.15,2775.23
6663,898,4748,1,4798.19,4798.19
6664,6941,1703,2,2567.3,1283.65
6665,2471,489,2,4075.46,2037.73
6666,9583,630,3,752.16,250.72
6667,6918,7022,3,12660.3,4220.1
6668,3764,7704,2,5040.98,2520.49
6669,3448,1319,3,12765.54,4255.18
6670,1463,1293,5,11817.9,2363.58
6671,4798,2561,3,2955.15,985.05
6672,1462,64,5,2060.65,412.13
6673,3941,7628,1,2828.44,2828.44
6674,4895,6492,3,13364.55,4454.85
6675,1827,6346,2,8917.04,4458.52
6676,868,5119,2,2022.78,1011.39
6677,701,5288,5,23128.55,4625.71
6678,4360,7208,4,10655.88,2663.97
6679,1694,1868,1,329.46,329.46
6680,2103,2261,1,2290.95,2290.95
6681,3734,7230,4,8242.16,2060.54
6682,3845,4809,2,371.06,185.53
6683,7546,6918,1,3514.51,3514.51
6684,942,5524,2,2015.4,1007.7
6685,1886,794,1,3693.42,3693.42
6686,6417,2195,1,3658.72,3658.72
6687,1601,4212,2,4162.38,2081.19
6688,4198,5260,5,11407.15,2281.43
6689,1572,7775,2,3697.66,1848.83
6690,7528,8465,3,14908.59,4969.53
6691,6961,190,2,3798.04,1899.02
6692,3006,6009,3,10969.11,3656.37
6693,9593,8436,2,8398.88,4199.44
6694,4701,6823,1,4131.92,4131.92
6695,2854,7056,3,3264.39,1088.13
6696,5086,5048,1,1889.05,1889.05
6697,9998,2257,1,4626.53,4626.53
6698,9264,2852,4,18258.44,4564.61
6699,2392,3480,2,9961.98,4980.99
6700,1535,4932,3,12715.89,4238.63
6701,2461,6775,1,1435.84,1435.84
6702,4494,3002,2,3327.44,1663.72
6703,544,3255,2,1054.88,527.44
6704,5950,3463,1,132.3,132.3
6705,4912,1438,1,3356.38,3356.38
6706,1467,1722,2,9042.64,4521.32
6707,2861,2104,5,12385.75,2477.15
6708,3953,3525,4,14716.16,3679.04
6709,8753,3005,5,16727.25,3345.45
6710,3387,2823,4,19908.72,4977.18
6711,1603,8807,3,6603.78,2201.26
6712,5500,3033,5,8917.8,1783.56
6713,547,4144,3,13538.04,4512.68
6714,8652,7659,4,119.96,29.99
6715,8711,868,1,730.16,730.16
6716,563,2627,5,2188.0,437.6
6717,7834,2509,3,3272.85,1090.95
6718,2801,8421,4,11871.96,2967.99
6719,5689,6608,4,19420.24,4855.06
6720,3885,6384,3,9677.16,3225.72
6721,8040,8434,1,2121.82,2121.82
6722,7413,7955,5,11275.45,2255.09
6723,5714,4942,2,6871.08,3435.54
6724,5669,5862,2,2467.06,1233.53
6725,8896,9321,2,7274.6,3637.3
6726,208,5400,3,4188.03,1396.01
6727,178,8385,1,4730.77,4730.77
6728,8972,7792,2,3981.52,1990.76
6729,7614,9116,3,6001.83,2000.61
6730,4028,8510,4,7295.84,1823.96
6731,3768,4733,2,9922.86,4961.43
6732,486,9447,1,1534.93,1534.93
6733,8692,1607,1,959.46,959.46
6734,1305,7254,2,9802.04,4901.02
6735,9391,5045,3,9712.11,3237.37
6736,2153,2421,2,1450.3,725.15
6737,7392,5067,2,8197.42,4098.71
6738,8415,7762,4,2184.12,546.03
6739,9700,4734,4,13346.0,3336.5
6740,5666,6191,5,20735.85,4147.17
6741,3351,9614,3,14602.17,4867.39
6742,1620,8658,3,7991.4,2663.8
6743,6670,4005,5,4602.9,920.58
6744,6465,264,2,4681.54,2340.77
6745,1206,352,1,4649.7,4649.7
6746,2982,9894,4,1321.56,330.39
6747,6710,8646,5,24955.75,4991.15
6748,4494,8201,3,6634.71,2211.57
6749,9241,8261,5,9818.8,1963.76
6750,8299,8126,1,603.07,603.07
6751,153,3248,4,3797.96,949.49
6752,8706,871,4,15632.0,3908.0
6753,4596,1820,1,4859.2,4859.2
6754,6358,7425,3,580.41,193.47
6755,2707,5000,5,6707.0,1341.4
6756,2568,6827,5,3082.55,616.51
6757,3392,3625,2,7646.62,3823.31
6758,566,4658,4,17413.36,4353.34
6759,5332,5061,4,3352.92,838.23
6760,7453,7820,2,7649.84,3824.92
6761,9511,2053,4,2521.96,630.49
6762,7311,1802,3,10871.4,3623.8
6763,6992,4675,3,2413.41,804.47
6764,3066,9263,5,6362.9,1272.58
6765,2152,7729,2,2899.92,1449.96
6766,1038,9412,2,756.28,378.14
6767,2561,8756,5,4541.45,908.29
6768,1224,4957,5,15188.3,3037.66
6769,3662,5576,4,14818.72,3704.68
6770,5788,644,4,14270.36,3567.59
6771,1821,9311,2,1942.68,971.34
6772,6740,9592,2,7350.98,3675.49
6773,6827,3166,5,12560.1,2512.02
6774,9666,1156,5,20710.75,4142.15
6775,7116,163,3,8008.98,2669.66
6776,8703,3313,3,4097.85,1365.95
6777,4556,4513,1,1642.32,1642.32
6778,3025,2761,2,7626.08,3813.04
6779,710,6484,2,5367.62,2683.81
6780,2576,5562,5,11982.95,2396.59
6781,9232,1619,1,3270.61,3270.61
6782,5391,4692,3,5562.66,1854.22
6783,5452,7109,5,9241.7,1848.34
6784,5899,8826,5,14354.4,2870.88
6785,6248,4272,4,13611.6,3402.9
6786,2361,9926,3,8948.76,2982.92
6787,3898,9394,2,2391.36,1195.68
6788,1911,6189,2,3166.78,1583.39
6789,1949,1617,5,8393.65,1678.73
6790,1556,631,4,19358.16,4839.54
6791,1728,1767,2,2452.76,1226.38
6792,4266,7535,3,6934.2,2311.4
6793,890,8631,4,8749.12,2187.28
6794,6116,4808,1,2389.59,2389.59
6795,6704,7748,2,8535.22,4267.61
6796,8561,3713,2,3667.54,1833.77
6797,61,1084,3,7569.39,2523.13
6798,4041,4976,5,15483.65,3096.73
6799,1190,6726,3,4072.26,1357.42
6800,1592,1546,3,13927.5,4642.5
6801,6368,7756,4,16841.2,4210.3
6802,6840,4995,3,157.95,52.65
6803,1225,7531,5,19530.8,3906.16
6804,5989,3364,5,7507.4,1501.48
6805,8350,1121,1,1093.59,1093.59
6806,7761,6139,3,1734.12,578.04
6807,6246,3527,4,12286.4,3071.6
6808,5270,7267,3,8870.94,2956.98
6809,1162,8858,1,79.94,79.94
6810,5413,6934,5,7291.35,1458.27
6811,456,6613,4,18358.08,4589.52
6812,253,6209,2,7243.08,3621.54
6813,2953,6018,1,1226.16,1226.16
6814,5977,1673,3,9335.07,3111.69
6815,903,9182,5,22190.2,4438.04
6816,1783,3359,2,7527.78,3763.89
6817,2642,1665,1,4014.09,4014.09
6818,2338,3301,1,3136.54,3136.54
6819,4822,6105,5,21782.5,4356.5
6820,1382,5485,5,7392.25,1478.45
6821,2056,9063,5,15295.55,3059.11
6822,9193,4730,3,6935.88,2311.96
6823,6241,1559,3,10040.64,3346.88
6824,7375,3911,2,3903.68,1951.84
6825,7209,9774,1,3889.74,3889.74
6826,8072,2389,4,4932.76,1233.19
6827,6394,6531,5,17286.0,3457.2
6828,7837,2636,1,1458.41,1458.41
6829,9357,2516,1,3216.86,3216.86
6830,8250,5282,2,481.42,240.71
6831,7120,853,1,4341.71,4341.71
6832,2326,8802,5,9623.9,1924.78
6833,8978,6319,4,14464.4,3616.1
6834,421,4030,4,8526.04,2131.51
6835,803,5102,1,260.89,260.89
6836,7983,3370,1,88.37,88.37
6837,3744,7408,2,7436.16,3718.08
6838,5597,8818,1,2806.84,2806.84
6839,6330,7101,4,16288.96,4072.24
6840,6349,691,2,6676.86,3338.43
6841,1690,5163,5,13011.4,2602.28
6842,8035,8659,4,10456.48,2614.12
6843,8466,4797,5,6100.8,1220.16
6844,9422,28,3,3633.54,1211.18
6845,2371,5053,4,13246.68,3311.67
6846,9946,4440,2,1517.3,758.65
6847,974,7457,5,12936.95,2587.39
6848,7894,7242,4,15383.36,3845.84
6849,8888,6047,2,5660.86,2830.43
6850,3923,3754,3,10604.82,3534.94
6851,1980,7706,1,1926.38,1926.38
6852,2679,1327,5,9283.1,1856.62
6853,2262,300,2,8265.42,4132.71
6854,6449,1066,4,8801.48,2200.37
6855,2838,3006,4,18133.44,4533.36
6856,4068,1710,4,14162.56,3540.64
6857,2404,4616,4,14042.68,3510.67
6858,9337,5411,1,4105.65,4105.65
6859,5593,3521,4,13903.96,3475.99
6860,61,4647,3,11801.76,3933.92
6861,1173,9601,2,572.02,286.01
6862,5654,4352,2,8417.16,4208.58
6863,2174,1064,5,14990.2,2998.04
6864,9388,5122,5,3869.05,773.81
6865,7892,5211,2,8502.52,4251.26
6866,1118,2075,5,3229.65,645.93
6867,4125,5548,2,2736.98,1368.49
6868,2509,2452,2,6682.64,3341.32
6869,782,2513,1,4204.89,4204.89
6870,9027,4323,2,8833.88,4416.94
6871,9162,9589,4,11408.36,2852.09
6872,7119,9671,3,10404.06,3468.02
6873,8520,2083,5,23181.8,4636.36
6874,3621,348,2,4030.88,2015.44
6875,5825,6631,5,2857.15,571.43
6876,2527,6348,4,3292.16,823.04
6877,1962,4116,4,1284.24,321.06
6878,5051,3723,2,3252.3,1626.15
6879,3672,7254,4,2235.28,558.82
6880,9145,4989,2,8913.82,4456.91
6881,3887,499,3,1616.55,538.85
6882,5177,1682,2,9101.4,4550.7
6883,1688,8401,1,278.61,278.61
6884,8072,926,2,6529.78,3264.89
6885,9232,4084,1,2465.19,2465.19
6886,1422,9807,2,2147.7,1073.85
6887,1393,6114,2,8294.46,4147.23
6888,218,6991,1,4755.65,4755.65
6889,1684,8980,2,4892.28,2446.14
6890,9849,5651,4,15956.04,3989.01
6891,398,5838,4,4915.04,1228.76
6892,1191,2396,5,16316.2,3263.24
6893,8932,1816,5,18612.8,3722.56
6894,5469,9649,5,2705.05,541.01
6895,3802,938,2,177.72,88.86
6896,8119,9749,5,12915.5,2583.1
6897,7276,2163,4,19431.8,4857.95
6898,9568,7907,2,8139.22,4069.61
6899,482,600,5,3317.2,663.44
6900,3544,6455,2,8727.52,4363.76
6901,7557,5036,4,6623.48,1655.87
6902,2753,7096,2,9389.36,4694.68
6903,621,2864,4,7796.6,1949.15
6904,3504,7747,3,1373.52,457.84
6905,9450,2329,3,5625.87,1875.29
6906,4480,4163,3,10011.84,3337.28
6907,4942,7337,5,18907.05,3781.41
6908,8471,8375,2,1438.74,719.37
6909,7842,9238,5,10728.05,2145.61
6910,3787,4556,2,9855.22,4927.61
6911,9325,2336,5,21891.6,4378.32
6912,5320,2520,2,5072.32,2536.16
6913,677,1893,3,14296.02,4765.34
6914,7825,5954,2,1088.14,544.07
6915,7570,780,3,5626.59,1875.53
6916,1449,5005,1,145.52,145.52
6917,5991,6534,3,7998.93,2666.31
6918,910,1919,2,5577.3,2788.65
6919,9502,3897,5,21385.9,4277.18
6920,8598,132,4,8583.08,2145.77
6921,3948,725,4,15967.8,3991.95
6922,2977,3156,2,6970.22,3485.11
6923,291,8713,2,2679.12,1339.56
6924,2057,8738,3,4770.42,1590.14
6925,9910,6548,5,12793.3,2558.66
6926,2659,4808,4,15242.44,3810.61
6927,4784,9499,3,13501.47,4500.49
6928,6126,6126,3,10164.06,3388.02
6929,8481,8974,1,2738.08,2738.08
6930,3189,678,5,333.05,66.61
6931,6517,5500,4,15401.56,3850.39
6932,3189,3135,4,9214.04,2303.51
6933,5065,295,1,1991.97,1991.97
6934,5012,7628,1,863.57,863.57
6935,4200,9508,5,9961.5,1992.3
6936,1993,4540,1,919.19,919.19
6937,6653,1742,4,860.48,215.12
6938,2507,5021,2,8545.18,4272.59
6939,6880,8880,1,2051.42,2051.42
6940,291,3887,1,4669.91,4669.91
6941,6086,7910,4,115.16,28.79
6942,727,6917,2,5394.7,2697.35
6943,6180,2199,3,9885.15,3295.05
6944,8756,5756,3,4859.52,1619.84
6945,5408,2536,1,3261.7,3261.7
6946,6729,3432,5,4672.7,934.54
6947,907,792,4,6537.04,1634.26
6948,1458,7925,1,2999.24,2999.24
6949,5824,7012,5,15625.45,3125.09
6950,5268,1748,2,7507.7,3753.85
6951,3974,3305,3,7345.5,2448.5
6952,4705,588,1,1843.32,1843.32
6953,619,710,3,14017.2,4672.4
6954,3761,9182,5,7150.25,1430.05
6955,7852,5631,1,1854.91,1854.91
6956,8813,3770,1,3714.75,3714.75
6957,6782,4339,1,2941.3,2941.3
6958,7093,9557,3,57.15,19.05
6959,7713,3329,3,6279.27,2093.09
6960,4640,6048,5,23302.3,4660.46
6961,6722,3382,3,12992.52,4330.84
6962,1899,7361,2,6590.74,3295.37
6963,9129,2260,4,17266.08,4316.52
6964,5968,3110,4,3266.0,816.5
6965,2865,4576,4,9174.52,2293.63
6966,4952,7524,5,17440.1,3488.02
6967,8933,3482,3,54.93,18.31
6968,9287,4021,1,1588.01,1588.01
6969,3584,4071,2,2166.76,1083.38
6970,7886,7132,5,19283.25,3856.65
6971,5305,10000,2,4695.32,2347.66
6972,7346,9620,2,6824.1,3412.05
6973,8369,2257,5,18966.05,3793.21
6974,5797,6478,3,728.82,242.94
6975,7222,6718,3,11330.64,3776.88
6976,1761,3838,2,3728.32,1864.16
6977,4733,9454,5,7440.3,1488.06
6978,6558,3665,4,13942.6,3485.65
6979,7934,9437,4,5171.2,1292.8
6980,8988,9712,4,2416.96,604.24
6981,451,2985,3,11309.43,3769.81
6982,1690,2248,4,3975.8,993.95
6983,5906,2593,4,15505.44,3876.36
6984,136,7095,2,378.32,189.16
6985,6491,4832,2,9121.46,4560.73
6986,3040,8213,3,13990.95,4663.65
6987,1887,5331,4,19682.48,4920.62
6988,3360,5018,2,25.24,12.62
6989,2259,9226,4,89.44,22.36
6990,9179,7957,4,15300.52,3825.13
6991,4997,6470,4,919.28,229.82
6992,6752,2173,2,6163.6,3081.8
6993,6282,9957,2,9072.08,4536.04
6994,4172,7469,3,667.86,222.62
6995,9600,8443,1,1595.9,1595.9
6996,353,5521,2,6676.58,3338.29
6997,9131,5992,4,2512.56,628.14
6998,5786,5555,2,655.3,327.65
6999,9092,3109,3,2638.41,879.47
7000,6796,2721,1,3549.48,3549.48
7001,6982,184,4,3840.8,960.2
7002,7184,2674,4,2541.88,635.47
7003,8414,8327,2,8877.82,4438.91
7004,7274,4587,3,2366.79,788.93
7005,3565,1691,3,2467.29,822.43
7006,4922,3537,5,22174.8,4434.96
7007,988,5767,4,180.16,45.04
7008,8428,8806,3,4002.69,1334.23
7009,2908,6006,4,271.76,67.94
7010,1134,19,5,19161.7,3832.34
7011,4285,504,5,11335.35,2267.07
7012,3168,4537,4,7879.36,1969.84
7013,3774,1812,1,3468.91,3468.91
7014,1892,8529,3,7482.45,2494.15
7015,9846,4636,1,4649.32,4649.32
7016,5050,3589,5,22608.85,4521.77
7017,7050,9105,3,691.23,230.41
7018,4047,7885,3,7346.61,2448.87
7019,563,2423,5,5406.05,1081.21
7020,4378,1595,3,11202.27,3734.09
7021,2543,8265,3,4898.76,1632.92
7022,4765,4694,5,12758.4,2551.68
7023,4378,7768,4,6189.64,1547.41
7024,1472,4046,1,4571.84,4571.84
7025,3539,1093,2,8395.32,4197.66
7026,1309,2321,2,1639.38,819.69
7027,2240,3679,5,8182.9,1636.58
7028,4929,6868,5,13602.65,2720.53
7029,3171,7343,4,1069.52,267.38
7030,469,1748,4,6368.48,1592.12
7031,9486,6688,1,1493.7,1493.7
7032,4045,6764,2,9726.72,4863.36
7033,788,434,5,14116.3,2823.26
7034,2099,4801,2,9483.78,4741.89
7035,7765,5392,3,7225.77,2408.59
7036,204,3480,5,10464.55,2092.91
7037,1999,1634,3,3478.8,1159.6
7038,3100,6070,2,2123.42,1061.71
7039,7937,8989,4,6745.08,1686.27
7040,6032,6861,2,5955.7,2977.85
7041,9004,1612,3,6617.94,2205.98
7042,2157,7072,3,12753.12,4251.04
7043,3208,4411,3,13800.99,4600.33
7044,4435,9624,4,17267.32,4316.83
7045,2312,4289,1,840.26,840.26
7046,6578,6457,4,7224.84,1806.21
7047,7842,4315,1,305.67,305.67
7048,1565,4800,2,2716.3,1358.15
7049,7415,7197,1,2201.34,2201.34
7050,47,4157,4,14083.28,3520.82
7051,972,8331,4,18852.4,4713.1
7052,257,2494,2,6748.32,3374.16
7053,7557,5776,2,3531.46,1765.73
7054,100,2196,5,17599.0,3519.8
7055,1479,5568,4,17365.6,4341.4
7056,8299,3911,3,9962.04,3320.68
7057,5759,7957,1,3266.83,3266.83
7058,6023,604,2,9808.68,4904.34
7059,4370,7715,4,2458.92,614.73
7060,5227,5437,5,19353.1,3870.62
7061,1946,2463,5,3839.6,767.92
7062,5001,2778,5,17300.1,3460.02
7063,4519,3557,1,3451.91,3451.91
7064,5174,758,3,4557.3,1519.1
7065,5238,5677,1,4465.57,4465.57
7066,4651,5637,1,1421.68,1421.68
7067,8628,1947,2,5451.46,2725.73
7068,6341,8651,3,12707.07,4235.69
7069,2616,7769,5,10088.85,2017.77
7070,155,9883,1,3255.01,3255.01
7071,4941,5024,1,706.88,706.88
7072,3309,9327,3,1708.77,569.59
7073,2669,1326,2,5404.78,2702.39
7074,4007,1928,3,9525.9,3175.3
7075,6343,6152,5,9443.9,1888.78
7076,6152,4509,5,3533.6,706.72
7077,377,528,5,5814.75,1162.95
7078,7768,5531,5,14128.25,2825.65
7079,3912,7648,4,5405.4,1351.35
7080,4230,9068,3,7181.43,2393.81
7081,6234,1622,5,16089.1,3217.82
7082,492,1045,2,8825.64,4412.82
7083,2824,1465,4,17205.56,4301.39
7084,9388,4434,3,3757.08,1252.36
7085,4946,9436,2,7114.66,3557.33
7086,7101,1033,5,6120.1,1224.02
7087,5705,5305,1,174.0,174.0
7088,3237,7034,3,4220.97,1406.99
7089,4429,4971,1,2101.63,2101.63
7090,9255,1059,1,812.51,812.51
7091,7977,7616,3,13112.94,4370.98
7092,2865,5225,1,2453.29,2453.29
7093,3411,3887,4,11001.96,2750.49
7094,3908,8516,2,5171.24,2585.62
7095,9208,244,5,319.05,63.81
7096,7649,6750,5,12178.1,2435.62
7097,3122,5833,1,4919.4,4919.4
7098,1258,8793,4,13104.84,3276.21
7099,2695,5735,3,4499.94,1499.98
7100,6665,2661,2,446.88,223.44
7101,8076,8331,5,9709.85,1941.97
7102,5616,1367,1,2886.46,2886.46
7103,3116,5090,4,6147.76,1536.94
7104,5979,1093,4,14048.44,3512.11
7105,869,3079,2,4464.56,2232.28
7106,6790,9643,5,7722.8,1544.56
7107,3877,9464,3,8924.88,2974.96
7108,6402,33,2,4554.54,2277.27
7109,6342,9111,2,9506.24,4753.12
7110,2349,1614,2,8228.6,4114.3
7111,2133,8785,2,6063.6,3031.8
7112,7362,3956,5,160.8,32.16
7113,2839,512,3,11324.79,3774.93
7114,1757,700,4,19763.24,4940.81
7115,309,9655,1,1495.88,1495.88
7116,8059,4091,2,2690.82,1345.41
7117,7002,9955,2,963.16,481.58
7118,3200,5257,5,8000.25,1600.05
7119,8297,2032,5,14610.2,2922.04
7120,5626,9566,5,5427.0,1085.4
7121,3115,3355,1,4462.63,4462.63
7122,6988,2400,2,3436.32,1718.16
7123,9591,268,3,4716.54,1572.18
7124,1414,2797,2,1065.16,532.58
7125,4889,9167,5,8394.75,1678.95
7126,5534,7913,1,1470.67,1470.67
7127,5653,8521,5,19235.9,3847.18
7128,7709,8448,5,18653.75,3730.75
7129,4213,4770,5,18614.15,3722.83
7130,6649,4784,2,7361.08,3680.54
7131,648,3794,5,19378.95,3875.79
7132,9593,8625,3,4720.56,1573.52
7133,7090,8800,2,6531.62,3265.81
7134,7881,4714,3,396.06,132.02
7135,6380,7024,2,9591.62,4795.81
7136,4348,4168,1,3162.71,3162.71
7137,9104,6684,1,1034.86,1034.86
7138,706,9750,3,5555.82,1851.94
7139,9823,2803,1,1720.87,1720.87
7140,8903,6436,2,318.36,159.18
7141,3986,3085,2,5846.62,2923.31
7142,9034,4669,1,2226.85,2226.85
7143,4968,3919,2,8325.9,4162.95
7144,5000,6288,2,3808.3,1904.15
7145,5467,181,4,13133.6,3283.4
7146,4759,5734,5,17952.6,3590.52
7147,98,7172,2,8987.44,4493.72
7148,5773,7923,3,10232.79,3410.93
7149,6400,368,3,10067.22,3355.74
7150,4211,2957,3,5849.82,1949.94
7151,6753,2244,4,254.08,63.52
7152,2379,7224,4,12512.88,3128.22
7153,3058,7694,4,2037.0,509.25
7154,498,6499,4,8921.88,2230.47
7155,7199,6338,2,7226.26,3613.13
7156,7142,6460,4,7278.12,1819.53
7157,2446,2740,3,14014.41,4671.47
7158,18,8559,1,3343.58,3343.58
7159,3672,4784,1,3571.94,3571.94
7160,155,890,5,16992.85,3398.57
7161,3461,6815,2,8930.12,4465.06
7162,2378,2081,4,3291.44,822.86
7163,2774,1550,3,10985.31,3661.77
7164,9053,4227,1,3311.76,3311.76
7165,7229,129,5,11538.2,2307.64
7166,7498,6335,5,2045.45,409.09
7167,6164,7842,4,15854.48,3963.62
7168,2290,6379,1,2592.83,2592.83
7169,6035,5318,2,1404.58,702.29
7170,4464,206,2,1193.14,596.57
7171,7077,7367,4,8119.6,2029.9
7172,2462,6922,1,4313.41,4313.41
7173,3389,8760,1,4827.73,4827.73
7174,3718,5236,1,3383.64,3383.64
7175,9512,7632,3,6746.85,2248.95
7176,8279,1404,3,8404.65,2801.55
7177,4797,7415,5,21788.95,4357.79
7178,2648,8409,2,1455.82,727.91
7179,3712,5446,4,1958.64,489.66
7180,1107,7768,4,2732.16,683.04
7181,7074,2606,4,3714.04,928.51
7182,1315,4834,1,1531.31,1531.31
7183,6195,6199,4,16506.52,4126.63
7184,4947,9430,1,4114.23,4114.23
7185,6757,8421,2,5875.14,2937.57
7186,2240,7917,3,12680.01,4226.67
7187,4579,1273,1,3733.83,3733.83
7188,8138,1164,4,14596.36,3649.09
7189,2130,6844,5,20369.1,4073.82
7190,8460,9259,3,3098.28,1032.76
7191,933,547,5,10899.75,2179.95
7192,7181,8376,3,2220.54,740.18
7193,5124,3123,5,20819.95,4163.99
7194,7497,62,4,8528.68,2132.17
7195,4487,9945,2,7776.68,3888.34
7196,2304,6015,4,18079.16,4519.79
7197,9205,6086,3,10239.6,3413.2
7198,9098,9429,3,303.57,101.19
7199,8144,2893,1,4442.14,4442.14
7200,8050,5145,2,3397.84,1698.92
7201,6313,6277,5,1374.3,274.86
7202,7056,2322,4,12956.72,3239.18
7203,5640,1980,2,4773.5,2386.75
7204,7669,7694,3,9480.21,3160.07
7205,8651,6748,1,4694.51,4694.51
7206,7098,2762,5,19983.6,3996.72
7207,6747,1939,3,1259.25,419.75
7208,6516,9443,4,11953.04,2988.26
7209,7624,3364,4,4747.8,1186.95
7210,8327,8487,4,9086.12,2271.53
7211,518,5000,2,1897.96,948.98
7212,7858,8600,5,3177.45,635.49
7213,3653,5418,3,1772.04,590.68
7214,9439,203,5,18495.6,3699.12
7215,3836,5725,2,1891.86,945.93
7216,4998,7036,3,7463.73,2487.91
7217,9707,3836,1,2997.18,2997.18
7218,822,1351,1,68.4,68.4
7219,81,9135,4,11551.24,2887.81
7220,3467,215,5,2958.1,591.62
7221,1841,4046,4,11852.56,2963.14
7222,3128,5394,2,5391.92,2695.96
7223,1170,4724,1,869.64,869.64
7224,940,3203,4,10980.68,2745.17
7225,2021,6637,3,7525.05,2508.35
7226,2608,9891,3,12637.62,4212.54
7227,8500,8136,4,10519.64,2629.91
7228,4529,56,5,9218.4,1843.68
7229,9592,7730,5,18541.55,3708.31
7230,3004,8162,1,357.0,357.0
7231,6962,5143,5,7444.3,1488.86
7232,9597,1609,1,1811.04,1811.04
7233,5078,1806,3,13151.16,4383.72
7234,209,3161,5,8725.5,1745.1
7235,6573,7569,4,2357.76,589.44
7236,5877,2846,2,5520.32,2760.16
7237,8099,4557,2,9881.96,4940.98
7238,4648,6692,2,9124.74,4562.37
7239,985,3532,1,1826.94,1826.94
7240,6671,1545,3,11011.08,3670.36
7241,2984,5936,4,7369.28,1842.32
7242,1486,1577,5,6380.6,1276.12
7243,8192,2214,4,13307.68,3326.92
7244,5541,8818,4,1256.72,314.18
7245,1073,4826,1,10.91,10.91
7246,6603,892,1,4191.43,4191.43
7247,3250,7843,4,8883.28,2220.82
7248,1174,8585,3,8232.15,2744.05
7249,4786,9198,2,5285.76,2642.88
7250,1815,5825,5,16130.4,3226.08
7251,8801,1387,5,7177.8,1435.56
7252,4210,4634,1,4701.5,4701.5
7253,903,4386,1,3481.91,3481.91
7254,7783,1851,2,5341.34,2670.67
7255,7417,1035,3,2394.36,798.12
7256,5652,4034,3,7518.72,2506.24
7257,2272,8309,2,5798.42,2899.21
7258,6289,3078,4,6726.52,1681.63
7259,2073,3618,3,14553.72,4851.24
7260,5948,2416,1,1098.32,1098.32
7261,3552,6762,5,20975.4,4195.08
7262,8453,2505,5,2971.9,594.38
7263,2545,6767,3,4792.62,1597.54
7264,6222,2321,2,702.36,351.18
7265,5924,8575,5,24510.1,4902.02
7266,6460,1531,1,4094.08,4094.08
7267,5849,2289,4,13833.48,3458.37
7268,8046,3956,3,659.55,219.85
7269,1028,172,4,11720.48,2930.12
7270,8743,5398,2,7178.42,3589.21
7271,112,209,4,13368.76,3342.19
7272,5701,2202,2,1846.94,923.47
7273,620,156,4,9122.52,2280.63
7274,454,5172,3,13536.27,4512.09
7275,5404,855,5,6720.4,1344.08
7276,2227,9403,1,335.14,335.14
7277,2153,9302,3,8722.5,2907.5
7278,5345,8466,2,6621.0,3310.5
7279,8348,730,1,2051.08,2051.08
7280,2332,3517,1,4784.3,4784.3
7281,7622,1600,5,22469.35,4493.87
7282,5780,4296,1,55.83,55.83
7283,4119,4575,2,2275.62,1137.81
7284,3308,9479,2,3046.16,1523.08
7285,691,2768,4,2305.64,576.41
7286,9371,963,4,14061.4,3515.35
7287,889,4860,5,9582.65,1916.53
7288,1896,9276,3,14945.76,4981.92
7289,3359,8647,3,10794.27,3598.09
7290,4980,2920,4,16686.16,4171.54
7291,5273,8049,2,1336.06,668.03
7292,4411,3681,2,4949.86,2474.93
7293,1173,6889,5,10362.25,2072.45
7294,3893,1612,1,2284.69,2284.69
7295,6542,7981,3,12660.45,4220.15
7296,875,7738,3,4908.78,1636.26
7297,6408,4959,3,2011.68,670.56
7298,5478,7032,1,2655.96,2655.96
7299,2595,6882,2,1728.32,864.16
7300,6679,9800,5,7063.55,1412.71
7301,7249,6749,2,8378.82,4189.41
7302,2713,4483,5,14151.1,2830.22
7303,7867,2646,4,18363.6,4590.9
7304,1625,6299,3,8861.22,2953.74
7305,1393,1583,1,2243.32,2243.32
7306,6829,7691,5,21907.35,4381.47
7307,2761,5449,3,13252.38,4417.46
7308,6789,2640,2,3560.66,1780.33
7309,2081,9030,2,2073.46,1036.73
7310,8036,822,3,1463.07,487.69
7311,3172,4124,4,15844.8,3961.2
7312,5611,3303,4,3559.44,889.86
7313,9059,6129,2,9442.02,4721.01
7314,609,6120,2,3171.74,1585.87
7315,7875,7279,5,15347.3,3069.46
7316,6601,9264,5,7411.3,1482.26
7317,5212,5825,3,4917.15,1639.05
7318,7428,3507,5,22799.55,4559.91
7319,7261,9532,2,2301.8,1150.9
7320,3044,4772,5,16196.5,3239.3
7321,7536,9352,1,1387.8,1387.8
7322,5320,819,3,1050.66,350.22
7323,5498,5995,3,295.68,98.56
7324,5647,2116,3,7576.11,2525.37
7325,2695,6131,4,7689.4,1922.35
7326,7262,513,4,19560.4,4890.1
7327,3350,2265,4,17050.24,4262.56
7328,4282,4515,1,1455.61,1455.61
7329,5734,3075,1,2969.18,2969.18
7330,6944,9237,4,582.88,145.72
7331,101,8527,5,17224.95,3444.99
7332,4222,9450,3,8064.39,2688.13
7333,934,3844,5,18793.15,3758.63
7334,847,4773,4,8409.0,2102.25
7335,7887,7716,2,2666.34,1333.17
7336,4683,3840,5,5563.8,1112.76
7337,5924,8136,3,9822.69,3274.23
7338,8911,8858,4,13894.16,3473.54
7339,7862,8258,1,663.36,663.36
7340,2142,9207,3,5014.14,1671.38
7341,4732,920,1,2654.82,2654.82
7342,5749,2519,5,12392.0,2478.4
7343,265,1472,5,8248.85,1649.77
7344,4570,8907,1,1792.5,1792.5
7345,5760,763,4,8756.12,2189.03
7346,6569,6459,3,14181.33,4727.11
7347,892,9945,4,12661.2,3165.3
7348,8956,5011,3,2032.74,677.58
7349,9311,83,5,12777.55,2555.51
7350,197,3286,1,2165.55,2165.55
7351,4138,149,1,2344.53,2344.53
7352,6214,7395,3,9747.12,3249.04
7353,5347,1759,1,471.67,471.67
7354,6272,7044,5,15947.5,3189.5
7355,3569,4337,4,17859.0,4464.75
7356,661,1759,4,11882.36,2970.59
7357,3186,7720,4,1951.16,487.79
7358,4168,2371,1,2962.32,2962.32
7359,2335,9605,2,7664.34,3832.17
7360,2675,1067,3,7269.78,2423.26
7361,3410,1771,1,366.09,366.09
7362,7054,2515,5,23101.35,4620.27
7363,3337,2771,5,8723.0,1744.6
7364,3672,1092,2,4170.56,2085.28
7365,8518,8136,2,2550.86,1275.43
7366,5923,4983,3,6989.61,2329.87
7367,1537,7116,1,597.53,597.53
7368,4933,6917,4,2885.84,721.46
7369,1687,9058,1,66.23,66.23
7370,2412,5648,2,653.64,326.82
7371,7220,303,4,15642.56,3910.64
7372,1849,610,5,3264.65,652.93
7373,3566,6379,5,17902.65,3580.53
7374,6237,4873,4,16808.8,4202.2
7375,3746,9002,5,12983.7,2596.74
7376,7548,15,5,13425.0,2685.0
7377,6351,9436,5,14701.9,2940.38
7378,9177,2257,5,104.1,20.82
7379,4188,2088,2,2619.86,1309.93
7380,2035,3601,2,9138.34,4569.17
7381,7932,6640,5,10422.85,2084.57
7382,1278,6259,5,10578.05,2115.61
7383,6497,4649,3,11972.79,3990.93
7384,6297,2635,3,11637.75,3879.25
7385,5454,3771,2,1583.94,791.97
7386,3036,9181,1,3189.41,3189.41
7387,6735,2248,2,6068.84,3034.42
7388,2534,4748,2,6824.96,3412.48
7389,9089,9591,3,7530.63,2510.21
7390,9014,862,3,8928.96,2976.32
7391,8241,2454,1,4117.2,4117.2
7392,8148,7423,3,7886.4,2628.8
7393,1777,8674,4,10715.6,2678.9
7394,1174,2037,5,24952.15,4990.43
7395,4819,3657,1,2591.15,2591.15
7396,1513,9396,2,4788.82,2394.41
7397,4098,78,4,11892.4,2973.1
7398,1348,7130,2,3518.0,1759.0
7399,7835,5745,4,17925.72,4481.43
7400,2840,8854,2,958.56,479.28
7401,8348,465,1,1691.25,1691.25
7402,3026,3006,3,8559.18,2853.06
7403,4573,9774,5,16115.6,3223.12
7404,2878,1111,5,3201.25,640.25
7405,9935,6307,5,15845.7,3169.14
7406,7589,5822,1,1111.5,1111.5
7407,313,7375,2,9369.14,4684.57
7408,2161,6585,3,4863.84,1621.28
7409,9495,4236,3,12182.37,4060.79
7410,9060,7183,4,12124.8,3031.2
7411,7335,9594,4,13099.76,3274.94
7412,7007,4914,5,20290.2,4058.04
7413,3363,8101,3,13568.73,4522.91
7414,4467,7671,2,1868.44,934.22
7415,986,1850,2,8528.22,4264.11
7416,9480,9439,5,15320.1,3064.02
7417,3538,9807,2,9103.96,4551.98
7418,6,8448,4,3147.0,786.75
7419,3200,3705,1,893.25,893.25
7420,3719,8329,5,19025.85,3805.17
7421,6635,3494,4,17768.36,4442.09
7422,8866,4103,4,6101.72,1525.43
7423,5843,9273,4,10274.4,2568.6
7424,2289,4487,5,1115.85,223.17
7425,8687,7597,4,4236.64,1059.16
7426,5955,2559,4,11125.76,2781.44
7427,7885,1957,5,23685.95,4737.19
7428,6874,4270,4,15545.6,3886.4
7429,4397,3281,2,2643.94,1321.97
7430,3887,6132,4,18818.44,4704.61
7431,6851,2678,1,3892.29,3892.29
7432,8237,1916,5,7660.85,1532.17
7433,318,458,3,4487.49,1495.83
7434,5724,3043,3,2139.39,713.13
7435,2379,5379,1,2101.42,2101.42
7436,2975,9361,5,15279.85,3055.97
7437,1586,797,4,19209.44,4802.36
7438,8741,4791,1,4023.34,4023.34
7439,7275,7061,2,8345.58,4172.79
7440,8507,1197,1,3189.45,3189.45
7441,1542,4353,4,15928.84,3982.21
7442,5814,4215,3,11474.64,3824.88
7443,2025,9478,4,10850.0,2712.5
7444,4180,6278,5,8790.15,1758.03
7445,8070,4520,5,21004.2,4200.84
7446,604,6750,3,7998.15,2666.05
7447,2138,6875,1,3279.31,3279.31
7448,2963,6227,2,6438.38,3219.19
7449,8162,7369,2,5632.88,2816.44
7450,412,5303,2,132.52,66.26
7451,49,6820,1,4552.22,4552.22
7452,291,7739,4,1396.16,349.04
7453,1730,3827,2,204.54,102.27
7454,4677,6043,1,2576.27,2576.27
7455,7284,7147,3,9823.59,3274.53
7456,2642,698,2,8176.64,4088.32
7457,8922,2852,2,5130.14,2565.07
7458,6839,1607,2,6141.7,3070.85
7459,9687,3251,5,16840.3,3368.06
7460,9069,9617,4,15627.12,3906.78
7461,5728,7004,4,6781.08,1695.27
7462,8173,9998,5,2164.35,432.87
7463,9987,3006,4,18907.6,4726.9
7464,8546,2322,2,5338.16,2669.08
7465,8027,1227,3,12681.15,4227.05
7466,5440,2463,2,384.2,192.1
7467,4390,106,1,4564.74,4564.74
7468,7421,7605,2,8937.12,4468.56
7469,2252,9659,1,2824.12,2824.12
7470,9969,31,1,1919.77,1919.77
7471,252,5753,5,16451.9,3290.38
7472,6062,1169,3,12509.46,4169.82
7473,747,1218,2,1768.82,884.41
7474,1564,7016,3,3073.71,1024.57
7475,6614,4678,2,5651.54,2825.77
7476,4186,402,3,13459.17,4486.39
7477,9491,5016,2,1052.44,526.22
7478,2574,3114,2,4578.18,2289.09
7479,3241,8314,3,8847.48,2949.16
7480,382,9159,5,15585.95,3117.19
7481,1226,9237,3,3006.42,1002.14
7482,6168,3620,3,14157.66,4719.22
7483,4771,4448,3,3796.62,1265.54
7484,2112,2498,4,10050.84,2512.71
7485,4191,7721,2,9150.56,4575.28
7486,4377,6867,5,12518.3,2503.66
7487,9713,2719,5,22962.15,4592.43
7488,9130,3722,5,17806.85,3561.37
7489,4135,9280,2,3971.8,1985.9
7490,410,561,5,3816.55,763.31
7491,1087,2360,3,11041.68,3680.56
7492,4880,1510,2,8971.08,4485.54
7493,6986,232,5,18366.1,3673.22
7494,234,4949,5,3900.15,780.03
7495,2111,8726,1,4912.69,4912.69
7496,6206,7333,1,1704.14,1704.14
7497,4078,2116,2,6397.18,3198.59
7498,7015,5982,2,6718.22,3359.11
7499,5,8741,2,100.36,50.18
7500,6098,516,5,19038.25,3807.65
7501,6216,1420,5,12183.85,2436.77
7502,7356,4824,4,8526.84,2131.71
7503,6729,8372,2,4979.04,2489.52
7504,3273,7882,2,320.38,160.19
7505,3237,9756,1,16.33,16.33
7506,7238,6779,4,4097.92,1024.48
7507,9466,3552,3,920.31,306.77
7508,3319,3584,5,17433.6,3486.72
7509,1464,4259,5,10238.9,2047.78
7510,6063,1043,1,1842.04,1842.04
7511,2169,4989,2,899.22,449.61
7512,5905,6572,5,14060.1,2812.02
7513,4935,5632,2,8529.94,4264.97
7514,4060,1350,3,5989.92,1996.64
7515,7556,6318,3,14936.52,4978.84
7516,3503,9950,1,185.37,185.37
7517,8206,5643,4,14343.12,3585.78
7518,5730,2279,1,2798.6,2798.6
7519,5082,8461,2,2815.5,1407.75
7520,3644,7026,5,7106.2,1421.24
7521,1444,6111,1,4871.61,4871.61
7522,691,2794,3,699.0,233.0
7523,4992,9096,1,1269.97,1269.97
7524,2797,7250,3,3073.95,1024.65
7525,3205,1745,4,5031.88,1257.97
7526,4576,9067,1,4472.18,4472.18
7527,7401,4303,1,731.41,731.41
7528,7021,9726,5,7032.2,1406.44
7529,9420,5995,3,6546.3,2182.1
7530,5157,5527,5,22488.9,4497.78
7531,2334,3672,3,615.3,205.1
7532,8259,6535,4,2928.4,732.1
7533,6984,6614,2,1635.6,817.8
7534,386,8531,5,24193.55,4838.71
7535,8779,621,4,10783.16,2695.79
7536,987,5554,4,5981.84,1495.46
7537,7121,1407,5,19126.6,3825.32
7538,5633,3414,3,12358.32,4119.44
7539,4088,3647,1,1097.38,1097.38
7540,6796,3095,5,2798.95,559.79
7541,7855,2535,4,16485.2,4121.3
7542,912,5624,3,5052.06,1684.02
7543,1095,9652,2,1474.86,737.43
7544,9632,7907,1,4553.36,4553.36
7545,215,1351,1,4918.93,4918.93
7546,3748,415,2,4050.06,2025.03
7547,1205,2703,5,9005.35,1801.07
7548,5269,9201,2,216.06,108.03
7549,3328,1901,4,5866.96,1466.74
7550,8789,6225,3,2518.68,839.56
7551,4860,7474,3,5021.61,1673.87
7552,8367,1614,5,10883.8,2176.76
7553,3233,900,1,3735.24,3735.24
7554,8510,3776,4,151.12,37.78
7555,9444,3539,4,17418.04,4354.51
7556,7106,8729,2,7035.62,3517.81
7557,9064,1528,3,7754.34,2584.78
7558,9695,4020,5,8960.8,1792.16
7559,1839,1794,3,6093.66,2031.22
7560,9767,3677,3,12493.65,4164.55
7561,2161,9067,2,7964.16,3982.08
7562,1711,5933,1,845.48,845.48
7563,5483,9720,3,9193.53,3064.51
7564,7446,7267,1,2654.95,2654.95
7565,2391,5008,2,903.68,451.84
7566,2541,8806,1,1000.83,1000.83
7567,6238,319,5,14943.05,2988.61
7568,7455,3691,3,5348.88,1782.96
7569,6387,9951,2,2556.48,1278.24
7570,7643,117,5,7438.35,1487.67
7571,8356,5472,2,9378.2,4689.1
7572,2128,7475,4,10610.04,2652.51
7573,7510,1257,2,1367.02,683.51
7574,3851,7499,2,9989.4,4994.7
7575,8592,2798,3,764.79,254.93
7576,5713,4336,5,21479.2,4295.84
7577,2300,5931,1,2502.48,2502.48
7578,723,4622,2,8665.74,4332.87
7579,6957,4444,1,2027.17,2027.17
7580,2611,8288,4,4774.56,1193.64
7581,8277,1072,1,1502.53,1502.53
7582,9268,7277,3,9391.62,3130.54
7583,5057,9535,4,16672.16,4168.04
7584,850,7957,5,2358.65,471.73
7585,3429,6416,5,12292.15,2458.43
7586,1352,5806,1,3971.45,3971.45
7587,8146,477,4,16642.56,4160.64
7588,9179,2965,2,8865.9,4432.95
7589,2911,8591,3,2551.32,850.44
7590,6159,3162,2,3240.0,1620.0
7591,3571,7546,5,4256.85,851.37
7592,7615,1420,2,2504.34,1252.17
7593,1226,7002,5,18521.75,3704.35
7594,3328,1156,5,1465.25,293.05
7595,6899,4259,5,23354.05,4670.81
7596,7846,5821,1,1510.91,1510.91
7597,4256,3435,2,829.64,414.82
7598,3943,4049,1,125.61,125.61
7599,2204,2272,3,169.17,56.39
7600,9927,3968,2,9157.54,4578.77
7601,1697,669,4,242.16,60.54
7602,2249,9464,5,11649.2,2329.84
7603,5434,5118,1,400.58,400.58
7604,9944,9367,2,7741.98,3870.99
7605,8290,5660,3,2608.62,869.54
7606,2219,4849,1,2556.33,2556.33
7607,3564,4353,3,7875.0,2625.0
7608,2818,4560,4,17342.6,4335.65
7609,2699,4663,2,8781.8,4390.9
7610,6479,4972,2,622.3,311.15
7611,3934,9393,2,843.38,421.69
7612,6465,1298,4,11891.24,2972.81
7613,8960,6812,1,4408.42,4408.42
7614,90,4268,2,2439.54,1219.77
7615,8450,2648,5,12282.85,2456.57
7616,1160,8366,4,10423.16,2605.79
7617,4842,6198,3,5621.58,1873.86
7618,8848,8204,1,3875.94,3875.94
7619,5086,3088,5,1944.35,388.87
7620,5529,2108,3,3112.89,1037.63
7621,6861,8010,1,35.65,35.65
7622,1068,9029,2,4115.38,2057.69
7623,7529,1305,2,1758.46,879.23
7624,7011,6412,5,2665.0,533.0
7625,5941,4969,1,2868.35,2868.35
7626,388,3666,2,2946.04,1473.02
7627,7542,8585,4,13939.36,3484.84
7628,9574,392,5,8089.85,1617.97
7629,6484,2555,2,7105.04,3552.52
7630,8706,1688,2,6935.34,3467.67
7631,8212,7882,5,14265.8,2853.16
7632,6641,5,5,4103.75,820.75
7633,6295,5039,2,7368.28,3684.14
7634,6757,340,3,5637.72,1879.24
7635,1832,3419,1,1564.5,1564.5
7636,3830,2405,1,1677.97,1677.97
7637,2426,9690,3,7097.07,2365.69
7638,7442,3580,4,4916.84,1229.21
7639,771,3844,2,4404.62,2202.31
7640,8249,8394,1,3757.16,3757.16
7641,465,4524,1,1161.74,1161.74
7642,6297,2773,4,15483.6,3870.9
7643,6551,5074,3,5612.49,1870.83
7644,3887,5884,1,3549.56,3549.56
7645,3804,4647,2,3585.88,1792.94
7646,7192,9985,5,24425.7,4885.14
7647,7914,6651,4,4537.4,1134.35
7648,1662,7126,1,3508.64,3508.64
7649,5367,2629,1,1504.31,1504.31
7650,5744,8569,3,14697.69,4899.23
7651,8258,8733,4,7261.88,1815.47
7652,1949,784,2,7670.58,3835.29
7653,4782,7706,5,20725.2,4145.04
7654,4605,6648,5,12528.1,2505.62
7655,9102,1250,5,22817.5,4563.5
7656,6071,2312,2,3510.12,1755.06
7657,3815,4168,5,4917.25,983.45
7658,9895,2444,1,1645.14,1645.14
7659,6567,1248,4,9265.0,2316.25
7660,6043,2615,5,15946.55,3189.31
7661,5211,8673,1,4463.77,4463.77
7662,2408,5109,5,8921.05,1784.21
7663,4914,1767,4,9716.12,2429.03
7664,3190,6092,2,826.12,413.06
7665,3701,2080,1,4990.32,4990.32
7666,519,840,4,1003.04,250.76
7667,6516,3137,1,1210.97,1210.97
7668,5863,1888,3,7903.05,2634.35
7669,9722,1765,4,2597.8,649.45
7670,2145,3546,1,1932.08,1932.08
7671,9474,1945,2,5989.42,2994.71
7672,1775,1126,1,1714.04,1714.04
7673,2026,4580,4,7348.96,1837.24
7674,9671,4090,1,833.87,833.87
7675,7509,5339,4,6488.68,1622.17
7676,6014,8198,4,5500.16,1375.04
7677,4931,570,3,5702.85,1900.95
7678,7907,7026,1,2097.5,2097.5
7679,2462,8650,4,8447.2,2111.8
7680,8998,1481,5,13872.8,2774.56
7681,7161,7461,4,5535.68,1383.92
7682,6665,3840,4,8310.08,2077.52
7683,1998,4529,2,7007.02,3503.51
7684,4575,3379,5,11135.85,2227.17
7685,3762,6129,1,3620.77,3620.77
7686,6722,8685,2,5086.5,2543.25
7687,6893,4646,5,19704.65,3940.93
7688,6907,3783,4,11914.72,2978.68
7689,7790,7664,3,3484.17,1161.39
7690,9177,3278,5,5601.3,1120.26
7691,6136,1745,2,4552.68,2276.34
7692,9691,5842,2,1948.16,974.08
7693,3223,6640,4,14401.92,3600.48
7694,410,7804,1,3821.14,3821.14
7695,1860,4991,3,12409.05,4136.35
7696,8899,3988,5,17765.6,3553.12
7697,9748,574,2,1566.4,783.2
7698,2080,2174,4,3016.24,754.06
7699,7228,2888,4,10381.88,2595.47
7700,4008,2742,1,1345.28,1345.28
7701,1150,5623,1,1326.19,1326.19
7702,5572,3164,5,9173.05,1834.61
7703,5690,5906,4,15799.36,3949.84
7704,7391,7914,4,14299.48,3574.87
7705,1270,7775,1,463.1,463.1
7706,333,9045,1,606.9,606.9
7707,5711,2949,5,11839.1,2367.82
7708,2747,8608,1,1064.3,1064.3
7709,2516,7019,3,13303.08,4434.36
7710,8343,3235,4,18226.44,4556.61
7711,1838,6314,3,10816.65,3605.55
7712,7944,2903,4,6884.4,1721.1
7713,1736,3847,2,9417.54,4708.77
7714,1693,2743,4,10522.64,2630.66
7715,3021,3451,3,1018.68,339.56
7716,1904,4403,2,5174.02,2587.01
7717,5321,298,5,7185.25,1437.05
7718,8984,7380,3,4375.95,1458.65
7719,353,571,5,22697.15,4539.43
7720,6348,4059,2,648.06,324.03
7721,8490,6252,5,896.65,179.33
7722,6043,5978,3,5894.4,1964.8
7723,465,2671,2,8107.82,4053.91
7724,7435,1072,3,6004.62,2001.54
7725,419,5228,2,9156.04,4578.02
7726,3223,2477,1,4638.22,4638.22
7727,470,7051,5,17864.7,3572.94
7728,3921,4225,3,4643.43,1547.81
7729,4946,3719,2,4749.38,2374.69
7730,5796,1430,3,124.83,41.61
7731,5428,2473,4,7006.88,1751.72
7732,5919,1230,4,7123.92,1780.98
7733,3752,3897,3,11094.87,3698.29
7734,1675,2745,5,4160.0,832.0
7735,5723,3152,4,16851.6,4212.9
7736,8488,5666,1,4198.04,4198.04
7737,623,9726,3,8357.1,2785.7
7738,6297,1704,3,3717.0,1239.0
7739,4981,5646,4,18094.04,4523.51
7740,6016,5087,1,1909.57,1909.57
7741,3198,9131,2,8705.1,4352.55
7742,3241,7421,3,14361.18,4787.06
7743,8165,2339,5,19674.5,3934.9
7744,9979,8442,1,3646.97,3646.97
7745,77,118,3,12472.62,4157.54
7746,2447,1421,3,10114.38,3371.46
7747,8301,3602,5,13716.65,2743.33
7748,5922,2092,4,18019.0,4504.75
7749,7396,9144,2,384.14,192.07
7750,4457,1623,5,15162.05,3032.41
7751,1533,353,1,4916.22,4916.22
7752,9708,7389,2,9353.74,4676.87
7753,4924,8633,3,13604.52,4534.84
7754,5436,5644,4,9836.96,2459.24
7755,6355,6845,1,2406.04,2406.04
7756,8750,3227,5,10523.9,2104.78
7757,4687,112,1,231.6,231.6
7758,9838,1369,5,5805.85,1161.17
7759,5937,5823,1,1336.13,1336.13
7760,1493,8215,3,12602.22,4200.74
7761,1658,2563,4,14621.52,3655.38
7762,3285,1302,4,8262.64,2065.66
7763,5304,665,2,144.34,72.17
7764,3722,8802,1,4497.75,4497.75
7765,3986,692,4,18329.24,4582.31
7766,5203,3991,5,21138.9,4227.78
7767,3300,2222,4,495.28,123.82
7768,4979,9217,4,16836.24,4209.06
7769,133,1512,3,8054.07,2684.69
7770,8295,10,4,17846.48,4461.62
7771,7081,6313,3,7191.3,2397.1
7772,5391,6601,1,323.41,323.41
7773,8937,6407,2,570.38,285.19
7774,323,4829,4,15375.32,3843.83
7775,4486,7694,1,221.19,221.19
7776,7047,8672,5,3083.5,616.7
7777,7236,2339,4,2723.64,680.91
7778,456,8976,5,1498.6,299.72
7779,4918,4400,2,8029.6,4014.8
7780,6267,7717,2,8908.34,4454.17
7781,2666,2573,1,2412.11,2412.11
7782,6160,523,1,3530.72,3530.72
7783,8650,3096,3,6018.21,2006.07
7784,8374,3554,5,139.15,27.83
7785,691,2178,1,1658.2,1658.2
7786,3657,8978,1,189.96,189.96
7787,8500,1408,3,12885.87,4295.29
7788,8586,1711,3,6926.43,2308.81
7789,353,1565,1,690.31,690.31
7790,9231,9710,4,7460.16,1865.04
7791,4391,9353,1,282.53,282.53
7792,3535,57,3,8260.71,2753.57
7793,594,1097,2,3010.72,1505.36
7794,7434,8776,5,3477.15,695.43
7795,8413,6026,3,13882.53,4627.51
7796,2732,5992,4,350.4,87.6
7797,2020,5256,5,7223.1,1444.62
7798,9193,4131,4,3529.68,882.42
7799,17,7406,2,7517.12,3758.56
7800,9114,8123,1,2116.72,2116.72
7801,5046,969,1,1195.16,1195.16
7802,2146,616,2,5773.66,2886.83
7803,5223,8082,1,2216.95,2216.95
7804,3526,2974,5,7206.45,1441.29
7805,4734,6692,1,3688.5,3688.5
7806,8248,8642,5,4036.5,807.3
7807,5750,8185,5,296.9,59.38
7808,1040,3433,2,9865.54,4932.77
7809,762,4453,4,8444.84,2111.21
7810,1873,4250,4,697.6,174.4
7811,3810,2260,1,2915.61,2915.61
7812,6243,9242,3,1037.19,345.73
7813,3641,9581,4,16142.88,4035.72
7814,6105,9240,4,14399.48,3599.87
7815,4435,5169,5,23510.5,4702.1
7816,796,9566,1,2052.54,2052.54
7817,6710,3844,3,2359.59,786.53
7818,5102,2440,3,13849.44,4616.48
7819,5664,4688,1,3953.19,3953.19
7820,8955,3228,5,12784.1,2556.82
7821,133,4513,5,9450.7,1890.14
7822,5870,7612,4,8338.72,2084.68
7823,8836,9438,3,2939.55,979.85
7824,5334,5084,1,4540.58,4540.58
7825,6538,4704,5,999.9,199.98
7826,1291,8882,4,14422.56,3605.64
7827,3118,3441,3,12319.35,4106.45
7828,9775,1384,4,14480.8,3620.2
7829,9684,4444,1,293.19,293.19
7830,4452,9401,1,4367.34,4367.34
7831,2474,4789,2,7198.76,3599.38
7832,5813,9363,3,4447.29,1482.43
7833,6667,5691,4,13106.4,3276.6
7834,106,2822,1,2119.21,2119.21
7835,5860,8773,2,6092.62,3046.31
7836,8480,5452,4,15556.24,3889.06
7837,3245,8070,1,1343.45,1343.45
7838,9200,2355,1,919.62,919.62
7839,3599,4692,5,22203.9,4440.78
7840,1570,41,2,325.62,162.81
7841,2875,4193,4,10809.36,2702.34
7842,1683,2642,3,2614.89,871.63
7843,9904,1800,2,116.26,58.13
7844,2812,2507,1,865.9,865.9
7845,4474,3873,4,966.8,241.7
7846,4267,394,1,2860.88,2860.88
7847,6596,3946,5,244.9,48.98
7848,473,460,3,13263.84,4421.28
7849,9605,4892,5,10989.5,2197.9
7850,2419,4347,3,11144.34,3714.78
7851,4782,9890,1,2928.06,2928.06
7852,4351,5973,5,6422.5,1284.5
7853,2709,3322,3,13074.39,4358.13
7854,881,6021,4,18993.88,4748.47
7855,3492,4719,5,23233.45,4646.69
7856,4994,988,5,8099.1,1619.82
7857,7888,8349,2,3390.86,1695.43
7858,2489,5239,3,13698.15,4566.05
7859,6489,9630,3,7103.82,2367.94
7860,337,7870,1,3404.48,3404.48
7861,1843,5302,5,9519.3,1903.86
7862,4490,24,3,3532.23,1177.41
7863,9402,7727,2,6389.6,3194.8
7864,8008,8155,4,11321.28,2830.32
7865,353,2466,5,3400.0,680.0
7866,844,5163,5,9308.3,1861.66
7867,142,5966,3,11508.45,3836.15
7868,4310,9989,3,8779.71,2926.57
7869,1744,4311,2,901.58,450.79
7870,2582,91,3,2612.28,870.76
7871,1130,6157,4,4795.92,1198.98
7872,1108,292,1,4845.02,4845.02
7873,3858,834,2,8005.74,4002.87
7874,7345,8186,2,3180.12,1590.06
7875,5824,3256,1,924.6,924.6
7876,3989,2841,5,5038.3,1007.66
7877,6486,9488,5,15021.15,3004.23
7878,1525,4329,3,4205.82,1401.94
7879,7147,9569,4,15319.8,3829.95
7880,9945,8284,3,5022.72,1674.24
7881,1162,1095,4,3253.32,813.33
7882,170,3638,2,3339.14,1669.57
7883,7310,3576,3,4709.52,1569.84
7884,2451,1735,2,9918.6,4959.3
7885,2226,288,1,1092.33,1092.33
7886,4764,4824,5,1762.05,352.41
7887,8565,3623,5,16601.55,3320.31
7888,4917,1721,2,8737.8,4368.9
7889,3950,9707,2,2427.96,1213.98
7890,4332,7517,2,3578.0,1789.0
7891,7909,3160,2,9595.12,4797.56
7892,873,3100,2,9155.48,4577.74
7893,6051,230,3,3664.71,1221.57
7894,1672,6921,4,11976.52,2994.13
7895,3726,363,1,479.95,479.95
7896,3204,8022,4,11041.64,2760.41
7897,7051,7516,4,482.68,120.67
7898,7528,6122,2,5174.92,2587.46
7899,6169,7546,1,2975.05,2975.05
7900,4359,9200,3,9507.0,3169.0
7901,4084,2605,2,7262.04,3631.02
7902,1072,8139,3,6443.13,2147.71
7903,1321,7918,2,3080.98,1540.49
7904,3793,6289,1,608.8,608.8
7905,9345,4577,1,4494.73,4494.73
7906,5899,1904,3,6588.3,2196.1
7907,5149,1282,3,4764.66,1588.22
7908,329,1239,4,12125.12,3031.28
7909,3069,1767,3,7660.53,2553.51
7910,2662,2272,2,5627.96,2813.98
7911,9584,5748,5,4481.7,896.34
7912,7533,4285,5,15433.75,3086.75
7913,4744,4085,1,4450.35,4450.35
7914,5023,5325,1,3798.23,3798.23
7915,18,3509,5,17212.6,3442.52
7916,2877,9567,1,1143.72,1143.72
7917,1875,4906,1,2399.56,2399.56
7918,1880,8123,4,18094.2,4523.55
7919,4218,964,3,4238.91,1412.97
7920,3166,352,5,10765.9,2153.18
7921,9219,2691,3,9595.56,3198.52
7922,4993,3072,2,2438.0,1219.0
7923,8411,3161,5,23482.7,4696.54
7924,4673,2194,5,23854.15,4770.83
7925,5907,7158,2,9562.8,4781.4
7926,9115,2051,2,6014.68,3007.34
7927,7662,6206,2,7406.36,3703.18
7928,1106,1517,4,19485.44,4871.36
7929,4555,4091,2,3602.62,1801.31
7930,136,4266,4,17634.0,4408.5
7931,7082,2804,1,2254.01,2254.01
7932,5275,8924,5,9772.85,1954.57
7933,8522,4949,1,4811.61,4811.61
7934,6943,3445,1,2582.74,2582.74
7935,435,2860,4,7091.36,1772.84
7936,641,4489,2,8760.48,4380.24
7937,790,22,4,15958.44,3989.61
7938,6416,3182,1,4980.04,4980.04
7939,8920,1074,3,9432.45,3144.15
7940,9550,3726,2,2377.72,1188.86
7941,1722,6577,5,24663.85,4932.77
7942,2989,4478,3,14912.4,4970.8
7943,7696,5034,5,11640.4,2328.08
7944,1059,1609,4,13879.4,3469.85
7945,6172,4942,5,15665.55,3133.11
7946,4820,2145,2,3533.5,1766.75
7947,3671,2304,3,8834.97,2944.99
7948,4459,8390,4,5057.6,1264.4
7949,9589,4881,1,2639.9,2639.9
7950,4935,1588,2,755.98,377.99
7951,1153,5714,5,3666.35,733.27
7952,3522,5811,5,7951.5,1590.3
7953,7725,7341,4,4127.12,1031.78
7954,1545,1004,4,7680.64,1920.16
7955,7256,2194,2,6945.1,3472.55
7956,9745,2591,5,11584.3,2316.86
7957,1905,1040,3,10197.0,3399.0
7958,4385,1480,1,4240.16,4240.16
7959,4811,5950,5,1595.05,319.01
7960,992,9728,1,801.0,801.0
7961,7456,9178,2,4095.06,2047.53
7962,2168,9989,3,2910.18,970.06
7963,8364,4386,2,5731.74,2865.87
7964,3946,9554,2,8466.52,4233.26
7965,6557,7558,3,13981.74,4660.58
7966,8586,360,4,13376.08,3344.02
7967,1409,2923,3,7501.62,2500.54
7968,9581,332,5,23986.45,4797.29
7969,5239,1242,3,5133.84,1711.28
7970,1809,2964,5,19642.9,3928.58
7971,2011,6961,3,3079.32,1026.44
7972,677,5383,3,6595.26,2198.42
7973,6760,4922,3,730.2,243.4
7974,3848,7240,5,583.1,116.62
7975,782,7240,5,4435.75,887.15
7976,9591,8906,4,15620.4,3905.1
7977,927,2850,2,3270.44,1635.22
7978,8759,62,1,4910.24,4910.24
7979,5548,5599,1,3709.84,3709.84
7980,1216,1726,3,2883.84,961.28
7981,3816,4260,3,7938.09,2646.03
7982,4503,5181,2,6603.2,3301.6
7983,2077,4667,4,6033.16,1508.29
7984,3677,9881,3,6542.34,2180.78
7985,8117,2342,1,1025.76,1025.76
7986,1120,2,5,20729.5,4145.9
7987,5270,1853,5,19329.65,3865.93
7988,3739,4500,5,23153.35,4630.67
7989,2211,6445,2,688.98,344.49
7990,6778,9646,1,2947.63,2947.63
7991,9317,884,4,7154.44,1788.61
7992,7127,1949,4,8681.76,2170.44
7993,6789,4332,4,2955.6,738.9
7994,9934,8201,5,22310.6,4462.12
7995,5389,7405,3,1210.14,403.38
7996,1549,8913,5,7931.4,1586.28
7997,4671,7087,5,10744.15,2148.83
7998,8772,3851,5,1589.3,317.86
7999,8792,415,5,14672.85,2934.57
8000,5150,7365,1,4801.34,4801.34
8001,4799,7830,1,43.29,43.29
8002,900,8393,3,6449.37,2149.79
8003,4411,3421,3,10935.66,3645.22
8004,8842,7815,5,11367.05,2273.41
8005,4236,8203,4,15898.24,3974.56
8006,7586,2271,1,1497.64,1497.64
8007,9493,1027,4,3966.0,991.5
8008,8245,5067,4,7776.68,1944.17
8009,9953,2618,2,1159.74,579.87
8010,8857,3874,2,101.26,50.63
8011,4883,3584,4,13772.44,3443.11
8012,8194,7976,2,2768.36,1384.18
8013,5628,4669,3,3317.49,1105.83
8014,9663,1553,2,8502.52,4251.26
8015,9257,2299,4,2557.96,639.49
8016,5515,6043,1,333.1,333.1
8017,3463,2687,5,13793.7,2758.74
8018,4742,5100,4,11510.92,2877.73
8019,4823,6113,5,24957.35,4991.47
8020,2954,3659,4,11830.0,2957.5
8021,1300,4534,4,11052.52,2763.13
8022,2204,7681,1,1192.36,1192.36
8023,4851,3850,4,18862.2,4715.55
8024,562,2013,3,1107.42,369.14
8025,1218,2819,3,2609.07,869.69
8026,3369,2188,3,12119.7,4039.9
8027,7997,4337,4,635.2,158.8
8028,8090,9990,2,1633.64,816.82
8029,5742,5929,4,4311.64,1077.91
8030,4865,7710,1,1603.74,1603.74
8031,7186,7677,2,5873.34,2936.67
8032,4753,8701,2,907.84,453.92
8033,4682,2937,5,9074.6,1814.92
8034,1196,3059,2,3385.16,1692.58
8035,2474,2328,2,9938.16,4969.08
8036,4550,7086,1,3608.27,3608.27
8037,3869,5369,2,7524.16,3762.08
8038,9160,3859,5,1566.25,313.25
8039,9773,5988,5,10781.55,2156.31
8040,7494,7469,5,3923.2,784.64
8041,7909,3763,2,5390.04,2695.02
8042,8669,2380,5,15646.75,3129.35
8043,3147,9949,5,20970.85,4194.17
8044,9883,6266,4,1724.96,431.24
8045,472,6862,2,3843.64,1921.82
8046,9419,516,2,26.34,13.17
8047,8467,7932,4,3709.2,927.3
8048,5439,6370,3,12809.85,4269.95
8049,5421,5205,5,7305.65,1461.13
8050,6312,1792,4,13573.12,3393.28
8051,3467,7209,1,4572.35,4572.35
8052,9447,9691,3,5576.61,1858.87
8053,8353,2106,4,9636.48,2409.12
8054,3320,6274,1,1988.01,1988.01
8055,3918,292,2,9704.56,4852.28
8056,3086,6565,2,7164.74,3582.37
8057,3226,6284,3,9243.33,3081.11
8058,9077,2694,2,5469.84,2734.92
8059,169,7661,3,5426.7,1808.9
8060,4133,4186,5,3484.7,696.94
8061,7423,1665,2,4796.2,2398.1
8062,1846,6220,5,21929.05,4385.81
8063,8259,4936,3,7072.95,2357.65
8064,1433,584,1,1233.98,1233.98
8065,3410,1924,3,3190.74,1063.58
8066,1438,9163,2,7823.5,3911.75
8067,8949,3715,3,8581.98,2860.66
8068,4112,4844,2,4309.54,2154.77
8069,5842,9133,2,4800.14,2400.07
8070,7418,9702,2,9464.78,4732.39
8071,272,7345,3,5378.64,1792.88
8072,9183,2953,4,3922.44,980.61
8073,3379,9695,4,2150.92,537.73
8074,8635,7610,4,16351.92,4087.98
8075,530,2351,3,559.32,186.44
8076,8580,4326,1,4323.92,4323.92
8077,6739,7013,5,19002.6,3800.52
8078,8620,9368,2,1424.98,712.49
8079,7871,2163,4,17406.48,4351.62
8080,5744,6596,5,18722.0,3744.4
8081,615,4454,3,7557.27,2519.09
8082,5443,9424,2,1032.96,516.48
8083,3665,4974,1,3434.85,3434.85
8084,3503,9204,3,13474.2,4491.4
8085,884,5280,2,2713.24,1356.62
8086,1932,7730,5,15233.0,3046.6
8087,2011,6212,2,4983.8,2491.9
8088,1104,8296,5,13173.25,2634.65
8089,8148,3808,1,747.59,747.59
8090,8317,2637,3,3479.94,1159.98
8091,45,6919,3,1444.29,481.43
8092,3508,3003,1,4529.78,4529.78
8093,2456,6339,5,2311.4,462.28
8094,2728,8228,4,16034.24,4008.56
8095,6567,7727,2,4866.92,2433.46
8096,4528,8085,4,10103.12,2525.78
8097,3145,3163,2,7366.62,3683.31
8098,4308,8873,5,2886.95,577.39
8099,8445,9363,4,10111.08,2527.77
8100,9292,3839,4,957.36,239.34
8101,2830,3190,1,2428.97,2428.97
8102,3255,1153,5,23424.7,4684.94
8103,1903,5773,5,5741.15,1148.23
8104,1436,2960,4,300.92,75.23
8105,7041,8489,4,18165.92,4541.48
8106,9346,9872,2,2269.68,1134.84
8107,6720,5201,2,1829.22,914.61
8108,8913,8243,5,12049.2,2409.84
8109,704,6647,5,15078.0,3015.6
8110,6026,9314,2,5854.42,2927.21
8111,684,4863,3,10631.73,3543.91
8112,9829,2873,4,13298.4,3324.6
8113,3883,9015,2,7471.4,3735.7
8114,4851,1508,3,5628.51,1876.17
8115,9143,3506,3,8740.32,2913.44
8116,9486,6296,3,9757.56,3252.52
8117,8691,7631,4,15652.88,3913.22
8118,8572,2207,1,768.51,768.51
8119,9317,6856,5,13515.3,2703.06
8120,1320,9074,3,14197.17,4732.39
8121,4891,4046,4,11025.52,2756.38
8122,1939,5366,2,5701.34,2850.67
8123,5772,9248,4,6876.52,1719.13
8124,7599,9448,3,3441.33,1147.11
8125,1136,8734,1,2869.23,2869.23
8126,1481,1994,5,7032.65,1406.53
8127,1415,2812,4,580.92,145.23
8128,7490,9390,3,14073.9,4691.3
8129,2261,8860,5,22381.65,4476.33
8130,589,1492,5,5846.1,1169.22
8131,6495,2825,5,8279.05,1655.81
8132,799,4918,5,4951.2,990.24
8133,1612,985,1,4412.23,4412.23
8134,3757,7952,3,4682.67,1560.89
8135,7315,3659,4,15789.08,3947.27
8136,7833,4743,1,206.59,206.59
8137,2010,9975,1,2340.06,2340.06
8138,5557,8404,4,852.04,213.01
8139,5002,3039,5,18688.35,3737.67
8140,3163,118,1,3625.37,3625.37
8141,5209,9948,3,12350.79,4116.93
8142,4056,474,5,24734.55,4946.91
8143,2895,4398,5,1712.75,342.55
8144,9847,2815,1,377.81,377.81
8145,9800,7846,3,9530.94,3176.98
8146,6968,5113,2,5191.5,2595.75
8147,8396,2697,5,5896.35,1179.27
8148,9430,963,1,4626.31,4626.31
8149,4399,7676,1,2910.77,2910.77
8150,7564,43,2,9700.32,4850.16
8151,1898,3623,3,14313.33,4771.11
8152,1200,8941,3,1858.83,619.61
8153,9638,8207,1,4584.07,4584.07
8154,7364,2846,2,5222.9,2611.45
8155,2547,5071,4,9725.84,2431.46
8156,5322,1491,2,4567.96,2283.98
8157,2624,6534,3,14464.59,4821.53
8158,3515,7467,1,1192.97,1192.97
8159,5573,121,5,5997.2,1199.44
8160,5012,2892,5,9191.9,1838.38
8161,7380,7577,1,2334.65,2334.65
8162,9188,5997,5,23044.1,4608.82
8163,1779,9019,1,2817.29,2817.29
8164,6111,2083,3,13200.99,4400.33
8165,2439,4249,4,681.0,170.25
8166,1211,5272,2,6027.64,3013.82
8167,7480,3045,5,21020.75,4204.15
8168,2143,9009,5,7161.45,1432.29
8169,1672,2982,4,17082.44,4270.61
8170,7113,1770,3,6971.4,2323.8
8171,5135,5305,1,3388.45,3388.45
8172,4334,4855,5,24932.25,4986.45
8173,4453,779,4,4443.2,1110.8
8174,2356,68,1,3973.77,3973.77
8175,7456,8915,2,4021.46,2010.73
8176,6792,418,5,10136.3,2027.26
8177,1521,3146,1,4153.05,4153.05
8178,892,9419,2,3305.3,1652.65
8179,8009,9880,5,13884.1,2776.82
8180,4817,7619,1,1833.83,1833.83
8181,5525,3608,5,6935.15,1387.03
8182,9040,2317,1,1651.15,1651.15
8183,6012,9749,3,13140.75,4380.25
8184,4560,8995,3,7029.51,2343.17
8185,8186,927,2,4100.52,2050.26
8186,9568,8756,1,2286.68,2286.68
8187,7649,4318,4,18130.2,4532.55
8188,9948,3658,1,2517.37,2517.37
8189,7913,5225,1,2902.58,2902.58
8190,1752,8898,2,3875.44,1937.72
8191,4413,2132,5,3128.8,625.76
8192,1194,4231,3,10601.67,3533.89
8193,2616,2041,1,387.73,387.73
8194,7839,7119,1,2598.37,2598.37
8195,1701,3259,1,1135.88,1135.88
8196,4315,8675,2,1756.58,878.29
8197,2436,2119,3,8476.59,2825.53
8198,6704,3009,2,1990.24,995.12
8199,5160,4781,3,11789.85,3929.95
8200,3771,9383,2,9048.52,4524.26
8201,8043,7332,5,10172.3,2034.46
8202,3780,6637,1,1845.8,1845.8
8203,51,6285,4,9459.32,2364.83
8204,377,3826,4,16843.76,4210.94
8205,667,1155,3,7390.89,2463.63
8206,5737,8034,2,1027.12,513.56
8207,8772,6338,2,1884.0,942.0
8208,1089,1137,1,3692.27,3692.27
8209,7171,4839,1,4882.79,4882.79
8210,5473,4281,3,13929.66,4643.22
8211,6391,4260,2,9233.62,4616.81
8212,329,3619,3,11381.37,3793.79
8213,843,4241,2,8610.4,4305.2
8214,9392,5118,1,4964.52,4964.52
8215,9562,988,4,3465.2,866.3
8216,215,95,1,4495.31,4495.31
8217,4592,5927,1,241.56,241.56
8218,7216,9789,4,18756.56,4689.14
8219,5271,9414,2,2456.52,1228.26
8220,1255,7479,1,3697.74,3697.74
8221,5466,5659,5,11723.65,2344.73
8222,8965,8414,4,19457.8,4864.45
8223,4856,1725,2,5876.34,2938.17
8224,2124,2021,3,1315.59,438.53
8225,9900,5448,5,10834.5,2166.9
8226,242,73,4,18237.96,4559.49
8227,5231,7409,1,4300.71,4300.71
8228,9821,4083,2,6604.38,3302.19
8229,7164,7358,5,21544.75,4308.95
8230,6508,2975,3,5348.7,1782.9
8231,3457,464,5,16479.2,3295.84
8232,1495,9122,3,7018.8,2339.6
8233,8673,238,3,6098.7,2032.9
8234,6044,4136,5,12029.55,2405.91
8235,606,7929,5,7652.3,1530.46
8236,4406,6499,4,2854.44,713.61
8237,7678,4630,1,4140.23,4140.23
8238,3444,7887,4,9040.72,2260.18
8239,4640,9980,2,8056.88,4028.44
8240,8960,6811,1,1914.45,1914.45
8241,7204,3598,1,933.59,933.59
8242,1208,7526,3,5374.32,1791.44
8243,1809,5365,1,3586.48,3586.48
8244,8735,4038,1,3449.54,3449.54
8245,6930,4506,5,6117.2,1223.44
8246,7998,9926,5,10386.55,2077.31
8247,9980,231,4,6669.56,1667.39
8248,9448,3364,2,8717.4,4358.7
8249,2693,7841,5,20885.95,4177.19
8250,1191,2378,2,5267.82,2633.91
8251,8193,457,4,3700.6,925.15
8252,670,6630,4,767.36,191.84
8253,7920,9316,1,1986.76,1986.76
8254,2924,20,3,13024.71,4341.57
8255,1783,8669,5,23215.6,4643.12
8256,8932,8789,4,2554.36,638.59
8257,6749,9199,5,4209.95,841.99
8258,1655,8658,1,3723.45,3723.45
8259,7390,3579,2,9788.98,4894.49
8260,4642,8979,4,17822.16,4455.54
8261,2639,1357,4,9511.24,2377.81
8262,6749,6045,3,10659.78,3553.26
8263,4103,1223,1,3810.98,3810.98
8264,2212,8591,4,13495.84,3373.96
8265,3537,8348,3,4429.77,1476.59
8266,2638,1229,4,14601.92,3650.48
8267,5641,8789,1,1368.19,1368.19
8268,6132,3212,4,14153.56,3538.39
8269,814,3502,2,8844.72,4422.36
8270,1408,8094,1,87.46,87.46
8271,8854,5864,5,14633.1,2926.62
8272,4190,9450,2,1463.26,731.63
8273,5181,9599,3,5464.77,1821.59
8274,9246,9713,1,4576.86,4576.86
8275,1144,8254,5,20238.3,4047.66
8276,3200,1025,4,13994.92,3498.73
8277,9349,518,1,167.43,167.43
8278,2494,2447,3,793.02,264.34
8279,3589,807,2,2748.06,1374.03
8280,4249,1061,2,8419.0,4209.5
8281,9350,759,3,10527.18,3509.06
8282,11,1337,5,17258.4,3451.68
8283,4833,5510,4,6501.44,1625.36
8284,1543,2361,1,1666.81,1666.81
8285,4474,9071,5,5534.65,1106.93
8286,5694,503,4,13883.16,3470.79
8287,2402,3379,4,512.72,128.18
8288,9860,242,1,3345.0,3345.0
8289,7456,8816,1,505.4,505.4
8290,9143,9824,2,7262.64,3631.32
8291,5301,9197,5,17318.9,3463.78
8292,8547,432,2,317.02,158.51
8293,8452,9400,5,12367.8,2473.56
8294,3186,3116,3,13859.58,4619.86
8295,8364,4277,2,6170.54,3085.27
8296,3171,3444,4,191.92,47.98
8297,3490,6898,1,3523.44,3523.44
8298,1237,522,5,6019.2,1203.84
8299,4639,5284,5,11376.05,2275.21
8300,6627,9361,2,9802.44,4901.22
8301,1472,2448,3,13366.71,4455.57
8302,3737,8384,5,10506.45,2101.29
8303,6120,9762,2,8829.58,4414.79
8304,7804,4752,2,5890.4,2945.2
8305,7897,3308,4,10861.16,2715.29
8306,7141,7889,4,14028.76,3507.19
8307,8152,4439,1,3326.6,3326.6
8308,556,2313,5,14562.2,2912.44
8309,1860,2428,2,1872.6,936.3
8310,5019,8983,1,2246.56,2246.56
8311,2435,7541,3,13221.6,4407.2
8312,3373,13,1,1482.15,1482.15
8313,5248,7015,2,7092.66,3546.33
8314,9953,3381,2,8975.48,4487.74
8315,4830,5066,3,10316.46,3438.82
8316,6051,7338,2,3992.52,1996.26
8317,862,3883,4,9442.84,2360.71
8318,6055,4545,4,8228.92,2057.23
8319,4323,1694,1,418.02,418.02
8320,9664,1334,1,1360.64,1360.64
8321,3086,4776,2,1010.78,505.39
8322,7599,5318,1,2759.55,2759.55
8323,3567,6399,4,7001.04,1750.26
8324,2896,4418,3,8926.8,2975.6
8325,105,3053,2,3168.14,1584.07
8326,2866,9737,5,24177.95,4835.59
8327,8642,9185,2,8363.44,4181.72
8328,1635,8605,1,2868.75,2868.75
8329,9477,1340,1,2030.02,2030.02
8330,7498,6845,5,15250.45,3050.09
8331,3988,490,3,2671.77,890.59
8332,2243,6209,2,9526.44,4763.22
8333,9536,1557,5,13973.4,2794.68
8334,5223,6455,5,13381.85,2676.37
8335,3714,3929,5,15200.05,3040.01
8336,2210,1744,4,15064.92,3766.23
8337,7454,3854,4,12443.68,3110.92
8338,3494,2143,1,4100.82,4100.82
8339,8000,806,2,8295.12,4147.56
8340,6162,743,1,4753.04,4753.04
8341,2059,4491,5,2171.85,434.37
8342,5144,9404,5,21999.2,4399.84
8343,3107,2560,4,10264.08,2566.02
8344,4807,6097,4,3400.72,850.18
8345,7135,9473,4,192.6,48.15
8346,503,5213,3,11489.82,3829.94
8347,5888,4489,4,15294.72,3823.68
8348,2204,7558,1,1200.1,1200.1
8349,4292,1706,4,18158.64,4539.66
8350,8834,1943,2,1551.46,775.73
8351,2335,1552,2,440.64,220.32
8352,8811,8960,3,2724.93,908.31
8353,7259,8175,4,17530.68,4382.67
8354,8803,3195,5,7518.0,1503.6
8355,539,2871,4,345.4,86.35
8356,3554,1929,4,11087.88,2771.97
8357,8481,6792,4,17393.88,4348.47
8358,4283,8099,5,8224.4,1644.88
8359,1311,2614,3,9085.95,3028.65
8360,570,4673,3,4030.89,1343.63
8361,38,727,3,1144.2,381.4
8362,8234,1023,3,3413.64,1137.88
8363,4857,8111,2,4778.62,2389.31
8364,928,7706,2,5967.54,2983.77
8365,4105,9284,3,5050.86,1683.62
8366,8711,4752,1,4645.55,4645.55
8367,8608,6719,4,11444.48,2861.12
8368,518,9689,2,5860.0,2930.0
8369,45,7150,2,5309.72,2654.86
8370,2843,340,1,3241.85,3241.85
8371,9946,3158,5,8079.25,1615.85
8372,7897,3629,2,1329.22,664.61
8373,921,2355,1,1017.72,1017.72
8374,9998,1125,5,3700.7,740.14
8375,4020,2448,3,4120.32,1373.44
8376,7973,9097,3,3763.98,1254.66
8377,8942,9360,5,7552.9,1510.58
8378,1137,3905,4,16244.92,4061.23
8379,4858,4125,3,5835.84,1945.28
8380,2931,4214,3,5445.3,1815.1
8381,2443,9897,1,888.13,888.13
8382,2627,1630,2,6875.68,3437.84
8383,5943,7039,5,6301.3,1260.26
8384,3809,7931,3,5998.38,1999.46
8385,1143,2536,1,2166.68,2166.68
8386,4723,4802,4,8189.28,2047.32
8387,841,3442,4,10721.88,2680.47
8388,2693,2960,1,3477.23,3477.23
8389,7384,4545,3,4793.61,1597.87
8390,3416,8709,4,11550.48,2887.62
8391,690,4781,5,6912.75,1382.55
8392,1466,9222,2,1656.6,828.3
8393,1872,3535,5,2270.55,454.11
8394,8824,1005,1,3824.43,3824.43
8395,1563,4839,4,3998.68,999.67
8396,468,2728,4,19546.64,4886.66
8397,2175,4895,5,1686.4,337.28
8398,7721,884,4,8472.84,2118.21
8399,7638,5497,3,728.4,242.8
8400,3770,5996,2,2714.6,1357.3
8401,527,9617,5,5126.85,1025.37
8402,8198,612,5,18561.3,3712.26
8403,4798,2930,4,7245.4,1811.35
8404,4469,3001,3,10259.25,3419.75
8405,2430,7775,1,327.4,327.4
8406,901,4323,2,3897.68,1948.84
8407,8740,8169,2,4344.76,2172.38
8408,8920,2684,5,10114.85,2022.97
8409,6685,7877,4,19301.44,4825.36
8410,2634,6396,1,1318.98,1318.98
8411,3979,4241,1,3730.14,3730.14
8412,5705,919,5,626.6,125.32
8413,2677,8521,2,5417.28,2708.64
8414,2883,7407,2,8913.04,4456.52
8415,5102,6601,5,10229.45,2045.89
8416,2258,3093,1,598.34,598.34
8417,2851,8123,4,15237.6,3809.4
8418,4766,8670,3,9231.78,3077.26
8419,529,8643,1,4915.59,4915.59
8420,1159,3213,3,13939.68,4646.56
8421,2216,7905,2,8496.94,4248.47
8422,4355,4220,2,6063.2,3031.6
8423,3459,9351,5,1921.5,384.3
8424,349,6711,1,420.38,420.38
8425,3700,7322,4,13893.72,3473.43
8426,9378,6997,1,4534.38,4534.38
8427,3105,9651,3,9156.99,3052.33
8428,2852,7456,5,17882.45,3576.49
8429,8972,5700,4,14603.28,3650.82
8430,223,8788,1,3301.09,3301.09
8431,1160,6912,5,24808.75,4961.75
8432,3112,8403,4,19799.4,4949.85
8433,4572,2559,1,3204.08,3204.08
8434,6863,1173,3,8464.62,2821.54
8435,7128,6294,4,17976.04,4494.01
8436,2656,5091,3,14878.41,4959.47
8437,5219,3346,1,853.62,853.62
8438,5408,9698,2,3135.68,1567.84
8439,4124,6953,4,3458.0,864.5
8440,6965,7490,3,5591.55,1863.85
8441,8171,8383,5,15011.0,3002.2
8442,7563,3853,5,5716.35,1143.27
8443,7636,1131,5,14799.85,2959.97
8444,3337,3879,5,664.5,132.9
8445,9765,7358,4,3847.8,961.95
8446,6954,7005,4,14315.72,3578.93
8447,1559,9335,4,14381.8,3595.45
8448,2756,6567,3,6512.25,2170.75
8449,6542,3749,2,8741.36,4370.68
8450,2157,1024,3,7444.68,2481.56
8451,472,6405,5,3723.35,744.67
8452,557,8493,5,19647.75,3929.55
8453,5149,6411,3,9595.02,3198.34
8454,1477,3504,2,8357.82,4178.91
8455,6429,3516,3,7478.82,2492.94
8456,5120,3709,3,13779.81,4593.27
8457,922,5975,2,3728.44,1864.22
8458,6164,567,3,13111.41,4370.47
8459,4606,4436,1,4147.08,4147.08
8460,985,7467,4,16322.64,4080.66
8461,7830,591,3,12250.08,4083.36
8462,2181,9174,1,2622.11,2622.11
8463,1417,1696,3,7280.4,2426.8
8464,3668,1300,5,5759.55,1151.91
8465,9664,2152,4,7773.88,1943.47
8466,7077,9239,2,83.44,41.72
8467,1954,9272,4,11868.36,2967.09
8468,1512,1491,3,7531.32,2510.44
8469,7300,2086,1,953.79,953.79
8470,4350,209,5,17445.55,3489.11
8471,8639,5285,5,7554.8,1510.96
8472,361,1511,2,2124.36,1062.18
8473,4656,9956,3,12326.19,4108.73
8474,7062,4161,1,3333.77,3333.77
8475,9306,8668,2,9493.06,4746.53
8476,608,8900,2,3292.7,1646.35
8477,8026,9707,1,2782.4,2782.4
8478,5818,1818,5,13035.0,2607.0
8479,5928,2696,1,285.8,285.8
8480,2234,3887,4,2983.0,745.75
8481,4808,5999,2,541.2,270.6
8482,147,8050,1,2682.4,2682.4
8483,7420,1597,5,15751.45,3150.29
8484,2749,7628,1,3275.24,3275.24
8485,1204,2573,3,6617.64,2205.88
8486,9874,3164,3,2942.04,980.68
8487,1710,2893,1,390.15,390.15
8488,8708,4682,4,7430.96,1857.74
8489,7815,9873,3,5321.52,1773.84
8490,9089,9246,3,7224.54,2408.18
8491,7547,360,3,14366.94,4788.98
8492,150,2361,4,19126.6,4781.65
8493,7252,8012,1,2744.56,2744.56
8494,8229,8013,5,6902.45,1380.49
8495,7595,9903,3,13601.97,4533.99
8496,6,8224,2,6745.44,3372.72
8497,6261,7640,5,10660.65,2132.13
8498,3054,930,5,4664.0,932.8
8499,1338,9598,5,22330.45,4466.09
8500,8791,9287,2,249.52,124.76
8501,4226,460,1,1116.39,1116.39
8502,566,5835,5,15909.4,3181.88
8503,1288,1893,1,2810.94,2810.94
8504,8121,6223,2,8796.72,4398.36
8505,7802,3035,5,6049.15,1209.83
8506,1187,9355,4,6610.36,1652.59
8507,4444,6682,1,3381.7,3381.7
8508,1984,6594,1,3792.07,3792.07
8509,5562,672,5,3848.5,769.7
8510,6523,5557,3,6366.27,2122.09
8511,8729,2948,4,3128.76,782.19
8512,1899,3962,5,24224.35,4844.87
8513,9729,5197,1,2008.06,2008.06
8514,2506,8111,4,17419.72,4354.93
8515,7387,7116,3,8256.12,2752.04
8516,4261,3369,3,12505.53,4168.51
8517,4971,8032,2,4951.84,2475.92
8518,8170,2799,1,3349.57,3349.57
8519,2287,212,4,14033.28,3508.32
8520,890,6397,1,4906.7,4906.7
8521,6417,1039,5,10221.15,2044.23
8522,8588,6082,4,19518.04,4879.51
8523,1656,1081,5,17784.95,3556.99
8524,1597,4618,1,3062.21,3062.21
8525,7038,6385,3,1789.23,596.41
8526,685,159,2,2982.38,1491.19
8527,689,3887,5,19704.35,3940.87
8528,2080,8407,3,2281.86,760.62
8529,8222,735,3,11693.7,3897.9
8530,7354,6650,2,9946.06,4973.03
8531,7549,9062,4,2991.92,747.98
8532,6825,280,4,7456.6,1864.15
8533,6496,8085,3,14184.57,4728.19
8534,2688,521,5,9924.1,1984.82
8535,2047,1604,1,4617.68,4617.68
8536,6484,4962,2,6287.54,3143.77
8537,4113,8400,3,12340.5,4113.5
8538,4979,7059,3,6745.65,2248.55
8539,7455,9305,4,7223.92,1805.98
8540,7231,6997,5,15987.5,3197.5
8541,5477,3756,5,16738.15,3347.63
8542,6705,1864,5,16484.65,3296.93
8543,6062,3631,3,11038.05,3679.35
8544,3547,1786,2,6365.06,3182.53
8545,7006,1519,4,3456.2,864.05
8546,2188,7695,2,979.54,489.77
8547,5811,2861,2,4522.1,2261.05
8548,6873,3504,3,11942.07,3980.69
8549,4799,4920,5,568.75,113.75
8550,3649,16,4,12295.04,3073.76
8551,1902,7630,4,10877.72,2719.43
8552,9069,8286,4,17733.64,4433.41
8553,4214,8749,4,14094.08,3523.52
8554,2301,744,3,1563.75,521.25
8555,1716,681,4,15863.76,3965.94
8556,4461,8781,5,4723.7,944.74
8557,7882,5472,1,2269.02,2269.02
8558,5956,3231,5,9237.8,1847.56
8559,4066,7283,1,420.46,420.46
8560,2524,9095,4,1538.48,384.62
8561,5641,2623,4,14265.88,3566.47
8562,9240,7849,4,201.76,50.44
8563,6078,6567,2,7922.72,3961.36
8564,1490,505,5,8887.4,1777.48
8565,7895,7630,5,13334.85,2666.97
8566,6053,2071,5,18396.75,3679.35
8567,4441,1238,1,3332.09,3332.09
8568,2568,4499,5,16242.75,3248.55
8569,2093,3128,5,7546.15,1509.23
8570,7433,3409,1,2777.87,2777.87
8571,950,818,2,1668.06,834.03
8572,4599,3955,2,4908.44,2454.22
8573,3384,2685,1,2857.21,2857.21
8574,5517,8942,1,4818.45,4818.45
8575,133,7172,5,5883.25,1176.65
8576,7537,1110,1,1443.77,1443.77
8577,9482,288,3,3658.5,1219.5
8578,7981,5146,3,8348.49,2782.83
8579,8197,2548,5,22307.6,4461.52
8580,4614,1488,2,2175.64,1087.82
8581,1883,6103,5,6397.6,1279.52
8582,5385,289,2,7409.58,3704.79
8583,9773,3054,2,9695.98,4847.99
8584,731,8653,5,9438.55,1887.71
8585,9789,1392,2,8205.68,4102.84
8586,5877,2830,4,17076.88,4269.22
8587,2750,714,5,17289.9,3457.98
8588,5697,4891,4,10068.24,2517.06
8589,7409,3864,3,11656.53,3885.51
8590,2390,4599,2,9405.0,4702.5
8591,6585,8185,3,13690.47,4563.49
8592,8631,8979,1,837.85,837.85
8593,2006,304,5,2882.45,576.49
8594,2121,6469,4,6260.32,1565.08
8595,8469,3605,2,6074.32,3037.16
8596,7766,6010,2,5867.48,2933.74
8597,8238,3575,4,14517.12,3629.28
8598,3069,5296,3,9550.41,3183.47
8599,1000,1242,4,3592.16,898.04
8600,231,4729,5,901.85,180.37
8601,9621,7902,2,4172.48,2086.24
8602,2518,4410,5,5878.15,1175.63
8603,6527,5409,1,2391.55,2391.55
8604,1698,7266,1,2012.57,2012.57
8605,9154,5492,3,560.85,186.95
8606,4722,1076,4,13768.72,3442.18
8607,4993,4778,5,20019.05,4003.81
8608,3295,4949,2,71.46,35.73
8609,6622,7147,2,873.86,436.93
8610,2505,4491,3,8775.87,2925.29
8611,1089,4175,4,1937.68,484.42
8612,5155,8778,4,17970.28,4492.57
8613,2235,9202,5,2777.3,555.46
8614,3561,2050,2,2109.24,1054.62
8615,9234,524,4,5978.72,1494.68
8616,4300,8955,3,6812.88,2270.96
8617,5448,8483,2,9263.06,4631.53
8618,8891,2177,4,10748.0,2687.0
8619,6135,5457,5,9518.35,1903.67
8620,596,6355,3,5511.06,1837.02
8621,8197,6115,5,22240.45,4448.09
8622,4750,8208,1,1290.01,1290.01
8623,644,4291,2,3428.1,1714.05
8624,4493,7531,3,10584.99,3528.33
8625,817,4535,5,8645.7,1729.14
8626,9955,6275,2,9723.92,4861.96
8627,2063,9024,1,1183.71,1183.71
8628,232,6702,4,13553.32,3388.33
8629,4737,3654,3,1718.55,572.85
8630,6125,4624,3,13361.97,4453.99
8631,3526,4681,5,14066.1,2813.22
8632,2698,5420,3,5187.18,1729.06
8633,5317,9557,4,10173.48,2543.37
8634,1034,2511,3,1153.2,384.4
8635,9194,1480,3,13612.8,4537.6
8636,2587,1803,2,5828.98,2914.49
8637,6926,5315,1,2257.38,2257.38
8638,1931,2878,1,3935.85,3935.85
8639,1957,5513,4,14985.32,3746.33
8640,6836,5446,2,5187.56,2593.78
8641,2515,3092,3,474.81,158.27
8642,7570,9232,2,6292.38,3146.19
8643,8814,6797,1,3979.49,3979.49
8644,8476,380,2,3722.88,1861.44
8645,9062,6864,4,7131.84,1782.96
8646,9239,9497,2,4654.6,2327.3
8647,3860,8996,2,7776.1,3888.05
8648,2519,6514,3,941.88,313.96
8649,5552,2922,1,137.18,137.18
8650,9561,6052,1,1692.63,1692.63
8651,1155,3348,1,1158.19,1158.19
8652,7891,8023,2,3362.46,1681.23
8653,864,9341,4,15521.12,3880.28
8654,4061,7222,3,12453.0,4151.0
8655,7662,5202,4,5751.0,1437.75
8656,9027,754,3,4735.92,1578.64
8657,4449,1513,3,3001.11,1000.37
8658,9227,6294,5,24604.8,4920.96
8659,3776,4608,5,560.85,112.17
8660,6105,3584,5,23110.05,4622.01
8661,5979,3532,2,7820.56,3910.28
8662,6278,3052,3,3195.51,1065.17
8663,6088,6186,3,11340.21,3780.07
8664,6025,7856,4,19686.84,4921.71
8665,2975,9345,5,10046.1,2009.22
8666,5419,4753,3,14781.6,4927.2
8667,5450,2647,2,548.9,274.45
8668,8051,370,3,4511.16,1503.72
8669,2051,8430,4,11857.4,2964.35
8670,9341,310,3,14499.06,4833.02
8671,5852,4646,3,6084.15,2028.05
8672,445,9524,3,39.42,13.14
8673,9820,4018,1,2477.31,2477.31
8674,7495,6915,4,18145.24,4536.31
8675,352,1137,3,10884.33,3628.11
8676,5187,7855,1,2265.86,2265.86
8677,8718,1218,5,9265.0,1853.0
8678,5206,9335,4,14050.32,3512.58
8679,7113,3037,2,2910.74,1455.37
8680,2577,4141,4,15872.56,3968.14
8681,2944,92,5,23812.3,4762.46
8682,508,8739,4,12642.32,3160.58
8683,2840,1863,3,6537.75,2179.25
8684,5993,6470,2,8619.64,4309.82
8685,8577,4152,2,658.28,329.14
8686,4262,1838,3,11502.39,3834.13
8687,3294,1121,2,9723.12,4861.56
8688,7699,866,4,6736.88,1684.22
8689,6834,6450,5,13489.5,2697.9
8690,3267,2115,1,263.58,263.58
8691,3479,1588,3,8279.79,2759.93
8692,7742,8034,1,3083.74,3083.74
8693,9033,1543,1,2315.37,2315.37
8694,947,383,4,10302.52,2575.63
8695,8558,4764,4,10444.72,2611.18
8696,9523,3023,4,1254.76,313.69
8697,9132,6109,3,5221.56,1740.52
8698,845,4343,5,9689.45,1937.89
8699,2611,2761,4,6371.16,1592.79
8700,5161,2500,1,4523.33,4523.33
8701,5266,417,4,5672.64,1418.16
8702,4573,4734,5,8745.0,1749.0
8703,9946,2423,4,16991.0,4247.75
8704,1049,7234,2,8177.9,4088.95
8705,6675,7476,2,4003.4,2001.7
8706,1879,1236,5,11335.45,2267.09
8707,4241,6934,2,7902.92,3951.46
8708,8754,1244,3,4325.19,1441.73
8709,3306,1988,2,7052.44,3526.22
8710,3002,4492,1,2100.64,2100.64
8711,5777,809,4,16342.36,4085.59
8712,7869,4183,2,925.0,462.5
8713,2964,377,5,15683.6,3136.72
8714,4569,3424,2,5925.48,2962.74
8715,4438,4682,4,12120.84,3030.21
8716,803,4732,5,13906.35,2781.27
8717,8529,933,4,589.36,147.34
8718,7103,7870,5,24841.9,4968.38
8719,6557,3241,1,4282.0,4282.0
8720,9156,2990,4,19317.52,4829.38
8721,9799,6099,3,8130.51,2710.17
8722,248,5308,2,8080.8,4040.4
8723,502,3999,2,6271.82,3135.91
8724,587,773,5,5450.7,1090.14
8725,1304,2795,1,3014.41,3014.41
8726,4464,1343,2,9450.46,4725.23
8727,7070,7711,4,6276.08,1569.02
8728,5489,1642,3,14149.74,4716.58
8729,6238,1656,5,10324.95,2064.99
8730,6383,9005,2,3060.2,1530.1
8731,765,1394,5,2252.0,450.4
8732,9972,7878,5,451.9,90.38
8733,9194,5681,2,2942.48,1471.24
8734,4749,8478,5,11238.45,2247.69
8735,1847,2754,2,6085.86,3042.93
8736,2640,8887,2,8346.18,4173.09
8737,3656,9807,4,6157.0,1539.25
8738,8587,526,3,3939.75,1313.25
8739,6673,4769,5,18833.2,3766.64
8740,7814,478,4,3039.48,759.87
8741,2049,4465,3,2739.81,913.27
8742,3229,6929,2,920.4,460.2
8743,6992,1769,3,233.88,77.96
8744,4530,5964,2,7546.22,3773.11
8745,2859,529,4,11083.4,2770.85
8746,3146,9949,1,3309.28,3309.28
8747,2015,7639,4,3769.08,942.27
8748,8363,4927,1,997.13,997.13
8749,405,6033,4,13340.2,3335.05
8750,7386,3357,4,15383.44,3845.86
8751,6995,5850,2,8256.42,4128.21
8752,6328,2683,2,3350.42,1675.21
8753,8668,6939,2,9381.74,4690.87
8754,2649,2015,1,4012.38,4012.38
8755,2802,1732,4,16576.12,4144.03
8756,9977,7316,2,9447.82,4723.91
8757,8751,4379,2,1364.86,682.43
8758,5371,5824,4,16855.92,4213.98
8759,8813,2567,1,3387.29,3387.29
8760,1348,2075,5,18032.8,3606.56
8761,4045,80,5,1165.25,233.05
8762,4878,2531,1,2186.06,2186.06
8763,4864,5890,5,11484.9,2296.98
8764,8109,7378,4,1308.24,327.06
8765,7087,9543,5,10883.65,2176.73
8766,5604,7336,5,19068.55,3813.71
8767,4566,9785,5,9747.0,1949.4
8768,113,7680,2,3597.58,1798.79
8769,6546,667,3,7719.3,2573.1
8770,3683,5395,4,10239.36,2559.84
8771,3825,3791,2,670.58,335.29
8772,1745,2115,2,2002.54,1001.27
8773,2421,2979,5,17368.35,3473.67
8774,7801,4206,4,6723.52,1680.88
8775,4793,863,1,3741.11,3741.11
8776,9825,7351,5,12467.55,2493.51
8777,6627,8490,1,3621.8,3621.8
8778,2084,7493,4,19102.64,4775.66
8779,5906,3980,1,4660.92,4660.92
8780,1252,6464,4,7320.6,1830.15
8781,9512,3025,2,3345.1,1672.55
8782,3598,8811,3,6862.02,2287.34
8783,5035,9179,5,2561.65,512.33
8784,1936,2882,2,1491.1,745.55
8785,5658,319,1,3074.4,3074.4
8786,7070,6262,2,8662.32,4331.16
8787,1993,9984,5,15577.9,3115.58
8788,5706,8623,1,4075.73,4075.73
8789,6414,6033,2,8940.12,4470.06
8790,8652,1910,5,22596.95,4519.39
8791,5789,7883,5,20679.75,4135.95
8792,6781,5186,2,2705.22,1352.61
8793,613,2474,5,4198.2,839.64
8794,4679,558,5,18860.4,3772.08
8795,2257,2174,4,10292.92,2573.23
8796,8726,8384,5,1585.8,317.16
8797,6700,5509,5,6000.95,1200.19
8798,3787,6669,4,8727.36,2181.84
8799,4862,1189,3,13058.25,4352.75
8800,9519,4675,4,16902.56,4225.64
8801,5158,7627,1,1672.91,1672.91
8802,6339,6355,5,8702.6,1740.52
8803,4478,2674,1,2820.1,2820.1
8804,9042,2753,1,343.12,343.12
8805,9519,4465,1,3934.8,3934.8
8806,2245,2956,5,17935.2,3587.04
8807,1883,3557,1,2972.58,2972.58
8808,2798,6045,1,205.53,205.53
8809,9976,9600,2,1477.92,738.96
8810,6731,5599,3,371.64,123.88
8811,575,607,2,3198.82,1599.41
8812,8736,1206,5,9343.85,1868.77
8813,2540,1009,1,4287.11,4287.11
8814,5420,5203,2,9102.98,4551.49
8815,2470,3757,4,3055.44,763.86
8816,270,89,4,2193.6,548.4
8817,7058,2620,3,4978.11,1659.37
8818,6073,6993,1,1646.87,1646.87
8819,6211,4291,4,12011.28,3002.82
8820,2796,3578,4,19005.0,4751.25
8821,9747,4870,2,6027.48,3013.74
8822,2061,7549,1,1763.94,1763.94
8823,9804,5903,3,14630.16,4876.72
8824,4606,2133,3,5493.72,1831.24
8825,9121,9030,5,16801.05,3360.21
8826,7311,3755,2,3388.64,1694.32
8827,6201,2993,1,3768.22,3768.22
8828,8497,5154,2,1770.9,885.45
8829,2264,3069,1,1445.68,1445.68
8830,9455,1344,1,4474.05,4474.05
8831,5703,5167,1,3015.95,3015.95
8832,4846,5604,3,960.75,320.25
8833,4054,2212,2,7296.48,3648.24
8834,9448,699,5,19035.1,3807.02
8835,6222,7566,5,15478.55,3095.71
8836,8216,2265,2,667.04,333.52
8837,1946,6655,3,9168.87,3056.29
8838,2934,6589,4,19666.48,4916.62
8839,9497,6821,4,18370.84,4592.71
8840,3594,9905,5,23163.55,4632.71
8841,7140,909,2,8925.16,4462.58
8842,4337,8584,3,6713.67,2237.89
8843,2298,8824,3,11558.61,3852.87
8844,5025,2874,5,1130.9,226.18
8845,4804,9094,3,13002.09,4334.03
8846,4182,9640,2,8214.6,4107.3
8847,9949,6298,5,24614.9,4922.98
8848,7510,4107,2,9463.28,4731.64
8849,3285,5717,2,678.82,339.41
8850,1600,2890,3,11709.0,3903.0
8851,7721,6384,3,10284.06,3428.02
8852,4314,3138,1,2230.24,2230.24
8853,1369,7795,1,2183.43,2183.43
8854,6863,733,4,7114.4,1778.6
8855,6145,8138,1,3999.46,3999.46
8856,6425,5286,5,11249.75,2249.95
8857,9558,6774,2,9888.46,4944.23
8858,9697,2885,2,5204.44,2602.22
8859,3117,639,3,13308.3,4436.1
8860,9386,1622,2,4510.96,2255.48
8861,1918,1962,1,2654.94,2654.94
8862,9099,9127,5,21807.65,4361.53
8863,1233,1061,5,3463.6,692.72
8864,3581,5870,3,1299.51,433.17
8865,9242,307,3,5679.72,1893.24
8866,7522,7215,2,2055.62,1027.81
8867,2494,9187,1,4484.68,4484.68
8868,3887,3685,2,4038.7,2019.35
8869,4013,9535,3,10193.94,3397.98
8870,9226,5952,5,3361.35,672.27
8871,6054,3402,1,2092.01,2092.01
8872,9228,3280,4,2935.0,733.75
8873,5556,2483,3,6708.57,2236.19
8874,396,1586,4,6738.12,1684.53
8875,1525,369,1,4515.53,4515.53
8876,4439,8021,4,12275.0,3068.75
8877,5621,3144,4,12261.72,3065.43
8878,43,4626,5,6122.3,1224.46
8879,451,9495,5,1827.55,365.51
8880,6506,4588,5,8736.1,1747.22
8881,3794,9565,5,2458.3,491.66
8882,5719,1887,4,7950.52,1987.63
8883,8790,2715,2,3193.34,1596.67
8884,1202,6076,2,9564.14,4782.07
8885,7853,4231,2,9602.46,4801.23
8886,4641,6458,5,12795.8,2559.16
8887,73,8028,5,18211.45,3642.29
8888,8719,847,5,15810.45,3162.09
8889,357,9986,4,8683.64,2170.91
8890,9594,2270,3,11767.77,3922.59
8891,6381,3938,4,3262.64,815.66
8892,4030,7883,5,8152.75,1630.55
8893,1824,9693,2,5604.74,2802.37
8894,4330,8738,4,1327.92,331.98
8895,278,8113,5,5268.7,1053.74
8896,7003,2068,4,4733.28,1183.32
8897,1515,2057,5,20088.15,4017.63
8898,5817,5703,4,9150.8,2287.7
8899,3957,2907,2,9314.56,4657.28
8900,8838,2269,3,727.74,242.58
8901,3655,7276,2,7758.78,3879.39
8902,6611,3619,3,10709.43,3569.81
8903,7344,3978,5,59.85,11.97
8904,8166,775,1,4186.58,4186.58
8905,7678,9752,3,9795.66,3265.22
8906,749,3700,2,7808.2,3904.1
8907,2643,4501,1,2685.91,2685.91
8908,755,8934,4,18745.12,4686.28
8909,30,2737,4,8303.12,2075.78
8910,8345,7123,4,12633.36,3158.34
8911,5207,6466,4,9525.4,2381.35
8912,1412,5386,2,1982.28,991.14
8913,7090,3463,1,1636.14,1636.14
8914,6424,7658,5,23620.9,4724.18
8915,4134,6421,4,13692.72,3423.18
8916,5159,5886,2,5182.82,2591.41
8917,5660,4345,4,7331.92,1832.98
8918,8399,6763,5,23737.7,4747.54
8919,6931,863,4,2568.84,642.21
8920,56,1770,1,1740.66,1740.66
8921,2117,3207,4,15812.88,3953.22
8922,6222,810,2,1469.88,734.94
8923,7288,2552,1,2994.13,2994.13
8924,4667,5973,1,3509.05,3509.05
8925,7150,2578,2,6462.82,3231.41
8926,1340,9770,1,1371.28,1371.28
8927,8727,9611,3,14812.98,4937.66
8928,3659,9820,1,1294.61,1294.61
8929,1149,8173,5,10013.3,2002.66
8930,821,2178,1,2483.6,2483.6
8931,3313,7298,3,1331.34,443.78
8932,5406,583,5,24135.25,4827.05
8933,4435,606,4,3103.16,775.79
8934,1701,6798,4,2286.24,571.56
8935,4116,3145,4,1945.84,486.46
8936,2087,9848,2,2697.56,1348.78
8937,1164,2902,3,7593.06,2531.02
8938,9342,9101,1,2056.19,2056.19
8939,262,6684,3,10307.85,3435.95
8940,7440,4309,5,14542.7,2908.54
8941,9476,2754,5,13052.1,2610.42
8942,8449,14,2,425.94,212.97
8943,1365,6559,5,4388.1,877.62
8944,1621,3644,1,3505.84,3505.84
8945,3153,1670,3,3438.54,1146.18
8946,2269,7069,4,11841.44,2960.36
8947,5784,5639,1,3872.09,3872.09
8948,9293,2546,1,1189.64,1189.64
8949,8382,6911,2,2827.0,1413.5
8950,2540,6645,1,3100.44,3100.44
8951,5459,8693,1,4498.51,4498.51
8952,3829,2029,5,16262.05,3252.41
8953,8161,5459,4,7994.84,1998.71
8954,5704,1181,2,519.14,259.57
8955,8775,1476,4,13544.92,3386.23
8956,21,5244,3,169.08,56.36
8957,578,1224,3,9384.42,3128.14
8958,1301,4553,3,2441.55,813.85
8959,9166,1740,3,8514.36,2838.12
8960,4095,9126,3,3406.77,1135.59
8961,1629,5894,2,8883.84,4441.92
8962,8115,9654,2,2923.6,1461.8
8963,8706,9911,1,3853.93,3853.93
8964,7732,4076,3,9414.6,3138.2
8965,2849,7851,1,598.63,598.63
8966,4344,3360,1,1989.95,1989.95
8967,2727,5428,3,4847.46,1615.82
8968,8616,4282,2,2768.6,1384.3
8969,1744,8309,1,1139.08,1139.08
8970,2369,1332,2,8448.2,4224.1
8971,8667,1061,1,3530.16,3530.16
8972,2419,8455,4,10434.4,2608.6
8973,3139,7500,4,4654.48,1163.62
8974,1689,8120,5,16024.3,3204.86
8975,1644,3971,2,7239.02,3619.51
8976,1342,410,5,18643.5,3728.7
8977,9152,4072,2,7896.58,3948.29
8978,6452,6422,5,10201.8,2040.36
8979,4117,3163,3,14313.96,4771.32
8980,6731,4278,4,13194.44,3298.61
8981,7586,3108,2,9129.68,4564.84
8982,2426,1934,4,9670.8,2417.7
8983,6564,8600,4,4110.6,1027.65
8984,3710,2629,3,3128.88,1042.96
8985,5410,6724,3,4195.08,1398.36
8986,6039,7816,3,11704.53,3901.51
8987,6522,3201,3,13578.66,4526.22
8988,4678,2648,1,741.06,741.06
8989,9841,4754,5,6573.15,1314.63
8990,6203,5156,1,161.48,161.48
8991,499,8457,4,9631.36,2407.84
8992,4968,4885,5,20951.75,4190.35
8993,133,9791,4,537.28,134.32
8994,7808,9358,5,21836.2,4367.24
8995,7455,4285,4,2620.52,655.13
8996,3657,3737,4,1472.32,368.08
8997,4503,1643,5,7980.1,1596.02
8998,5663,6647,5,22645.4,4529.08
8999,9188,9783,4,12100.24,3025.06
9000,8982,2900,3,12031.47,4010.49
9001,1344,8923,5,15795.95,3159.19
9002,9781,3694,3,6235.08,2078.36
9003,6997,267,4,13753.52,3438.38
9004,7327,8362,5,9330.4,1866.08
9005,2008,8734,5,11166.5,2233.3
9006,8762,9860,3,5926.26,1975.42
9007,5171,812,3,3836.82,1278.94
9008,677,5575,3,486.06,162.02
9009,3994,5984,1,3146.05,3146.05
9010,8515,88,1,2949.47,2949.47
9011,5692,6204,1,366.47,366.47
9012,9087,9905,4,14420.44,3605.11
9013,227,7623,2,4107.58,2053.79
9014,1337,1085,5,18492.7,3698.54
9015,7702,4950,2,2336.82,1168.41
9016,8340,1076,5,3999.8,799.96
9017,2993,8147,3,11899.29,3966.43
9018,2257,6200,4,4746.12,1186.53
9019,136,490,2,421.52,210.76
9020,595,126,2,5396.82,2698.41
9021,8280,5011,3,582.0,194.0
9022,9157,7763,5,2724.8,544.96
9023,7283,3744,1,240.07,240.07
9024,1264,6624,5,11127.65,2225.53
9025,9159,296,3,12922.62,4307.54
9026,7690,5454,4,10217.04,2554.26
9027,3754,9113,3,6761.34,2253.78
9028,2052,1814,2,9945.12,4972.56
9029,9908,1937,2,3635.92,1817.96
9030,6096,950,1,2529.37,2529.37
9031,8336,4813,5,5932.65,1186.53
9032,9299,2305,3,2358.42,786.14
9033,7994,496,3,6243.78,2081.26
9034,3181,5377,3,2235.39,745.13
9035,9594,2142,1,4011.07,4011.07
9036,3822,3685,2,86.3,43.15
9037,3221,6995,3,14163.03,4721.01
9038,8529,6641,2,7914.22,3957.11
9039,979,1420,4,19376.56,4844.14
9040,424,4896,1,902.31,902.31
9041,6931,1420,1,3137.52,3137.52
9042,729,412,2,6204.12,3102.06
9043,4998,9609,3,13901.07,4633.69
9044,9232,206,5,4159.35,831.87
9045,7337,8301,5,3167.6,633.52
9046,3891,4455,5,396.25,79.25
9047,8521,6222,2,9118.48,4559.24
9048,9065,6372,4,12087.24,3021.81
9049,3194,2994,3,9809.55,3269.85
9050,9551,578,4,9231.44,2307.86
9051,39,2980,2,4980.68,2490.34
9052,2111,2953,4,16579.84,4144.96
9053,2732,1612,1,4691.19,4691.19
9054,8651,1916,1,276.66,276.66
9055,9767,1552,1,1831.14,1831.14
9056,5685,6792,1,3143.72,3143.72
9057,6534,8649,5,10923.15,2184.63
9058,7892,9618,4,6558.4,1639.6
9059,622,7646,2,5958.68,2979.34
9060,7910,8580,4,5949.68,1487.42
9061,8717,1299,2,1279.28,639.64
9062,7888,4401,1,2122.92,2122.92
9063,2404,7183,5,22601.5,4520.3
9064,6970,2185,4,19746.6,4936.65
9065,1358,1917,2,5640.64,2820.32
9066,8951,4513,4,4773.6,1193.4
9067,765,8124,1,3841.73,3841.73
9068,1034,864,4,17542.8,4385.7
9069,4079,7799,3,7340.37,2446.79
9070,5908,35,4,11553.36,2888.34
9071,9112,3254,4,14820.76,3705.19
9072,3782,6537,2,6649.96,3324.98
9073,8731,2313,3,11985.36,3995.12
9074,9951,8268,4,19975.6,4993.9
9075,6292,5816,1,2834.71,2834.71
9076,2275,7687,4,4890.16,1222.54
9077,6184,385,4,15831.4,3957.85
9078,4322,4447,3,10872.51,3624.17
9079,1785,1549,1,4026.45,4026.45
9080,5996,7628,2,8062.78,4031.39
9081,4281,3472,2,4724.82,2362.41
9082,3155,3410,4,3816.0,954.0
9083,8207,5901,1,1406.16,1406.16
9084,3779,9415,1,3905.4,3905.4
9085,1247,2714,1,2474.67,2474.67
9086,9764,7923,4,18664.12,4666.03
9087,3975,5732,4,12459.88,3114.97
9088,2234,1238,5,8914.9,1782.98
9089,7764,247,2,5741.7,2870.85
9090,3775,2033,5,9598.5,1919.7
9091,7886,9534,2,7115.46,3557.73
9092,4746,9491,3,11643.42,3881.14
9093,7482,5633,5,20600.75,4120.15
9094,4423,7053,1,4944.91,4944.91
9095,5844,1721,1,4561.88,4561.88
9096,6964,9402,4,16296.92,4074.23
9097,5954,2114,4,6756.08,1689.02
9098,9928,6566,4,12119.52,3029.88
9099,5389,6536,2,6401.38,3200.69
9100,2644,3806,4,1480.28,370.07
9101,7090,8579,5,5311.5,1062.3
9102,8716,8027,4,3340.96,835.24
9103,6729,2857,1,1262.98,1262.98
9104,2782,6001,3,4040.7,1346.9
9105,3486,855,1,4875.73,4875.73
9106,8791,7601,1,2607.17,2607.17
9107,6340,7125,4,4753.2,1188.3
9108,7329,7299,1,1675.56,1675.56
9109,1599,3473,1,19.61,19.61
9110,1585,5317,2,2601.22,1300.61
9111,5675,9057,4,10761.8,2690.45
9112,7979,3070,1,1954.06,1954.06
9113,5959,7227,1,949.73,949.73
9114,2551,1016,4,10066.36,2516.59
9115,5576,4741,4,10137.56,2534.39
9116,7146,4935,5,6352.0,1270.4
9117,3311,1566,3,7882.41,2627.47
9118,7240,6859,4,3524.24,881.06
9119,2629,879,1,2745.43,2745.43
9120,8370,1537,1,4862.03,4862.03
9121,4728,8354,3,4029.42,1343.14
9122,6047,1370,2,34.22,17.11
9123,2832,9601,5,18036.65,3607.33
9124,3301,4056,2,1208.14,604.07
9125,3700,7734,4,9319.44,2329.86
9126,1339,6346,1,2076.72,2076.72
9127,8627,8687,4,9967.48,2491.87
9128,5960,4693,2,3480.82,1740.41
9129,5248,6848,3,6737.01,2245.67
9130,5558,2990,5,3911.0,782.2
9131,7722,5815,3,5576.25,1858.75
9132,6472,1437,3,13182.51,4394.17
9133,9175,789,5,4867.2,973.44
9134,1663,3082,2,8811.64,4405.82
9135,6686,9993,4,10342.72,2585.68
9136,1462,992,3,5823.93,1941.31
9137,1702,519,2,1895.5,947.75
9138,1041,7481,1,3485.78,3485.78
9139,927,4990,4,16987.64,4246.91
9140,2869,5735,3,2219.85,739.95
9141,4071,7937,2,946.86,473.43
9142,4064,8540,4,6413.92,1603.48
9143,9778,5706,1,286.22,286.22
9144,1391,1318,5,13882.65,2776.53
9145,6121,983,5,10666.35,2133.27
9146,4116,8110,4,3162.56,790.64
9147,8266,4484,5,4658.4,931.68
9148,2548,6609,3,9443.28,3147.76
9149,8418,4060,2,6903.64,3451.82
9150,9051,67,2,5486.38,2743.19
9151,5412,9636,4,16514.76,4128.69
9152,9749,8853,1,1399.96,1399.96
9153,3567,1047,1,765.68,765.68
9154,9506,4848,2,9202.04,4601.02
9155,3686,4322,3,8213.79,2737.93
9156,9358,4437,1,2546.8,2546.8
9157,9228,5071,5,22330.8,4466.16
9158,4595,4493,4,6469.4,1617.35
9159,7546,7359,4,847.56,211.89
9160,9779,6738,4,7748.24,1937.06
9161,1137,3652,4,7176.24,1794.06
9162,3635,5483,5,4832.4,966.48
9163,2986,4894,5,19007.0,3801.4
9164,7664,6478,2,9163.46,4581.73
9165,4280,2641,1,486.23,486.23
9166,9189,7875,3,4085.13,1361.71
9167,5623,172,4,624.16,156.04
9168,1459,8320,3,13798.83,4599.61
9169,291,3519,2,2491.26,1245.63
9170,7046,9389,1,2305.32,2305.32
9171,3445,5180,2,6813.82,3406.91
9172,1874,6304,2,2582.66,1291.33
9173,3418,1581,4,14950.92,3737.73
9174,8667,3391,2,5290.42,2645.21
9175,4680,6718,2,101.86,50.93
9176,824,319,4,2253.16,563.29
9177,7418,8334,4,3341.6,835.4
9178,449,5388,2,4664.88,2332.44
9179,2984,3895,2,9671.06,4835.53
9180,6493,5874,3,2603.61,867.87
9181,8847,9530,2,1578.16,789.08
9182,1627,6292,3,3145.44,1048.48
9183,7999,670,2,421.7,210.85
9184,2320,1406,2,4827.62,2413.81
9185,7185,5503,2,8113.18,4056.59
9186,6340,7380,1,1244.34,1244.34
9187,6737,9134,3,548.76,182.92
9188,1489,4860,3,3273.57,1091.19
9189,676,7494,5,24082.65,4816.53
9190,1978,6461,1,2256.97,2256.97
9191,2624,4617,5,390.45,78.09
9192,5371,734,4,13036.0,3259.0
9193,4481,5295,1,3059.76,3059.76
9194,2081,6498,1,98.49,98.49
9195,3075,4029,4,8265.64,2066.41
9196,8615,5077,4,18650.52,4662.63
9197,9199,8844,5,2116.95,423.39
9198,7687,1988,5,13992.75,2798.55
9199,2953,7737,1,4359.58,4359.58
9200,8544,1346,5,8974.6,1794.92
9201,7193,1031,4,11185.64,2796.41
9202,7522,7612,4,8159.52,2039.88
9203,7343,9168,1,4403.63,4403.63
9204,7107,5904,1,3319.91,3319.91
9205,1176,2101,2,5262.88,2631.44
9206,1257,6407,5,18272.65,3654.53
9207,8196,7457,2,8058.68,4029.34
9208,2390,7499,1,3696.6,3696.6
9209,2981,7724,1,255.16,255.16
9210,8337,6958,2,3666.44,1833.22
9211,1004,9517,1,2143.58,2143.58
9212,7659,3390,4,2594.48,648.62
9213,3922,9728,1,1198.45,1198.45
9214,5264,1622,1,2221.17,2221.17
9215,5611,3907,5,1871.35,374.27
9216,5520,8558,1,895.76,895.76
9217,9724,4618,4,17489.2,4372.3
9218,2837,5755,3,9797.76,3265.92
9219,805,1887,1,685.43,685.43
9220,6923,5458,2,466.58,233.29
9221,7368,2917,2,1284.02,642.01
9222,701,8287,3,9920.7,3306.9
9223,3688,8972,2,5539.36,2769.68
9224,5850,9102,4,19368.4,4842.1
9225,9734,6935,3,7126.05,2375.35
9226,6146,9970,3,4528.98,1509.66
9227,9702,339,3,8380.68,2793.56
9228,8963,5030,5,687.2,137.44
9229,681,2378,4,4069.04,1017.26
9230,5005,1551,4,1920.0,480.0
9231,6792,6605,4,17959.84,4489.96
9232,1635,8563,2,4696.1,2348.05
9233,5151,8794,4,17829.72,4457.43
9234,667,7807,1,1143.55,1143.55
9235,5807,6023,5,18257.7,3651.54
9236,1685,7814,3,13962.06,4654.02
9237,8191,3002,5,14355.35,2871.07
9238,7736,7181,3,7622.28,2540.76
9239,9756,8503,4,15042.8,3760.7
9240,6473,5282,4,14474.68,3618.67
9241,9754,4167,5,12656.35,2531.27
9242,9932,47,5,15876.05,3175.21
9243,8821,2849,4,13877.08,3469.27
9244,7134,5172,4,7827.76,1956.94
9245,1629,6280,3,6409.83,2136.61
9246,8091,3776,1,2738.71,2738.71
9247,7174,9420,5,19124.35,3824.87
9248,6704,9532,1,1838.85,1838.85
9249,5700,1426,4,6803.48,1700.87
9250,9722,9707,1,2221.64,2221.64
9251,7499,3198,2,1899.2,949.6
9252,7105,9258,5,18731.3,3746.26
9253,7592,5132,1,580.57,580.57
9254,5126,2705,2,3666.6,1833.3
9255,1288,6241,2,6763.92,3381.96
9256,6793,7780,3,7126.35,2375.45
9257,6179,4090,4,15852.88,3963.22
9258,7619,5157,1,1488.07,1488.07
9259,8068,8234,1,1603.53,1603.53
9260,654,6822,5,13331.05,2666.21
9261,2957,4487,1,4617.64,4617.64
9262,3493,2047,1,15.45,15.45
9263,9576,7785,2,8771.66,4385.83
9264,3695,7660,4,14450.84,3612.71
9265,1786,3685,2,7056.92,3528.46
9266,9154,6689,4,11828.72,2957.18
9267,8671,4076,5,13830.95,2766.19
9268,2988,9815,1,90.57,90.57
9269,6804,2224,1,3169.63,3169.63
9270,4820,9861,5,19794.6,3958.92
9271,6990,1578,5,20258.45,4051.69
9272,8852,8556,1,2003.3,2003.3
9273,3285,7170,2,1316.2,658.1
9274,9995,9658,1,4796.83,4796.83
9275,8424,9140,1,2260.88,2260.88
9276,2264,4124,4,18614.32,4653.58
9277,7978,6789,4,2078.56,519.64
9278,6679,6583,1,879.74,879.74
9279,7320,6040,4,10406.36,2601.59
9280,8682,9233,1,4243.54,4243.54
9281,8286,619,3,13095.6,4365.2
9282,1490,8499,5,3604.1,720.82
9283,5119,2202,4,3745.44,936.36
9284,5250,7917,5,2621.25,524.25
9285,4371,2594,2,893.78,446.89
9286,4434,395,5,24747.65,4949.53
9287,1325,3113,2,7477.5,3738.75
9288,317,4708,1,76.83,76.83
9289,2304,8576,5,14649.75,2929.95
9290,7874,1196,3,523.62,174.54
9291,5873,8199,2,617.26,308.63
9292,6037,4238,4,2080.04,520.01
9293,4017,2810,5,703.3,140.66
9294,3847,5057,3,14028.54,4676.18
9295,4308,2938,5,23137.3,4627.46
9296,974,9699,4,11766.44,2941.61
9297,806,2338,5,8538.9,1707.78
9298,3342,2194,4,18001.48,4500.37
9299,173,6688,3,1437.75,479.25
9300,5432,703,5,7668.05,1533.61
9301,8,8390,2,6181.04,3090.52
9302,3104,7613,2,7362.24,3681.12
9303,3082,191,3,4290.15,1430.05
9304,7552,6278,4,5174.92,1293.73
9305,3140,39,4,11939.2,2984.8
9306,988,4813,4,18441.36,4610.34
9307,9471,6404,1,4862.14,4862.14
9308,2056,8359,4,17811.28,4452.82
9309,3187,5349,3,7883.43,2627.81
9310,384,7714,2,3238.52,1619.26
9311,551,7857,5,19518.8,3903.76
9312,1289,6914,5,20453.75,4090.75
9313,8071,3922,5,8577.7,1715.54
9314,7700,7116,2,6926.22,3463.11
9315,772,8274,1,2840.72,2840.72
9316,7588,4339,5,4374.5,874.9
9317,7642,7992,5,24429.95,4885.99
9318,6077,2609,2,238.82,119.41
9319,9582,4171,5,9599.7,1919.94
9320,1074,3176,4,17746.96,4436.74
9321,9721,2084,5,4822.8,964.56
9322,149,2290,4,6020.48,1505.12
9323,1789,9434,1,146.41,146.41
9324,4673,7574,2,5692.02,2846.01
9325,6596,9385,2,1176.32,588.16
9326,6692,6512,5,18688.5,3737.7
9327,7216,6897,1,1491.11,1491.11
9328,626,2739,1,919.37,919.37
9329,8297,7365,3,8326.32,2775.44
9330,2342,1054,1,1516.76,1516.76
9331,9255,7310,4,11398.48,2849.62
9332,4793,9210,5,23452.45,4690.49
9333,7460,572,5,14297.9,2859.58
9334,6183,5140,3,9788.94,3262.98
9335,695,7373,1,2021.0,2021.0
9336,7323,3871,5,8976.5,1795.3
9337,125,197,5,672.1,134.42
9338,3192,3125,3,3730.71,1243.57
9339,4585,2914,3,11160.63,3720.21
9340,5438,4054,4,6159.84,1539.96
9341,9379,4553,1,4505.02,4505.02
9342,1966,2057,3,4719.42,1573.14
9343,8148,4908,2,6292.76,3146.38
9344,5484,9664,3,9282.51,3094.17
9345,4478,5566,5,13639.25,2727.85
9346,1811,384,2,8121.9,4060.95
9347,7031,9062,3,3708.33,1236.11
9348,7178,1453,3,1919.73,639.91
9349,8360,1572,3,11262.99,3754.33
9350,6029,6320,3,5143.32,1714.44
9351,9778,4197,2,8593.12,4296.56
9352,6193,8279,4,3370.76,842.69
9353,7750,2706,4,14402.28,3600.57
9354,4012,9873,5,17557.2,3511.44
9355,5757,1635,2,9392.5,4696.25
9356,5602,2620,4,9008.4,2252.1
9357,268,89,3,1000.08,333.36
9358,8706,8462,4,2863.32,715.83
9359,863,9285,3,14617.11,4872.37
9360,8869,7443,1,2648.05,2648.05
9361,9525,1350,5,13336.45,2667.29
9362,9897,9510,5,15761.05,3152.21
9363,3818,4054,2,4397.7,2198.85
9364,9319,9098,4,7453.2,1863.3
9365,5737,8631,4,12742.68,3185.67
9366,8499,4647,2,5161.24,2580.62
9367,3141,8244,4,7653.2,1913.3
9368,1317,2106,5,12267.5,2453.5
9369,9504,3555,4,6743.16,1685.79
9370,5735,6896,4,2494.4,623.6
9371,6735,1710,2,4492.36,2246.18
9372,7605,316,4,7783.0,1945.75
9373,5099,5555,4,11976.84,2994.21
9374,2318,5262,2,3520.78,1760.39
9375,7237,986,2,2501.92,1250.96
9376,6048,8268,5,18714.45,3742.89
9377,738,2303,5,21095.0,4219.0
9378,8230,9814,5,17142.95,3428.59
9379,4166,9608,2,1813.94,906.97
9380,6376,7934,3,3386.04,1128.68
9381,504,9532,2,6163.6,3081.8
9382,5539,5137,1,4914.03,4914.03
9383,7826,186,3,12989.61,4329.87
9384,2809,4506,3,5186.13,1728.71
9385,4432,6743,4,10372.96,2593.24
9386,2052,5243,2,1644.56,822.28
9387,3605,242,2,9631.72,4815.86
9388,3303,739,3,854.1,284.7
9389,6741,6272,4,14598.24,3649.56
9390,159,263,3,12361.29,4120.43
9391,2840,2736,2,7359.02,3679.51
9392,8434,9405,2,7819.42,3909.71
9393,7699,1939,5,15721.7,3144.34
9394,9204,1665,5,2985.3,597.06
9395,1931,4551,5,6805.95,1361.19
9396,4581,3085,5,21293.2,4258.64
9397,3671,6750,1,615.1,615.1
9398,8990,7251,3,554.22,184.74
9399,8816,1047,1,1154.76,1154.76
9400,9554,1930,4,11361.68,2840.42
9401,1808,3441,4,1488.44,372.11
9402,1584,9655,3,202.29,67.43
9403,1871,2957,1,2255.72,2255.72
9404,1304,3084,5,24635.35,4927.07
9405,9320,2458,3,13194.48,4398.16
9406,4140,4272,4,8561.08,2140.27
9407,4332,2305,5,3406.4,681.28
9408,3280,6301,1,2656.44,2656.44
9409,6092,4253,4,19162.32,4790.58
9410,3268,3322,3,14819.76,4939.92
9411,6914,9034,3,10266.9,3422.3
9412,4950,7000,2,5788.48,2894.24
9413,3027,3763,4,11611.36,2902.84
9414,3464,3099,3,13305.33,4435.11
9415,7701,9562,5,1118.9,223.78
9416,8143,4227,5,3507.8,701.56
9417,9641,9196,4,11070.32,2767.58
9418,2185,7214,3,5698.32,1899.44
9419,7491,656,1,4471.77,4471.77
9420,5951,4322,1,4521.16,4521.16
9421,5147,3268,4,7408.76,1852.19
9422,4149,270,3,14688.63,4896.21
9423,5411,7719,2,8637.24,4318.62
9424,4444,8916,3,11759.04,3919.68
9425,4252,8971,5,9825.6,1965.12
9426,6449,1579,1,4167.36,4167.36
9427,276,2550,4,13549.24,3387.31
9428,3105,6899,1,739.45,739.45
9429,7274,1217,5,10469.35,2093.87
9430,6913,3980,1,1589.57,1589.57
9431,5156,7411,3,328.29,109.43
9432,240,2816,1,3095.56,3095.56
9433,8559,2781,3,2860.95,953.65
9434,7422,8031,1,3201.58,3201.58
9435,8971,2999,1,2282.58,2282.58
9436,455,8107,2,1879.2,939.6
9437,6012,1699,5,582.5,116.5
9438,9357,7266,2,3830.14,1915.07
9439,398,7790,2,6535.48,3267.74
9440,9968,4323,5,24506.35,4901.27
9441,615,8307,3,12498.72,4166.24
9442,4974,2052,5,1386.2,277.24
9443,1126,5964,3,11584.83,3861.61
9444,3857,3776,1,4826.81,4826.81
9445,5163,7154,5,8429.55,1685.91
9446,6079,6975,1,602.95,602.95
9447,5900,3433,3,10518.51,3506.17
9448,5782,8172,5,3346.2,669.24
9449,8283,8217,5,6426.3,1285.26
9450,8013,5723,5,6861.2,1372.24
9451,6384,8171,2,1968.46,984.23
9452,7638,8061,3,5168.64,1722.88
9453,6643,885,2,1517.72,758.86
9454,5332,8205,1,968.36,968.36
9455,2187,3466,1,803.45,803.45
9456,11,7041,2,8071.78,4035.89
9457,4103,7509,2,3959.9,1979.95
9458,8685,8253,4,18527.88,4631.97
9459,7395,5904,1,4487.35,4487.35
9460,3138,5123,4,17487.36,4371.84
9461,2392,591,1,1299.0,1299.0
9462,7450,6261,3,2899.56,966.52
9463,8178,8797,3,4212.93,1404.31
9464,4987,1914,3,10582.74,3527.58
9465,9666,4859,1,1300.71,1300.71
9466,498,2499,2,3343.68,1671.84
9467,2370,3199,3,14366.13,4788.71
9468,3030,1635,5,19398.5,3879.7
9469,1977,5988,4,10890.92,2722.73
9470,7287,4367,1,2803.69,2803.69
9471,5003,3585,4,12266.6,3066.65
9472,1102,7646,1,3421.23,3421.23
9473,8852,6305,2,5052.0,2526.0
9474,5249,57,3,4663.59,1554.53
9475,5429,8705,1,1183.14,1183.14
9476,7494,9223,3,4624.5,1541.5
9477,9455,3417,3,7187.55,2395.85
9478,5957,8974,1,4907.28,4907.28
9479,8427,5463,2,6636.14,3318.07
9480,372,3903,4,6762.64,1690.66
9481,8785,9959,5,15131.3,3026.26
9482,8787,2363,4,10261.12,2565.28
9483,5265,7750,5,12500.65,2500.13
9484,5184,8981,2,4362.66,2181.33
9485,4562,5195,4,18648.36,4662.09
9486,422,1521,2,886.88,443.44
9487,6175,4179,3,5754.24,1918.08
9488,4666,3203,5,22871.6,4574.32
9489,6550,4809,4,5786.4,1446.6
9490,5380,1400,4,6544.12,1636.03
9491,7438,4989,4,16433.36,4108.34
9492,1198,4961,3,12579.21,4193.07
9493,2915,3316,1,229.15,229.15
9494,1967,4820,1,4329.22,4329.22
9495,5414,2247,2,4388.44,2194.22
9496,1841,1738,4,9510.48,2377.62
9497,5510,6387,3,8550.78,2850.26
9498,3143,385,3,7286.46,2428.82
9499,8369,2798,5,10251.6,2050.32
9500,7507,8822,3,226.77,75.59
9501,838,6228,5,13157.7,2631.54
9502,6612,6815,3,14632.35,4877.45
9503,3428,6878,5,20869.5,4173.9
9504,8677,3174,1,1329.74,1329.74
9505,1418,8689,2,3936.78,1968.39
9506,6617,6326,2,9006.44,4503.22
9507,2988,6134,3,3167.28,1055.76
9508,360,9737,4,6667.56,1666.89
9509,4782,5944,5,14694.05,2938.81
9510,1655,2438,5,12228.2,2445.64
9511,626,6000,5,18564.6,3712.92
9512,7294,1908,1,4630.09,4630.09
9513,6978,9439,2,2364.1,1182.05
9514,6188,7865,2,6510.06,3255.03
9515,8529,8045,2,3949.52,1974.76
9516,7401,8604,2,3025.04,1512.52
9517,938,7530,3,9942.72,3314.24
9518,358,4844,2,3741.74,1870.87
9519,8653,96,4,6475.12,1618.78
9520,5800,2029,1,2150.49,2150.49
9521,7495,5991,3,7990.65,2663.55
9522,9021,2650,3,3629.28,1209.76
9523,6924,1787,1,1146.81,1146.81
9524,2790,9058,1,1032.03,1032.03
9525,9848,8764,5,12309.9,2461.98
9526,3825,9017,3,7353.21,2451.07
9527,7173,2988,3,13294.23,4431.41
9528,3381,7429,3,11565.78,3855.26
9529,1462,6503,1,521.62,521.62
9530,6738,537,5,11784.3,2356.86
9531,4987,8291,1,3069.91,3069.91
9532,3392,7842,3,9815.13,3271.71
9533,6098,8222,2,5557.96,2778.98
9534,6148,3264,1,965.75,965.75
9535,4623,6502,5,5203.0,1040.6
9536,1680,9620,1,2977.62,2977.62
9537,2725,7989,4,18423.68,4605.92
9538,5072,7828,5,6340.05,1268.01
9539,3764,7469,5,18209.3,3641.86
9540,991,5363,3,13000.2,4333.4
9541,6080,20,1,2867.79,2867.79
9542,984,8094,4,10646.28,2661.57
9543,9105,7139,5,9014.85,1802.97
9544,1366,8995,4,15530.16,3882.54
9545,9248,7466,4,95.76,23.94
9546,4312,713,5,3838.2,767.64
9547,6025,4587,5,19567.65,3913.53
9548,5817,4217,4,1023.04,255.76
9549,4052,2488,5,4466.25,893.25
9550,5143,8681,3,10830.6,3610.2
9551,2786,7978,1,906.59,906.59
9552,6142,2050,5,21585.7,4317.14
9553,3967,9598,1,3596.84,3596.84
9554,3017,8644,5,8054.45,1610.89
9555,647,2806,2,5599.9,2799.95
9556,5562,5404,3,5811.6,1937.2
9557,5770,6717,2,8710.74,4355.37
9558,2677,8079,1,2516.57,2516.57
9559,6014,4011,2,6796.76,3398.38
9560,1481,8193,5,15638.8,3127.76
9561,9077,4928,3,4668.84,1556.28
9562,4346,770,3,14412.18,4804.06
9563,1269,8912,3,13789.59,4596.53
9564,8443,3548,4,10231.96,2557.99
9565,5390,2515,3,6434.13,2144.71
9566,1045,9708,3,1540.8,513.6
9567,9521,6489,3,11864.22,3954.74
9568,5144,8910,3,4768.59,1589.53
9569,6241,1074,5,24449.2,4889.84
9570,1679,8395,5,15139.15,3027.83
9571,1275,4735,4,5258.4,1314.6
9572,6781,923,1,4988.13,4988.13
9573,6753,3180,5,14738.35,2947.67
9574,7282,9833,1,550.93,550.93
9575,8447,7632,4,3981.24,995.31
9576,9553,3052,1,3522.62,3522.62
9577,5760,3813,1,878.4,878.4
9578,8593,2702,4,18746.2,4686.55
9579,5458,1560,2,1955.78,977.89
9580,223,1170,5,14932.8,2986.56
9581,1152,5034,4,3341.64,835.41
9582,9486,38,4,15519.0,3879.75
9583,9196,8101,5,1545.05,309.01
9584,159,2264,5,13324.25,2664.85
9585,5976,2895,1,3045.41,3045.41
9586,3699,4414,3,8713.11,2904.37
9587,1590,432,1,3784.73,3784.73
9588,9395,2578,4,290.24,72.56
9589,1947,1838,2,9818.9,4909.45
9590,5829,8260,4,6376.64,1594.16
9591,3122,9756,4,714.96,178.74
9592,6577,4741,5,9009.85,1801.97
9593,293,1265,3,10068.69,3356.23
9594,8069,5537,5,11066.85,2213.37
9595,6905,2034,4,17224.2,4306.05
9596,6085,1062,3,6894.39,2298.13
9597,2560,7340,4,15196.96,3799.24
9598,7465,6363,5,16940.9,3388.18
9599,9580,6069,4,19507.28,4876.82
9600,4073,8106,4,10261.6,2565.4
9601,2348,199,4,15162.24,3790.56
9602,4077,5517,2,7051.28,3525.64
9603,1725,7934,1,4100.18,4100.18
9604,5820,5892,4,16294.0,4073.5
9605,6990,73,3,4754.79,1584.93
9606,8724,7575,5,16125.1,3225.02
9607,91,1962,5,5964.45,1192.89
9608,9009,3002,3,9090.3,3030.1
9609,1792,817,1,1013.74,1013.74
9610,223,7588,4,5782.96,1445.74
9611,9791,42,2,2820.6,1410.3
9612,7011,3492,5,1506.3,301.26
9613,5725,7946,5,6127.3,1225.46
9614,3146,6483,4,8726.4,2181.6
9615,1175,1665,4,7506.0,1876.5
9616,6306,1369,4,5296.4,1324.1
9617,6307,4982,4,19693.32,4923.33
9618,4417,5887,5,16200.9,3240.18
9619,7778,4962,2,4359.44,2179.72
9620,7927,7539,2,9968.48,4984.24
9621,6573,2429,3,8781.06,2927.02
9622,2102,633,2,7483.54,3741.77
9623,1616,1976,2,8653.22,4326.61
9624,309,9408,4,16082.96,4020.74
9625,2449,4258,3,9330.63,3110.21
9626,4139,2718,5,11258.75,2251.75
9627,1781,7491,4,7481.12,1870.28
9628,2704,6340,1,4305.85,4305.85
9629,2598,4033,2,6754.96,3377.48
9630,413,4313,3,5731.98,1910.66
9631,2709,5697,2,4979.98,2489.99
9632,6305,4329,1,1290.1,1290.1
9633,7931,9552,3,8754.06,2918.02
9634,5277,9917,4,13246.72,3311.68
9635,8133,4280,4,19676.88,4919.22
9636,484,3201,1,3565.63,3565.63
9637,6883,164,3,2771.34,923.78
9638,9228,4263,5,17582.25,3516.45
9639,5932,9342,4,15592.88,3898.22
9640,4514,6963,3,9816.18,3272.06
9641,8202,2065,3,2290.29,763.43
9642,5195,9255,5,3717.9,743.58
9643,3028,6746,4,4167.68,1041.92
9644,4861,4765,5,16187.1,3237.42
9645,1793,9849,1,389.05,389.05
9646,5735,642,5,16157.15,3231.43
9647,791,7704,1,4640.46,4640.46
9648,5870,7604,4,18509.88,4627.47
9649,1200,8054,4,4835.96,1208.99
9650,4907,4518,3,10342.35,3447.45
9651,5688,488,1,2259.33,2259.33
9652,7902,1529,3,9828.78,3276.26
9653,2634,4307,1,1774.19,1774.19
9654,1706,4995,1,4167.58,4167.58
9655,2724,1575,3,3516.69,1172.23
9656,2679,31,5,17499.9,3499.98
9657,4972,1623,1,1996.78,1996.78
9658,3150,4226,2,9146.54,4573.27
9659,2901,7544,4,5637.68,1409.42
9660,7320,9702,5,11068.65,2213.73
9661,2206,4740,2,445.48,222.74
9662,1719,3807,4,15141.48,3785.37
9663,3853,4190,1,1904.6,1904.6
9664,3453,8857,4,12246.36,3061.59
9665,3396,9292,2,1204.02,602.01
9666,4575,9887,2,9027.22,4513.61
9667,1118,2807,3,13123.65,4374.55
9668,1963,1206,1,3889.09,3889.09
9669,2396,9765,5,24275.95,4855.19
9670,3290,6703,5,17812.8,3562.56
9671,6657,5718,3,12984.51,4328.17
9672,532,3694,3,12435.69,4145.23
9673,6791,3173,2,5797.98,2898.99
9674,9003,3865,5,18589.1,3717.82
9675,786,5898,5,9506.25,1901.25
9676,5431,1254,3,3357.06,1119.02
9677,6014,6108,4,9485.8,2371.45
9678,1029,5961,5,9263.3,1852.66
9679,2872,8644,1,1757.12,1757.12
9680,1615,5037,5,9379.3,1875.86
9681,3789,1904,3,6876.93,2292.31
9682,3446,1462,2,1844.32,922.16
9683,5182,5934,4,9542.64,2385.66
9684,8816,950,5,2680.6,536.12
9685,832,5427,4,10617.36,2654.34
9686,8744,5842,1,3862.65,3862.65
9687,4617,1767,1,4309.58,4309.58
9688,1753,8346,4,16716.68,4179.17
9689,2141,7168,1,497.89,497.89
9690,3590,9817,2,4106.1,2053.05
9691,2055,4585,5,10499.35,2099.87
9692,5746,1521,3,9783.84,3261.28
9693,7841,2271,5,795.65,159.13
9694,9301,7601,1,1313.92,1313.92
9695,3493,5212,1,2487.75,2487.75
9696,5717,5560,1,2149.87,2149.87
9697,5272,3167,5,23329.15,4665.83
9698,5990,2959,3,3956.19,1318.73
9699,7050,1450,1,48.18,48.18
9700,189,2944,1,1493.81,1493.81
9701,895,6226,3,579.3,193.1
9702,7072,1842,2,8696.06,4348.03
9703,3529,9273,3,3272.22,1090.74
9704,44,4029,2,9270.92,4635.46
9705,8078,6352,3,6941.22,2313.74
9706,9208,1331,2,1371.88,685.94
9707,6014,6603,1,2321.38,2321.38
9708,300,7571,5,13361.1,2672.22
9709,8533,5472,5,16526.1,3305.22
9710,8075,6250,2,8672.34,4336.17
9711,8517,9443,5,13213.15,2642.63
9712,2926,4486,4,15266.72,3816.68
9713,5971,7016,4,14268.76,3567.19
9714,2659,8544,5,831.5,166.3
9715,6985,6364,4,19660.0,4915.0
9716,593,4782,3,11762.94,3920.98
9717,6812,737,1,3207.81,3207.81
9718,3216,9598,5,8198.45,1639.69
9719,9110,5684,3,5064.66,1688.22
9720,2254,9238,3,7024.95,2341.65
9721,8131,4552,1,4366.21,4366.21
9722,7023,7337,1,4569.67,4569.67
9723,5366,8971,3,11255.61,3751.87
9724,7994,9493,4,18423.2,4605.8
9725,8869,5968,3,9589.2,3196.4
9726,6191,7643,1,4154.05,4154.05
9727,3772,5034,3,10072.38,3357.46
9728,9806,1878,1,2537.11,2537.11
9729,5036,4832,4,15126.04,3781.51
9730,5544,45,5,19724.4,3944.88
9731,1729,6223,4,2043.72,510.93
9732,3461,948,2,3852.58,1926.29
9733,6500,7479,3,12060.27,4020.09
9734,3516,9008,3,3883.83,1294.61
9735,528,3105,2,4725.72,2362.86
9736,1322,3050,1,3109.58,3109.58
9737,5118,2650,2,3636.98,1818.49
9738,6855,3381,4,19406.16,4851.54
9739,6017,6814,5,14034.45,2806.89
9740,7642,5214,1,4414.49,4414.49
9741,2760,1164,1,3046.0,3046.0
9742,7335,6820,5,5979.3,1195.86
9743,2418,4153,5,6063.8,1212.76
9744,73,902,5,24550.0,4910.0
9745,1170,2856,3,5947.23,1982.41
9746,3102,9096,2,4127.9,2063.95
9747,5150,1926,1,4939.58,4939.58
9748,8303,552,2,1247.18,623.59
9749,4272,6175,4,14991.72,3747.93
9750,2307,8188,3,1950.84,650.28
9751,9261,2563,1,3821.82,3821.82
9752,7764,3989,1,1940.44,1940.44
9753,1252,497,5,10054.55,2010.91
9754,1031,8236,4,10151.08,2537.77
9755,4212,5380,3,11926.92,3975.64
9756,3700,9224,3,199.2,66.4
9757,9644,6023,3,3596.46,1198.82
9758,5631,6092,4,14211.24,3552.81
9759,7951,3568,3,11816.19,3938.73
9760,4373,3199,1,4825.88,4825.88
9761,5658,9692,2,7208.76,3604.38
9762,3412,5191,3,5030.7,1676.9
9763,16,7337,4,11796.32,2949.08
9764,3676,4672,1,4608.66,4608.66
9765,7562,1057,3,11310.15,3770.05
9766,317,9445,2,1573.52,786.76
9767,5078,4015,4,12198.84,3049.71
9768,501,6356,5,15124.45,3024.89
9769,3956,2782,2,3400.1,1700.05
9770,5785,8407,2,891.98,445.99
9771,6550,9050,2,2614.42,1307.21
9772,6056,6109,4,2527.12,631.78
9773,4072,2265,5,11290.5,2258.1
9774,6660,8614,1,995.36,995.36
9775,2329,2238,3,13189.17,4396.39
9776,4645,3192,3,5311.74,1770.58
9777,6046,7195,2,3595.62,1797.81
9778,5499,1009,1,352.99,352.99
9779,9991,4136,2,4616.02,2308.01
9780,1640,8545,5,11328.65,2265.73
9781,7135,2493,3,12173.67,4057.89
9782,380,7777,4,1552.52,388.13
9783,9385,3170,1,1494.75,1494.75
9784,4661,4170,4,1470.64,367.66
9785,5470,2013,4,19871.36,4967.84
9786,4174,4114,3,5173.8,1724.6
9787,3374,6324,3,4780.86,1593.62
9788,1395,9305,3,9127.32,3042.44
9789,8935,2811,4,13005.88,3251.47
9790,2732,7744,2,7158.96,3579.48
9791,3540,7703,5,22450.3,4490.06
9792,6781,9332,4,13904.52,3476.13
9793,3100,6514,1,4431.79,4431.79
9794,9225,2139,4,3899.56,974.89
9795,1185,7285,2,6564.68,3282.34
9796,9199,8235,5,13369.6,2673.92
9797,2163,6627,5,15627.65,3125.53
9798,9189,4907,5,4600.8,920.16
9799,3751,2205,5,21337.1,4267.42
9800,1793,8530,3,7283.13,2427.71
9801,7034,3204,5,18642.1,3728.42
9802,4248,9732,3,13144.23,4381.41
9803,9069,1441,3,1243.14,414.38
9804,549,6805,2,3745.72,1872.86
9805,9074,5984,5,6523.8,1304.76
9806,3923,3688,4,2594.28,648.57
9807,9126,1194,3,13597.8,4532.6
9808,1860,9936,2,5360.88,2680.44
9809,1095,4529,2,3486.38,1743.19
9810,7523,8541,1,1733.29,1733.29
9811,2875,4250,5,9881.4,1976.28
9812,2483,2240,2,7148.52,3574.26
9813,4485,467,1,1726.08,1726.08
9814,2275,9831,3,9264.18,3088.06
9815,4497,3210,2,6326.78,3163.39
9816,2941,6258,1,1241.08,1241.08
9817,3411,8119,4,2975.44,743.86
9818,6196,456,3,5402.34,1800.78
9819,442,7803,4,777.96,194.49
9820,3352,9577,3,8676.84,2892.28
9821,9723,6535,1,2385.05,2385.05
9822,5160,6298,1,3445.22,3445.22
9823,827,3838,5,7207.5,1441.5
9824,5935,5405,5,20157.45,4031.49
9825,6705,219,4,16858.44,4214.61
9826,5351,606,1,460.68,460.68
9827,4941,6031,1,1629.14,1629.14
9828,4610,9151,5,10011.55,2002.31
9829,3230,4395,5,18951.3,3790.26
9830,8142,4102,2,8323.88,4161.94
9831,5180,6812,2,5238.2,2619.1
9832,1281,5552,3,11222.01,3740.67
9833,6036,7321,4,13631.32,3407.83
9834,5854,2150,2,3835.18,1917.59
9835,2072,9573,4,4035.76,1008.94
9836,5036,9904,5,4105.4,821.08
9837,1488,9435,5,19017.1,3803.42
9838,5405,5844,1,3472.4,3472.4
9839,9091,2288,5,8026.45,1605.29
9840,1403,5140,2,7135.54,3567.77
9841,4413,8709,5,7826.0,1565.2
9842,7284,8262,4,17929.84,4482.46
9843,4469,7790,1,3697.0,3697.0
9844,7660,7895,2,7719.14,3859.57
9845,10,7778,3,12892.05,4297.35
9846,8904,3960,1,4531.75,4531.75
9847,9129,1901,5,1777.45,355.49
9848,6845,2026,4,9410.28,2352.57
9849,6966,535,4,16072.2,4018.05
9850,2635,6087,2,3892.94,1946.47
9851,9215,9606,4,3916.04,979.01
9852,7147,5753,2,636.72,318.36
9853,1788,191,3,11684.07,3894.69
9854,7512,460,4,13978.16,3494.54
9855,9988,9665,1,1697.0,1697.0
9856,5323,2145,1,2909.23,2909.23
9857,8798,4588,4,868.4,217.1
9858,6895,6894,5,20831.8,4166.36
9859,4972,6679,3,13254.12,4418.04
9860,7763,8119,5,3940.2,788.04
9861,6347,2780,1,2993.86,2993.86
9862,6847,2122,2,4961.18,2480.59
9863,9185,42,5,4984.85,996.97
9864,4058,8173,4,8451.52,2112.88
9865,7402,7880,4,719.24,179.81
9866,1837,9512,1,324.11,324.11
9867,1829,986,4,6206.76,1551.69
9868,8271,6150,1,3956.02,3956.02
9869,6761,5032,2,9977.78,4988.89
9870,6734,3957,3,13616.22,4538.74
9871,4622,9460,3,7437.54,2479.18
9872,4825,9313,4,4338.76,1084.69
9873,2625,5753,5,16924.15,3384.83
9874,3538,8277,2,3628.96,1814.48
9875,6324,7144,3,7335.63,2445.21
9876,8984,1708,4,1907.68,476.92
9877,6818,1583,4,9481.84,2370.46
9878,1900,119,3,13079.52,4359.84
9879,9714,5090,5,14570.5,2914.1
9880,9137,6428,4,12940.12,3235.03
9881,8016,19,2,2836.82,1418.41
9882,2367,5873,2,9420.02,4710.01
9883,106,3670,3,155.94,51.98
9884,7688,3650,1,840.74,840.74
9885,849,3623,4,370.0,92.5
9886,6968,9460,4,14376.76,3594.19
9887,4528,9042,3,6122.28,2040.76
9888,8961,3660,3,8991.48,2997.16
9889,9082,1589,3,2290.11,763.37
9890,4896,283,2,7060.46,3530.23
9891,5200,478,3,1328.52,442.84
9892,8295,9083,4,2040.0,510.0
9893,7671,382,4,9613.28,2403.32
9894,9249,8115,2,6603.96,3301.98
9895,1218,4044,1,1833.45,1833.45
9896,6930,9832,5,3650.55,730.11
9897,7151,2381,1,1600.46,1600.46
9898,9676,9411,2,2687.1,1343.55
9899,9458,6451,1,3608.93,3608.93
9900,5134,6526,1,4432.37,4432.37
9901,6824,2680,3,13797.99,4599.33
9902,7558,7103,5,7509.95,1501.99
9903,6995,3098,2,9567.64,4783.82
9904,5539,792,3,5749.17,1916.39
9905,6824,7176,4,8712.56,2178.14
9906,7097,303,2,9870.56,4935.28
9907,6074,1674,3,2429.61,809.87
9908,661,1539,3,33.09,11.03
9909,2841,9027,1,1512.03,1512.03
9910,8668,3402,3,1496.4,498.8
9911,9324,580,3,8895.15,2965.05
9912,2107,2628,1,4459.29,4459.29
9913,134,4534,3,7837.47,2612.49
9914,5588,5652,4,4639.36,1159.84
9915,8711,9475,1,4397.79,4397.79
9916,4584,9463,2,8079.9,4039.95
9917,9318,3470,2,3302.06,1651.03
9918,1605,864,2,8732.84,4366.42
9919,3476,9534,4,5663.08,1415.77
9920,1660,3448,2,7185.14,3592.57
9921,1347,5801,4,18062.56,4515.64
9922,787,5960,3,10709.73,3569.91
9923,1579,7942,1,4620.95,4620.95
9924,731,554,1,2704.85,2704.85
9925,6324,1314,2,9548.42,4774.21
9926,9952,1755,1,2779.02,2779.02
9927,3278,776,4,19360.96,4840.24
9928,9021,7238,4,525.32,131.33
9929,424,429,1,2724.46,2724.46
9930,1668,8572,4,2810.04,702.51
9931,9715,5319,3,9562.71,3187.57
9932,9609,2482,3,1102.38,367.46
9933,6874,2265,1,2542.99,2542.99
9934,287,909,3,10942.56,3647.52
9935,1211,5448,1,3256.51,3256.51
9936,2800,546,2,3252.12,1626.06
9937,6382,5721,5,21062.6,4212.52
9938,3553,7974,3,9016.35,3005.45
9939,7937,6964,4,7721.6,1930.4
9940,2153,9665,4,1226.2,306.55
9941,3106,1485,5,502.2,100.44
9942,5013,9102,5,23584.3,4716.86
9943,5132,1921,5,9386.25,1877.25
9944,2515,683,3,9972.63,3324.21
9945,3564,7404,3,7076.25,2358.75
9946,2780,5692,3,80.01,26.67
9947,199,797,3,11053.38,3684.46
9948,3768,5215,2,1056.84,528.42
9949,8106,6896,2,4981.44,2490.72
9950,3656,1957,3,1373.67,457.89
9951,6957,8184,4,6302.72,1575.68
9952,5655,1219,5,19268.85,3853.77
9953,4977,3941,5,21026.5,4205.3
9954,8941,5723,2,8841.12,4420.56
9955,37,8203,2,2612.84,1306.42
9956,4060,6931,3,14888.76,4962.92
9957,9985,1074,5,5330.3,1066.06
9958,8541,9248,2,2925.3,1462.65
9959,8363,1760,3,12703.56,4234.52
9960,8751,472,3,60.87,20.29
9961,7429,7544,2,6900.5,3450.25
9962,7564,6082,4,9333.72,2333.43
9963,7604,4307,4,10018.96,2504.74
9964,1930,3637,5,23397.05,4679.41
9965,6222,8513,1,1848.74,1848.74
9966,9111,5916,2,9244.44,4622.22
9967,6951,4916,1,1952.25,1952.25
9968,1849,5383,5,2573.4,514.68
9969,3737,8934,4,15153.24,3788.31
9970,8918,1878,5,5689.85,1137.97
9971,7907,5636,1,1116.05,1116.05
9972,5484,3654,3,7183.89,2394.63
9973,2927,192,1,2323.84,2323.84
9974,1822,4571,4,19578.68,4894.67
9975,9125,894,2,9382.76,4691.38
9976,3846,1426,2,1907.56,953.78
9977,1616,91,5,14443.65,2888.73
9978,865,9094,2,5349.54,2674.77
9979,7691,8149,3,1431.87,477.29
9980,9345,751,5,6721.6,1344.32
9981,9775,1216,3,12146.85,4048.95
9982,5594,103,1,738.27,738.27
9983,7070,9144,1,3853.43,3853.43
9984,2873,3586,3,8860.56,2953.52
9985,4559,4191,4,8204.56,2051.14
9986,3738,752,2,504.5,252.25
9987,1888,6740,5,10721.85,2144.37
9988,9006,8997,1,1166.31,1166.31
9989,6448,7506,1,1974.98,1974.98
9990,9585,7856,2,4415.2,2207.6
9991,5229,6601,3,1076.34,358.78
9992,8557,9751,3,1421.73,473.91
9993,1241,9506,4,11266.4,2816.6
9994,8750,4102,3,14744.64,4914.88
9995,9944,6072,1,85.86,85.86
9996,5560,8352,1,383.16,383.16
9997,2181,7530,2,5744.76,2872.38
9998,5358,6167,2,631.84,315.92
9999,2004,9654,3,13991.52,4663.84
10000,6170,171,2,3886.82,1943.41
